id_pago,id_orden,metodo_pago,subtotal,propina_voluntaria,total_pagado
1,1,efectivo,107746,10774,118520
2,2,tarjeta_debito,114584,11458,126042
3,3,nequi,133206,0,133206
4,4,efectivo,32691,0,32691
5,5,tarjeta_credito,134199,0,134199
7,7,daviplata,136529,0,136529
8,8,efectivo,89514,0,89514
9,9,nequi,58028,0,58028
10,10,daviplata,102458,10245,112703
16,16,nequi,23668,0,23668
17,17,efectivo,26128,2612,28740
18,18,efectivo,75487,7548,83035
20,20,efectivo,119594,0,119594
21,21,efectivo,46459,4645,51104
22,22,daviplata,144333,0,144333
23,23,tarjeta_debito,56020,5602,61622
24,24,tarjeta_credito,20439,2043,22482
25,25,tarjeta_debito,91598,9159,100757
28,28,tarjeta_credito,103654,0,103654
31,31,efectivo,27179,2717,29896
32,32,efectivo,15491,1549,17040
42,42,tarjeta_credito,106149,10614,116763
43,43,daviplata,36633,3663,40296
45,45,efectivo,148441,14844,163285
46,46,daviplata,56643,5664,62307
49,49,tarjeta_credito,81689,0,81689
50,50,tarjeta_credito,83288,0,83288
51,51,tarjeta_debito,108994,10899,119893
52,52,daviplata,104216,0,104216
54,54,efectivo,17749,0,17749
56,56,efectivo,68400,0,68400
57,57,nequi,71735,7173,78908
60,60,efectivo,120771,12077,132848
61,61,tarjeta_credito,123594,12359,135953
62,62,nequi,125457,12545,138002
65,65,daviplata,30840,3084,33924
67,67,daviplata,68009,0,68009
68,68,tarjeta_credito,90682,0,90682
69,69,tarjeta_credito,31161,3116,34277
72,72,tarjeta_credito,127644,0,127644
74,74,efectivo,65086,0,65086
75,75,nequi,123800,0,123800
76,76,tarjeta_debito,49080,0,49080
79,79,tarjeta_credito,64031,0,64031
82,82,efectivo,15336,1533,16869
83,83,efectivo,82285,0,82285
84,84,tarjeta_debito,22146,2214,24360
85,85,nequi,17089,0,17089
86,86,tarjeta_debito,149241,14924,164165
87,87,daviplata,66390,0,66390
88,88,daviplata,111636,11163,122799
89,89,daviplata,23183,0,23183
90,90,nequi,97119,9711,106830
91,91,nequi,68479,6847,75326
92,92,efectivo,53901,0,53901
93,93,nequi,111456,11145,122601
95,95,tarjeta_debito,53478,5347,58825
96,96,tarjeta_debito,115237,0,115237
97,97,nequi,53090,0,53090
98,98,tarjeta_credito,116101,11610,127711
99,99,tarjeta_credito,45165,4516,49681
100,100,nequi,102126,0,102126
102,102,tarjeta_debito,38861,3886,42747
103,103,nequi,28003,0,28003
104,104,tarjeta_credito,50904,0,50904
106,106,efectivo,65067,6506,71573
111,111,daviplata,92049,9204,101253
112,112,daviplata,67196,6719,73915
114,114,efectivo,129062,12906,141968
115,115,nequi,108153,0,108153
116,116,nequi,67289,0,67289
117,117,efectivo,37870,0,37870
119,119,nequi,112731,11273,124004
120,120,nequi,112682,11268,123950
121,121,nequi,118407,11840,130247
122,122,efectivo,113877,11387,125264
123,123,daviplata,137597,0,137597
124,124,daviplata,60733,6073,66806
125,125,daviplata,122995,12299,135294
126,126,efectivo,145173,0,145173
127,127,tarjeta_credito,78851,7885,86736
128,128,nequi,24063,0,24063
129,129,efectivo,96153,9615,105768
135,135,daviplata,58481,5848,64329
137,137,nequi,109185,10918,120103
139,139,nequi,111457,0,111457
140,140,daviplata,142336,0,142336
141,141,tarjeta_debito,81426,8142,89568
142,142,daviplata,62155,0,62155
144,144,nequi,24487,2448,26935
145,145,daviplata,134194,13419,147613
147,147,nequi,119990,11999,131989
148,148,nequi,17128,1712,18840
149,149,tarjeta_debito,68998,0,68998
152,152,daviplata,73456,0,73456
153,153,tarjeta_debito,53845,5384,59229
156,156,efectivo,59392,5939,65331
160,160,tarjeta_debito,32996,3299,36295
162,162,nequi,143651,0,143651
166,166,tarjeta_debito,52867,5286,58153
168,168,nequi,25480,2548,28028
171,171,nequi,126669,0,126669
175,175,tarjeta_debito,63185,6318,69503
176,176,tarjeta_debito,66382,0,66382
178,178,nequi,112802,11280,124082
179,179,efectivo,35522,3552,39074
180,180,tarjeta_credito,45918,0,45918
181,181,efectivo,127938,12793,140731
184,184,tarjeta_debito,40736,4073,44809
185,185,daviplata,46074,4607,50681
187,187,nequi,47097,4709,51806
188,188,daviplata,112956,11295,124251
189,189,nequi,41362,0,41362
190,190,nequi,77925,7792,85717
192,192,tarjeta_debito,114645,11464,126109
193,193,tarjeta_credito,108839,0,108839
195,195,tarjeta_credito,130459,0,130459
196,196,nequi,48808,4880,53688
197,197,tarjeta_debito,44885,0,44885
198,198,daviplata,145521,14552,160073
199,199,nequi,139227,13922,153149
203,203,tarjeta_debito,61389,6138,67527
207,207,efectivo,143366,0,143366
208,208,nequi,115286,0,115286
209,209,tarjeta_debito,73389,7338,80727
210,210,tarjeta_debito,123076,12307,135383
214,214,tarjeta_credito,140588,0,140588
216,216,nequi,102753,10275,113028
221,221,tarjeta_credito,60262,6026,66288
222,222,daviplata,37177,3717,40894
224,224,daviplata,93862,0,93862
226,226,daviplata,32673,3267,35940
228,228,tarjeta_debito,80721,0,80721
229,229,daviplata,30023,3002,33025
231,231,efectivo,116682,0,116682
232,232,tarjeta_debito,100777,0,100777
233,233,tarjeta_debito,28421,2842,31263
234,234,daviplata,97962,9796,107758
235,235,tarjeta_debito,86447,0,86447
236,236,tarjeta_debito,102364,0,102364
237,237,tarjeta_credito,118220,0,118220
238,238,tarjeta_credito,29409,2940,32349
239,239,nequi,115302,0,115302
242,242,efectivo,128811,12881,141692
244,244,tarjeta_credito,102063,10206,112269
245,245,tarjeta_debito,33435,0,33435
247,247,tarjeta_debito,132560,13256,145816
248,248,nequi,65816,0,65816
249,249,tarjeta_credito,133673,13367,147040
250,250,tarjeta_debito,138021,13802,151823
251,251,tarjeta_credito,66151,0,66151
252,252,tarjeta_debito,38265,0,38265
253,253,nequi,131965,13196,145161
254,254,efectivo,36314,3631,39945
255,255,daviplata,78619,0,78619
257,257,tarjeta_debito,61557,0,61557
258,258,nequi,33052,3305,36357
259,259,nequi,148008,14800,162808
260,260,efectivo,120460,0,120460
261,261,daviplata,103614,10361,113975
265,265,tarjeta_debito,103573,10357,113930
266,266,daviplata,145096,14509,159605
268,268,tarjeta_credito,63481,6348,69829
269,269,tarjeta_credito,48058,0,48058
270,270,tarjeta_debito,113937,0,113937
271,271,tarjeta_debito,33333,3333,36666
272,272,efectivo,104191,10419,114610
273,273,nequi,31660,0,31660
274,274,tarjeta_credito,144471,14447,158918
275,275,tarjeta_debito,52393,0,52393
276,276,daviplata,50006,0,50006
278,278,tarjeta_debito,24970,2497,27467
279,279,daviplata,58734,0,58734
280,280,tarjeta_debito,141420,14142,155562
282,282,tarjeta_debito,20026,0,20026
283,283,tarjeta_credito,15317,1531,16848
284,284,tarjeta_debito,60015,0,60015
286,286,daviplata,66895,6689,73584
291,291,tarjeta_credito,31469,3146,34615
294,294,tarjeta_credito,116621,11662,128283
296,296,nequi,30507,3050,33557
297,297,tarjeta_credito,47784,4778,52562
299,299,tarjeta_credito,132851,13285,146136
300,300,daviplata,35820,3582,39402
301,301,tarjeta_debito,97502,0,97502
302,302,tarjeta_debito,140931,14093,155024
303,303,nequi,137060,13706,150766
306,306,nequi,120938,12093,133031
309,309,daviplata,37199,3719,40918
310,310,tarjeta_credito,67500,6750,74250
311,311,tarjeta_debito,51446,5144,56590
313,313,nequi,90341,0,90341
314,314,tarjeta_debito,28414,2841,31255
315,315,tarjeta_debito,131147,13114,144261
318,318,tarjeta_debito,49085,0,49085
319,319,daviplata,59645,5964,65609
320,320,daviplata,82792,0,82792
324,324,tarjeta_debito,49291,4929,54220
325,325,daviplata,46713,0,46713
326,326,nequi,118589,11858,130447
328,328,tarjeta_debito,135961,13596,149557
331,331,efectivo,73553,7355,80908
332,332,tarjeta_debito,40091,0,40091
333,333,nequi,25973,2597,28570
334,334,efectivo,130797,13079,143876
336,336,tarjeta_debito,43105,4310,47415
337,337,tarjeta_debito,44742,0,44742
339,339,nequi,82299,8229,90528
340,340,nequi,108953,10895,119848
341,341,daviplata,39970,0,39970
344,344,efectivo,54839,0,54839
345,345,daviplata,110447,11044,121491
346,346,tarjeta_credito,148133,0,148133
351,351,tarjeta_debito,99403,0,99403
352,352,tarjeta_credito,71399,7139,78538
353,353,nequi,139766,13976,153742
354,354,daviplata,86899,8689,95588
355,355,daviplata,105496,10549,116045
356,356,daviplata,87277,8727,96004
358,358,nequi,48712,0,48712
360,360,tarjeta_credito,131233,13123,144356
363,363,daviplata,16407,0,16407
364,364,daviplata,26774,2677,29451
368,368,efectivo,29176,0,29176
369,369,efectivo,47877,4787,52664
370,370,efectivo,73346,7334,80680
371,371,efectivo,35437,0,35437
373,373,efectivo,68700,6870,75570
374,374,efectivo,82556,0,82556
375,375,tarjeta_credito,128569,12856,141425
376,376,nequi,24651,2465,27116
377,377,nequi,90066,9006,99072
378,378,tarjeta_credito,70705,7070,77775
379,379,nequi,137243,0,137243
380,380,nequi,88143,8814,96957
381,381,tarjeta_credito,129274,0,129274
383,383,nequi,140011,14001,154012
384,384,tarjeta_credito,25598,2559,28157
385,385,nequi,39840,0,39840
387,387,tarjeta_debito,127569,12756,140325
388,388,daviplata,55996,5599,61595
389,389,daviplata,143606,0,143606
390,390,efectivo,22387,0,22387
396,396,daviplata,98195,0,98195
397,397,tarjeta_debito,24002,0,24002
399,399,nequi,139615,13961,153576
402,402,daviplata,52446,0,52446
403,403,nequi,126988,12698,139686
405,405,efectivo,58815,5881,64696
406,406,tarjeta_debito,55193,5519,60712
407,407,tarjeta_credito,67019,6701,73720
408,408,daviplata,16274,1627,17901
409,409,nequi,103952,0,103952
411,411,tarjeta_debito,82924,8292,91216
412,412,daviplata,57318,0,57318
413,413,tarjeta_debito,24871,2487,27358
414,414,efectivo,64729,0,64729
415,415,efectivo,132497,0,132497
416,416,tarjeta_debito,44615,0,44615
417,417,efectivo,37963,0,37963
419,419,efectivo,20880,0,20880
420,420,tarjeta_credito,43238,0,43238
421,421,tarjeta_debito,42008,0,42008
422,422,efectivo,95941,0,95941
424,424,tarjeta_credito,115443,11544,126987
425,425,tarjeta_debito,23849,2384,26233
427,427,tarjeta_debito,109557,10955,120512
428,428,tarjeta_debito,78135,7813,85948
430,430,efectivo,43473,4347,47820
432,432,tarjeta_debito,49790,4979,54769
433,433,tarjeta_credito,102233,0,102233
434,434,daviplata,48411,4841,53252
435,435,tarjeta_debito,101301,10130,111431
437,437,tarjeta_debito,72626,7262,79888
442,442,daviplata,56269,5626,61895
443,443,efectivo,138127,13812,151939
444,444,efectivo,140828,0,140828
446,446,efectivo,145710,14571,160281
447,447,efectivo,76778,7677,84455
448,448,efectivo,19471,1947,21418
449,449,tarjeta_credito,129402,0,129402
450,450,tarjeta_credito,69641,0,69641
451,451,tarjeta_credito,66273,0,66273
452,452,tarjeta_debito,98069,0,98069
453,453,efectivo,69909,6990,76899
454,454,tarjeta_credito,59135,0,59135
455,455,tarjeta_credito,19337,0,19337
457,457,daviplata,144984,0,144984
460,460,nequi,94257,9425,103682
461,461,tarjeta_debito,134438,0,134438
462,462,nequi,54104,0,54104
463,463,nequi,101006,0,101006
465,465,efectivo,63837,0,63837
466,466,efectivo,114343,11434,125777
467,467,tarjeta_debito,132233,0,132233
469,469,nequi,34762,3476,38238
470,470,efectivo,41260,4126,45386
471,471,nequi,138024,13802,151826
472,472,efectivo,49851,4985,54836
473,473,tarjeta_credito,39110,0,39110
475,475,nequi,76094,0,76094
476,476,nequi,58381,5838,64219
477,477,nequi,107276,10727,118003
484,484,efectivo,136555,0,136555
486,486,tarjeta_debito,131767,13176,144943
487,487,daviplata,16465,0,16465
488,488,tarjeta_credito,140870,0,140870
489,489,tarjeta_debito,100676,0,100676
494,494,tarjeta_credito,128986,0,128986
495,495,tarjeta_credito,96007,9600,105607
496,496,efectivo,141053,14105,155158
497,497,daviplata,59447,5944,65391
501,501,tarjeta_debito,61137,6113,67250
502,502,tarjeta_debito,80404,0,80404
505,505,tarjeta_debito,84587,0,84587
507,507,nequi,60958,6095,67053
508,508,daviplata,113112,11311,124423
509,509,tarjeta_debito,138028,13802,151830
511,511,efectivo,66811,6681,73492
513,513,nequi,82971,8297,91268
514,514,efectivo,136016,13601,149617
520,520,tarjeta_credito,21361,0,21361
521,521,nequi,148954,14895,163849
522,522,tarjeta_debito,31353,3135,34488
523,523,tarjeta_credito,29624,2962,32586
525,525,efectivo,122450,12245,134695
526,526,tarjeta_debito,77606,0,77606
530,530,tarjeta_debito,59002,0,59002
533,533,daviplata,43772,4377,48149
534,534,tarjeta_credito,117189,0,117189
535,535,nequi,109097,10909,120006
536,536,tarjeta_credito,40518,4051,44569
539,539,daviplata,135441,13544,148985
540,540,tarjeta_credito,60881,0,60881
542,542,daviplata,106562,10656,117218
543,543,nequi,18077,0,18077
544,544,tarjeta_credito,96460,9646,106106
545,545,efectivo,52790,0,52790
546,546,tarjeta_credito,76713,7671,84384
547,547,daviplata,54169,5416,59585
549,549,daviplata,77352,7735,85087
551,551,tarjeta_credito,38700,3870,42570
552,552,efectivo,128094,12809,140903
553,553,nequi,17909,1790,19699
554,554,nequi,144722,14472,159194
557,557,tarjeta_debito,105349,0,105349
560,560,tarjeta_credito,46551,4655,51206
561,561,nequi,52118,5211,57329
562,562,tarjeta_debito,48800,0,48800
563,563,tarjeta_credito,98228,0,98228
566,566,efectivo,137469,13746,151215
567,567,daviplata,54886,5488,60374
569,569,tarjeta_debito,115536,11553,127089
570,570,nequi,113265,11326,124591
571,571,tarjeta_credito,82446,8244,90690
572,572,tarjeta_credito,31845,3184,35029
576,576,daviplata,123306,0,123306
577,577,nequi,70023,7002,77025
578,578,nequi,113180,0,113180
579,579,tarjeta_debito,87092,8709,95801
580,580,efectivo,129697,12969,142666
587,587,tarjeta_debito,135156,13515,148671
593,593,nequi,66310,6631,72941
595,595,tarjeta_credito,77756,0,77756
598,598,efectivo,81117,0,81117
599,599,daviplata,65834,6583,72417
600,600,daviplata,118360,0,118360
601,601,daviplata,96406,0,96406
603,603,tarjeta_debito,108573,0,108573
604,604,daviplata,114712,11471,126183
605,605,daviplata,129277,12927,142204
606,606,nequi,41278,0,41278
607,607,daviplata,140756,14075,154831
608,608,tarjeta_debito,69092,0,69092
609,609,nequi,18424,1842,20266
610,610,nequi,51582,0,51582
611,611,efectivo,39663,3966,43629
612,612,tarjeta_debito,92581,9258,101839
613,613,tarjeta_debito,38495,0,38495
614,614,nequi,50327,5032,55359
615,615,tarjeta_debito,115047,0,115047
616,616,tarjeta_credito,26169,0,26169
617,617,nequi,16552,1655,18207
618,618,daviplata,101355,10135,111490
623,623,tarjeta_debito,79176,0,79176
624,624,nequi,85788,8578,94366
627,627,efectivo,115941,0,115941
629,629,nequi,145177,0,145177
630,630,tarjeta_credito,104559,0,104559
631,631,nequi,46816,4681,51497
632,632,tarjeta_debito,102275,0,102275
633,633,nequi,133411,13341,146752
634,634,daviplata,33490,0,33490
635,635,tarjeta_debito,49325,4932,54257
636,636,tarjeta_debito,18738,1873,20611
640,640,tarjeta_debito,66074,6607,72681
641,641,daviplata,47443,4744,52187
642,642,daviplata,59343,0,59343
643,643,nequi,145575,14557,160132
644,644,nequi,141214,14121,155335
645,645,daviplata,56221,0,56221
646,646,efectivo,91697,9169,100866
647,647,daviplata,89860,0,89860
655,655,tarjeta_credito,31013,3101,34114
656,656,daviplata,46254,0,46254
658,658,tarjeta_debito,25255,2525,27780
659,659,daviplata,131115,13111,144226
660,660,tarjeta_debito,101509,10150,111659
661,661,efectivo,131933,13193,145126
662,662,efectivo,97955,9795,107750
663,663,tarjeta_credito,17304,1730,19034
664,664,tarjeta_credito,62178,0,62178
665,665,efectivo,127083,12708,139791
667,667,efectivo,29951,2995,32946
670,670,tarjeta_credito,37526,0,37526
671,671,daviplata,96384,9638,106022
672,672,tarjeta_debito,99743,9974,109717
673,673,tarjeta_debito,89782,8978,98760
674,674,efectivo,137502,13750,151252
675,675,tarjeta_credito,110871,11087,121958
677,677,efectivo,32953,3295,36248
681,681,daviplata,108927,10892,119819
683,683,efectivo,43442,4344,47786
684,684,tarjeta_debito,134354,0,134354
685,685,tarjeta_debito,117527,11752,129279
686,686,tarjeta_credito,93702,9370,103072
687,687,efectivo,58014,0,58014
688,688,tarjeta_credito,59436,5943,65379
689,689,efectivo,62529,0,62529
697,697,tarjeta_debito,37698,3769,41467
698,698,daviplata,140074,14007,154081
701,701,nequi,43294,0,43294
704,704,nequi,98397,9839,108236
705,705,daviplata,83906,8390,92296
706,706,tarjeta_credito,33963,3396,37359
708,708,efectivo,90740,0,90740
711,711,tarjeta_credito,107893,10789,118682
713,713,daviplata,92894,9289,102183
715,715,daviplata,143546,0,143546
716,716,tarjeta_debito,138369,0,138369
718,718,nequi,103143,10314,113457
719,719,daviplata,84662,0,84662
722,722,nequi,110092,11009,121101
723,723,efectivo,148717,14871,163588
725,725,daviplata,78862,0,78862
726,726,efectivo,103350,10335,113685
730,730,tarjeta_credito,57783,5778,63561
731,731,tarjeta_debito,19328,1932,21260
733,733,nequi,72310,7231,79541
735,735,tarjeta_debito,121399,0,121399
736,736,tarjeta_credito,46710,0,46710
739,739,tarjeta_debito,128737,0,128737
740,740,nequi,35765,0,35765
742,742,tarjeta_debito,55797,5579,61376
743,743,efectivo,40333,0,40333
744,744,nequi,106566,10656,117222
745,745,tarjeta_debito,141909,14190,156099
746,746,tarjeta_credito,20969,2096,23065
751,751,efectivo,76664,0,76664
752,752,tarjeta_debito,67552,6755,74307
753,753,daviplata,76792,7679,84471
754,754,daviplata,41363,0,41363
755,755,nequi,85407,8540,93947
756,756,efectivo,48131,0,48131
758,758,nequi,85625,0,85625
760,760,tarjeta_debito,69729,0,69729
766,766,efectivo,67515,0,67515
767,767,daviplata,122646,12264,134910
769,769,tarjeta_credito,110060,11006,121066
770,770,nequi,41976,0,41976
771,771,efectivo,99271,9927,109198
772,772,nequi,115123,11512,126635
775,775,nequi,66345,6634,72979
777,777,efectivo,129989,0,129989
778,778,tarjeta_credito,88957,8895,97852
779,779,efectivo,54220,0,54220
781,781,daviplata,33629,0,33629
782,782,nequi,54907,5490,60397
783,783,efectivo,110675,11067,121742
784,784,tarjeta_debito,149528,0,149528
785,785,nequi,71445,7144,78589
788,788,tarjeta_credito,26069,2606,28675
789,789,nequi,55653,0,55653
791,791,efectivo,75183,7518,82701
792,792,efectivo,62934,6293,69227
795,795,daviplata,78823,0,78823
796,796,efectivo,68492,6849,75341
797,797,tarjeta_debito,58313,0,58313
800,800,nequi,22963,2296,25259
803,803,daviplata,83359,8335,91694
805,805,daviplata,89024,8902,97926
806,806,nequi,76338,0,76338
808,808,tarjeta_debito,97366,9736,107102
809,809,efectivo,123048,0,123048
810,810,efectivo,17190,0,17190
812,812,tarjeta_credito,103128,10312,113440
814,814,tarjeta_credito,97764,0,97764
815,815,efectivo,85987,8598,94585
816,816,tarjeta_debito,130017,0,130017
818,818,daviplata,20828,0,20828
819,819,tarjeta_credito,136347,0,136347
820,820,efectivo,39194,3919,43113
821,821,tarjeta_credito,58885,5888,64773
822,822,tarjeta_debito,138803,0,138803
823,823,tarjeta_debito,62729,6272,69001
824,824,nequi,92126,0,92126
825,825,tarjeta_debito,140482,0,140482
826,826,nequi,73067,7306,80373
827,827,efectivo,65132,6513,71645
828,828,daviplata,43659,4365,48024
829,829,nequi,69964,6996,76960
831,831,tarjeta_debito,66450,6645,73095
833,833,tarjeta_credito,55703,5570,61273
834,834,efectivo,70620,7062,77682
835,835,efectivo,87336,8733,96069
836,836,tarjeta_debito,136819,13681,150500
837,837,nequi,118639,11863,130502
840,840,tarjeta_debito,35524,0,35524
841,841,efectivo,129082,12908,141990
843,843,tarjeta_debito,90319,9031,99350
848,848,tarjeta_debito,77768,7776,85544
851,851,daviplata,110563,11056,121619
853,853,tarjeta_credito,102146,0,102146
854,854,tarjeta_debito,74459,0,74459
855,855,daviplata,119284,0,119284
858,858,tarjeta_credito,131621,13162,144783
860,860,daviplata,103208,0,103208
861,861,tarjeta_credito,117987,11798,129785
862,862,tarjeta_credito,59489,0,59489
863,863,nequi,125601,12560,138161
867,867,tarjeta_credito,68173,6817,74990
869,869,tarjeta_debito,137357,13735,151092
870,870,nequi,121086,12108,133194
871,871,tarjeta_debito,78977,0,78977
873,873,daviplata,41132,4113,45245
874,874,efectivo,42057,4205,46262
878,878,daviplata,88375,0,88375
881,881,efectivo,43803,0,43803
882,882,efectivo,132459,13245,145704
884,884,nequi,17747,1774,19521
885,885,daviplata,71581,7158,78739
886,886,tarjeta_debito,103841,10384,114225
889,889,daviplata,44796,4479,49275
892,892,tarjeta_debito,15152,1515,16667
893,893,nequi,36310,3631,39941
894,894,tarjeta_debito,54929,0,54929
895,895,nequi,144154,14415,158569
897,897,tarjeta_debito,58697,0,58697
898,898,efectivo,75360,0,75360
899,899,efectivo,50190,5019,55209
904,904,tarjeta_credito,34676,3467,38143
905,905,tarjeta_credito,40802,0,40802
910,910,tarjeta_credito,25107,2510,27617
911,911,tarjeta_debito,66064,6606,72670
912,912,tarjeta_debito,86594,8659,95253
913,913,tarjeta_debito,89357,0,89357
918,918,efectivo,62238,0,62238
922,922,efectivo,26330,2633,28963
923,923,nequi,99436,0,99436
924,924,nequi,146191,0,146191
927,927,efectivo,44647,4464,49111
928,928,daviplata,43453,0,43453
929,929,nequi,78831,7883,86714
933,933,nequi,149201,0,149201
934,934,efectivo,100155,10015,110170
939,939,daviplata,87497,8749,96246
942,942,tarjeta_credito,50737,5073,55810
943,943,daviplata,31883,3188,35071
945,945,tarjeta_debito,108454,0,108454
948,948,nequi,116239,0,116239
949,949,nequi,115014,0,115014
950,950,efectivo,57499,0,57499
951,951,tarjeta_debito,98573,0,98573
952,952,daviplata,108323,0,108323
953,953,daviplata,42926,4292,47218
954,954,daviplata,95873,9587,105460
955,955,tarjeta_debito,112807,11280,124087
957,957,nequi,42418,0,42418
960,960,daviplata,31399,3139,34538
961,961,efectivo,85506,0,85506
962,962,efectivo,17079,0,17079
965,965,tarjeta_debito,51053,0,51053
966,966,tarjeta_credito,54490,0,54490
967,967,tarjeta_debito,52176,5217,57393
968,968,nequi,137587,0,137587
970,970,tarjeta_credito,61197,6119,67316
972,972,tarjeta_debito,103214,10321,113535
973,973,tarjeta_debito,108179,0,108179
978,978,nequi,126793,12679,139472
981,981,efectivo,52904,0,52904
983,983,tarjeta_debito,34722,3472,38194
985,985,tarjeta_debito,33057,3305,36362
986,986,tarjeta_credito,87974,0,87974
988,988,nequi,132391,0,132391
990,990,nequi,112424,0,112424
992,992,tarjeta_debito,49897,0,49897
995,995,nequi,60833,6083,66916
996,996,tarjeta_debito,36203,0,36203
997,997,daviplata,72607,7260,79867
999,999,tarjeta_debito,36503,3650,40153
1000,1000,tarjeta_debito,61007,6100,67107
1001,1001,tarjeta_debito,136565,0,136565
1002,1002,efectivo,121809,12180,133989
1004,1004,tarjeta_debito,94832,9483,104315
1005,1005,daviplata,142731,14273,157004
1006,1006,nequi,89059,8905,97964
1009,1009,efectivo,41673,4167,45840
1011,1011,nequi,41060,4106,45166
1012,1012,efectivo,111338,11133,122471
1013,1013,tarjeta_credito,78815,0,78815
1014,1014,tarjeta_debito,96891,0,96891
1015,1015,tarjeta_credito,113885,0,113885
1016,1016,daviplata,18901,0,18901
1017,1017,efectivo,92634,9263,101897
1018,1018,nequi,74747,0,74747
1020,1020,daviplata,96636,9663,106299
1021,1021,nequi,20677,0,20677
1022,1022,nequi,18371,0,18371
1024,1024,daviplata,145409,0,145409
1025,1025,daviplata,69765,6976,76741
1026,1026,daviplata,57068,5706,62774
1027,1027,nequi,29696,2969,32665
1028,1028,nequi,93137,9313,102450
1029,1029,nequi,77061,0,77061
1030,1030,tarjeta_debito,95048,9504,104552
1032,1032,tarjeta_debito,112123,0,112123
1033,1033,tarjeta_credito,75894,0,75894
1039,1039,tarjeta_credito,44712,4471,49183
1040,1040,nequi,27048,2704,29752
1042,1042,daviplata,102137,10213,112350
1043,1043,efectivo,28340,0,28340
1044,1044,efectivo,52355,5235,57590
1045,1045,daviplata,36834,3683,40517
1046,1046,tarjeta_credito,133149,13314,146463
1047,1047,daviplata,63839,6383,70222
1048,1048,daviplata,73715,7371,81086
1051,1051,efectivo,100238,0,100238
1052,1052,efectivo,99729,9972,109701
1054,1054,daviplata,72396,7239,79635
1056,1056,tarjeta_debito,134686,0,134686
1057,1057,nequi,94998,9499,104497
1059,1059,tarjeta_debito,15610,1561,17171
1060,1060,efectivo,96018,9601,105619
1061,1061,efectivo,48625,4862,53487
1062,1062,tarjeta_credito,51525,0,51525
1065,1065,nequi,62318,6231,68549
1067,1067,nequi,31850,0,31850
1068,1068,tarjeta_debito,112223,11222,123445
1070,1070,daviplata,39973,3997,43970
1072,1072,daviplata,140822,0,140822
1073,1073,daviplata,21510,0,21510
1075,1075,tarjeta_credito,143684,0,143684
1076,1076,tarjeta_credito,92861,0,92861
1077,1077,daviplata,73225,7322,80547
1079,1079,daviplata,94479,0,94479
1080,1080,nequi,71001,7100,78101
1081,1081,nequi,41009,0,41009
1082,1082,nequi,53188,5318,58506
1084,1084,daviplata,70185,7018,77203
1090,1090,nequi,64535,0,64535
1091,1091,daviplata,121172,0,121172
1092,1092,tarjeta_debito,25674,0,25674
1093,1093,daviplata,99315,9931,109246
1094,1094,nequi,84079,8407,92486
1096,1096,efectivo,47858,4785,52643
1098,1098,tarjeta_debito,138975,0,138975
1100,1100,daviplata,115082,11508,126590
1102,1102,nequi,121500,12150,133650
1103,1103,tarjeta_credito,62133,6213,68346
1104,1104,tarjeta_debito,28691,0,28691
1113,1113,tarjeta_credito,118995,11899,130894
1115,1115,daviplata,81436,8143,89579
1117,1117,nequi,24995,2499,27494
1118,1118,tarjeta_debito,135507,13550,149057
1119,1119,efectivo,45927,0,45927
1120,1120,daviplata,101301,0,101301
1121,1121,tarjeta_debito,98869,0,98869
1122,1122,daviplata,123939,12393,136332
1123,1123,tarjeta_debito,36443,0,36443
1125,1125,tarjeta_debito,16913,1691,18604
1126,1126,tarjeta_debito,54343,0,54343
1128,1128,daviplata,99059,0,99059
1131,1131,daviplata,143400,14340,157740
1133,1133,daviplata,63815,6381,70196
1134,1134,daviplata,140044,14004,154048
1135,1135,tarjeta_credito,127796,12779,140575
1137,1137,tarjeta_debito,69305,6930,76235
1138,1138,daviplata,107546,0,107546
1139,1139,daviplata,30225,3022,33247
1140,1140,tarjeta_credito,135733,0,135733
1141,1141,tarjeta_debito,86607,8660,95267
1143,1143,tarjeta_debito,58169,5816,63985
1145,1145,efectivo,144754,0,144754
1147,1147,efectivo,40434,0,40434
1148,1148,tarjeta_credito,101687,10168,111855
1149,1149,daviplata,123294,12329,135623
1151,1151,efectivo,22946,0,22946
1153,1153,tarjeta_credito,70396,0,70396
1154,1154,tarjeta_debito,103981,0,103981
1155,1155,daviplata,74955,7495,82450
1156,1156,efectivo,88862,8886,97748
1159,1159,efectivo,44894,4489,49383
1162,1162,daviplata,123339,0,123339
1163,1163,tarjeta_debito,24187,0,24187
1164,1164,nequi,88619,0,88619
1165,1165,efectivo,58420,5842,64262
1166,1166,tarjeta_credito,140047,0,140047
1167,1167,tarjeta_credito,83984,0,83984
1168,1168,daviplata,142671,0,142671
1172,1172,nequi,66860,0,66860
1173,1173,efectivo,79579,7957,87536
1175,1175,nequi,62181,6218,68399
1177,1177,tarjeta_debito,21580,2158,23738
1178,1178,tarjeta_debito,38357,3835,42192
1180,1180,daviplata,16655,0,16655
1181,1181,tarjeta_debito,85567,0,85567
1184,1184,tarjeta_debito,45825,4582,50407
1186,1186,tarjeta_credito,89365,8936,98301
1187,1187,nequi,106772,0,106772
1188,1188,tarjeta_debito,143519,0,143519
1192,1192,efectivo,47566,4756,52322
1193,1193,tarjeta_debito,16744,0,16744
1194,1194,efectivo,99989,9998,109987
1195,1195,efectivo,113226,11322,124548
1196,1196,tarjeta_credito,122636,0,122636
1198,1198,nequi,95637,9563,105200
1199,1199,tarjeta_debito,34927,3492,38419
1202,1202,tarjeta_credito,95648,0,95648
1203,1203,nequi,121231,12123,133354
1205,1205,tarjeta_debito,84624,8462,93086
1206,1206,nequi,78213,0,78213
1207,1207,tarjeta_debito,148027,0,148027
1208,1208,tarjeta_debito,18822,1882,20704
1210,1210,daviplata,55048,5504,60552
1211,1211,nequi,26803,2680,29483
1212,1212,daviplata,47286,4728,52014
1214,1214,tarjeta_debito,71940,7194,79134
1215,1215,efectivo,96765,9676,106441
1218,1218,nequi,145923,0,145923
1219,1219,nequi,145510,14551,160061
1220,1220,efectivo,65220,0,65220
1222,1222,daviplata,34747,0,34747
1223,1223,tarjeta_credito,15849,1584,17433
1224,1224,daviplata,46079,4607,50686
1226,1226,tarjeta_debito,133603,0,133603
1227,1227,tarjeta_debito,71761,0,71761
1228,1228,nequi,26118,0,26118
1229,1229,tarjeta_credito,89284,8928,98212
1231,1231,tarjeta_credito,83868,0,83868
1233,1233,daviplata,104971,10497,115468
1238,1238,tarjeta_debito,95747,9574,105321
1240,1240,nequi,71031,0,71031
1241,1241,tarjeta_credito,63961,0,63961
1244,1244,tarjeta_debito,67102,6710,73812
1246,1246,daviplata,107841,0,107841
1247,1247,nequi,70015,7001,77016
1253,1253,daviplata,102101,10210,112311
1254,1254,nequi,72368,7236,79604
1255,1255,efectivo,98443,0,98443
1256,1256,tarjeta_credito,58587,0,58587
1257,1257,efectivo,123179,0,123179
1258,1258,daviplata,27663,2766,30429
1259,1259,tarjeta_debito,16645,0,16645
1260,1260,nequi,141393,14139,155532
1261,1261,tarjeta_credito,102162,10216,112378
1262,1262,efectivo,26963,2696,29659
1264,1264,nequi,50366,5036,55402
1265,1265,nequi,85401,0,85401
1267,1267,daviplata,48970,0,48970
1271,1271,tarjeta_debito,119357,11935,131292
1272,1272,efectivo,102489,10248,112737
1274,1274,nequi,30970,3097,34067
1280,1280,daviplata,137768,0,137768
1282,1282,efectivo,57074,5707,62781
1283,1283,daviplata,124053,12405,136458
1286,1286,tarjeta_debito,95359,9535,104894
1287,1287,efectivo,48294,4829,53123
1291,1291,daviplata,21328,2132,23460
1292,1292,nequi,115271,11527,126798
1293,1293,efectivo,64423,0,64423
1294,1294,nequi,112623,11262,123885
1295,1295,daviplata,123714,0,123714
1297,1297,tarjeta_credito,113324,11332,124656
1298,1298,tarjeta_debito,35726,3572,39298
1299,1299,tarjeta_debito,115597,11559,127156
1301,1301,nequi,131026,13102,144128
1303,1303,efectivo,112114,0,112114
1305,1305,daviplata,124205,0,124205
1306,1306,nequi,114897,0,114897
1308,1308,tarjeta_credito,90411,0,90411
1310,1310,nequi,117377,11737,129114
1312,1312,nequi,58519,5851,64370
1313,1313,tarjeta_debito,126358,0,126358
1322,1322,daviplata,76922,0,76922
1323,1323,efectivo,102664,10266,112930
1324,1324,nequi,135796,0,135796
1325,1325,tarjeta_debito,123021,0,123021
1327,1327,tarjeta_credito,131423,13142,144565
1329,1329,tarjeta_debito,53770,0,53770
1330,1330,tarjeta_debito,137782,13778,151560
1332,1332,daviplata,56342,0,56342
1333,1333,efectivo,83883,8388,92271
1334,1334,daviplata,77678,0,77678
1335,1335,nequi,148488,0,148488
1336,1336,nequi,104096,10409,114505
1337,1337,tarjeta_credito,122994,0,122994
1338,1338,tarjeta_credito,49557,4955,54512
1339,1339,nequi,79293,7929,87222
1340,1340,nequi,21885,0,21885
1341,1341,tarjeta_debito,127144,12714,139858
1343,1343,tarjeta_credito,93673,9367,103040
1344,1344,tarjeta_credito,112955,0,112955
1347,1347,daviplata,27572,2757,30329
1348,1348,tarjeta_credito,116487,11648,128135
1349,1349,tarjeta_credito,124611,12461,137072
1352,1352,nequi,143880,0,143880
1355,1355,daviplata,44282,0,44282
1356,1356,tarjeta_debito,90910,0,90910
1357,1357,nequi,109815,10981,120796
1360,1360,daviplata,41063,4106,45169
1361,1361,tarjeta_debito,45194,4519,49713
1362,1362,tarjeta_credito,115841,0,115841
1364,1364,tarjeta_debito,83504,0,83504
1365,1365,tarjeta_credito,103047,10304,113351
1366,1366,tarjeta_debito,120516,12051,132567
1367,1367,daviplata,114137,11413,125550
1368,1368,nequi,78354,0,78354
1369,1369,nequi,129726,12972,142698
1370,1370,tarjeta_debito,116826,11682,128508
1371,1371,daviplata,110134,0,110134
1372,1372,daviplata,23355,0,23355
1374,1374,efectivo,137425,13742,151167
1375,1375,nequi,46060,0,46060
1376,1376,daviplata,52877,5287,58164
1378,1378,tarjeta_credito,70439,7043,77482
1381,1381,nequi,108447,0,108447
1383,1383,daviplata,147542,0,147542
1384,1384,tarjeta_debito,58220,0,58220
1385,1385,tarjeta_credito,126934,0,126934
1386,1386,tarjeta_credito,110797,0,110797
1387,1387,efectivo,86790,8679,95469
1390,1390,tarjeta_debito,58496,0,58496
1392,1392,nequi,30417,3041,33458
1393,1393,tarjeta_credito,66719,6671,73390
1394,1394,daviplata,22937,2293,25230
1395,1395,nequi,21413,2141,23554
1397,1397,daviplata,55127,5512,60639
1399,1399,tarjeta_debito,47677,0,47677
1401,1401,efectivo,80513,8051,88564
1402,1402,efectivo,49197,0,49197
1405,1405,nequi,102619,10261,112880
1406,1406,tarjeta_debito,70904,7090,77994
1410,1410,nequi,78734,0,78734
1412,1412,nequi,108287,0,108287
1415,1415,nequi,43521,4352,47873
1416,1416,tarjeta_debito,45499,4549,50048
1418,1418,tarjeta_debito,106886,10688,117574
1419,1419,efectivo,43626,4362,47988
1421,1421,nequi,85243,8524,93767
1422,1422,tarjeta_debito,132122,13212,145334
1423,1423,daviplata,97776,9777,107553
1426,1426,nequi,56000,5600,61600
1427,1427,tarjeta_debito,106850,0,106850
1428,1428,daviplata,102843,0,102843
1429,1429,tarjeta_credito,55644,5564,61208
1430,1430,tarjeta_credito,109469,10946,120415
1433,1433,tarjeta_debito,72642,7264,79906
1436,1436,daviplata,58861,5886,64747
1437,1437,efectivo,132944,0,132944
1439,1439,tarjeta_credito,132404,13240,145644
1441,1441,efectivo,65992,6599,72591
1442,1442,tarjeta_credito,141085,14108,155193
1444,1444,efectivo,59739,0,59739
1448,1448,nequi,104130,10413,114543
1450,1450,daviplata,55202,5520,60722
1452,1452,nequi,148400,0,148400
1453,1453,efectivo,60997,0,60997
1454,1454,tarjeta_debito,21472,0,21472
1455,1455,efectivo,124555,12455,137010
1456,1456,tarjeta_credito,106463,10646,117109
1457,1457,efectivo,112241,0,112241
1458,1458,efectivo,105543,10554,116097
1459,1459,daviplata,119941,11994,131935
1460,1460,tarjeta_credito,23635,2363,25998
1461,1461,tarjeta_debito,56803,5680,62483
1463,1463,tarjeta_debito,20169,2016,22185
1464,1464,tarjeta_debito,41624,4162,45786
1465,1465,daviplata,73827,7382,81209
1467,1467,nequi,20085,2008,22093
1468,1468,efectivo,30315,0,30315
1470,1470,efectivo,82171,8217,90388
1471,1471,tarjeta_debito,57139,0,57139
1472,1472,efectivo,108417,10841,119258
1473,1473,tarjeta_debito,61083,6108,67191
1474,1474,tarjeta_debito,15130,1513,16643
1477,1477,daviplata,24995,2499,27494
1478,1478,daviplata,95086,9508,104594
1479,1479,daviplata,113485,11348,124833
1480,1480,daviplata,36854,3685,40539
1481,1481,tarjeta_debito,72180,7218,79398
1482,1482,nequi,138046,13804,151850
1485,1485,nequi,67883,6788,74671
1486,1486,daviplata,64623,6462,71085
1488,1488,nequi,142299,0,142299
1489,1489,daviplata,109618,10961,120579
1490,1490,tarjeta_debito,38835,3883,42718
1492,1492,tarjeta_credito,104299,10429,114728
1493,1493,tarjeta_credito,32651,3265,35916
1495,1495,tarjeta_debito,24382,2438,26820
1496,1496,daviplata,138610,13861,152471
1497,1497,nequi,114426,0,114426
1499,1499,efectivo,38533,0,38533
1501,1501,tarjeta_credito,142108,0,142108
1507,1507,tarjeta_debito,75618,0,75618
1509,1509,tarjeta_debito,104306,10430,114736
1511,1511,tarjeta_debito,148703,0,148703
1513,1513,nequi,22915,2291,25206
1514,1514,tarjeta_debito,95252,9525,104777
1515,1515,tarjeta_debito,19248,1924,21172
1517,1517,daviplata,76698,7669,84367
1518,1518,nequi,59199,0,59199
1521,1521,daviplata,93727,9372,103099
1523,1523,nequi,16875,0,16875
1524,1524,efectivo,51961,0,51961
1525,1525,tarjeta_debito,59836,5983,65819
1526,1526,tarjeta_credito,107126,0,107126
1527,1527,efectivo,129636,12963,142599
1528,1528,tarjeta_credito,44905,0,44905
1529,1529,nequi,88458,0,88458
1530,1530,nequi,127049,0,127049
1531,1531,daviplata,137506,13750,151256
1532,1532,tarjeta_debito,78953,7895,86848
1533,1533,tarjeta_credito,36653,0,36653
1534,1534,tarjeta_credito,60878,0,60878
1541,1541,tarjeta_credito,141760,0,141760
1542,1542,daviplata,22343,0,22343
1544,1544,tarjeta_credito,96849,9684,106533
1545,1545,tarjeta_debito,33996,0,33996
1548,1548,daviplata,25663,2566,28229
1550,1550,nequi,88063,8806,96869
1551,1551,nequi,62494,0,62494
1552,1552,nequi,116567,0,116567
1553,1553,tarjeta_debito,119542,11954,131496
1554,1554,tarjeta_debito,138087,13808,151895
1555,1555,efectivo,56803,5680,62483
1556,1556,daviplata,142894,0,142894
1559,1559,efectivo,113873,11387,125260
1562,1562,tarjeta_credito,100285,10028,110313
1563,1563,tarjeta_credito,116492,11649,128141
1565,1565,daviplata,146074,0,146074
1566,1566,daviplata,124579,12457,137036
1567,1567,tarjeta_debito,106449,10644,117093
1568,1568,tarjeta_credito,103447,0,103447
1570,1570,tarjeta_credito,147481,0,147481
1571,1571,nequi,136318,13631,149949
1572,1572,daviplata,28456,2845,31301
1574,1574,tarjeta_debito,55352,5535,60887
1576,1576,efectivo,115645,0,115645
1577,1577,tarjeta_credito,142796,14279,157075
1579,1579,nequi,42404,4240,46644
1581,1581,tarjeta_debito,18499,1849,20348
1582,1582,tarjeta_debito,121132,0,121132
1584,1584,efectivo,30764,0,30764
1585,1585,tarjeta_debito,21347,2134,23481
1586,1586,daviplata,138832,0,138832
1587,1587,tarjeta_debito,144523,0,144523
1588,1588,tarjeta_debito,20031,2003,22034
1590,1590,daviplata,87368,0,87368
1591,1591,efectivo,17697,0,17697
1594,1594,tarjeta_debito,148400,0,148400
1595,1595,tarjeta_debito,119027,0,119027
1596,1596,tarjeta_debito,115396,11539,126935
1597,1597,efectivo,130226,13022,143248
1598,1598,daviplata,19984,1998,21982
1600,1600,nequi,112016,0,112016
1603,1603,tarjeta_debito,149800,0,149800
1604,1604,tarjeta_credito,111232,0,111232
1606,1606,tarjeta_credito,24794,2479,27273
1607,1607,efectivo,142890,14289,157179
1610,1610,tarjeta_debito,54801,5480,60281
1613,1613,tarjeta_credito,19021,1902,20923
1615,1615,efectivo,97105,0,97105
1616,1616,tarjeta_debito,135180,13518,148698
1618,1618,tarjeta_debito,56217,0,56217
1620,1620,tarjeta_credito,59908,0,59908
1627,1627,tarjeta_credito,44794,4479,49273
1630,1630,nequi,125745,0,125745
1632,1632,daviplata,73334,0,73334
1634,1634,efectivo,148817,14881,163698
1635,1635,daviplata,29539,0,29539
1637,1637,nequi,126241,12624,138865
1639,1639,tarjeta_credito,92002,0,92002
1640,1640,tarjeta_debito,15148,0,15148
1642,1642,tarjeta_credito,123147,12314,135461
1644,1644,daviplata,33211,3321,36532
1646,1646,tarjeta_credito,17767,0,17767
1647,1647,daviplata,92637,9263,101900
1650,1650,nequi,89306,8930,98236
1653,1653,tarjeta_debito,63792,6379,70171
1654,1654,daviplata,42152,4215,46367
1657,1657,tarjeta_credito,133381,13338,146719
1658,1658,tarjeta_credito,71311,7131,78442
1659,1659,nequi,123845,12384,136229
1661,1661,tarjeta_credito,81954,0,81954
1663,1663,nequi,117990,11799,129789
1664,1664,daviplata,42428,0,42428
1665,1665,nequi,25356,0,25356
1666,1666,nequi,68891,6889,75780
1667,1667,tarjeta_debito,28604,2860,31464
1668,1668,tarjeta_debito,36959,0,36959
1670,1670,nequi,91476,9147,100623
1671,1671,daviplata,25763,0,25763
1673,1673,efectivo,142364,0,142364
1674,1674,tarjeta_credito,101168,10116,111284
1676,1676,tarjeta_credito,25266,0,25266
1677,1677,efectivo,62580,0,62580
1678,1678,nequi,132904,13290,146194
1681,1681,tarjeta_credito,37699,0,37699
1682,1682,nequi,31868,3186,35054
1683,1683,nequi,51466,0,51466
1685,1685,daviplata,45217,0,45217
1691,1691,nequi,30863,3086,33949
1695,1695,tarjeta_debito,69755,6975,76730
1698,1698,nequi,56604,5660,62264
1699,1699,tarjeta_debito,104105,10410,114515
1700,1700,tarjeta_credito,113485,11348,124833
1702,1702,efectivo,39508,0,39508
1703,1703,daviplata,37084,0,37084
1704,1704,efectivo,115101,0,115101
1705,1705,tarjeta_debito,109007,0,109007
1706,1706,daviplata,100781,10078,110859
1709,1709,tarjeta_debito,130812,13081,143893
1712,1712,tarjeta_credito,25361,0,25361
1715,1715,tarjeta_credito,54229,0,54229
1716,1716,tarjeta_debito,17019,0,17019
1720,1720,nequi,96464,0,96464
1721,1721,nequi,146209,0,146209
1723,1723,nequi,100069,0,100069
1724,1724,daviplata,126154,0,126154
1726,1726,tarjeta_debito,50265,0,50265
1728,1728,efectivo,123034,0,123034
1729,1729,tarjeta_debito,53131,5313,58444
1730,1730,nequi,58829,5882,64711
1731,1731,efectivo,43757,0,43757
1732,1732,tarjeta_credito,56910,5691,62601
1733,1733,nequi,146608,14660,161268
1734,1734,tarjeta_credito,67253,0,67253
1741,1741,nequi,56506,5650,62156
1742,1742,daviplata,72876,0,72876
1743,1743,daviplata,15001,0,15001
1744,1744,tarjeta_debito,56777,5677,62454
1745,1745,tarjeta_debito,84445,8444,92889
1746,1746,daviplata,29637,2963,32600
1748,1748,tarjeta_debito,83402,8340,91742
1749,1749,nequi,146566,14656,161222
1750,1750,nequi,120251,12025,132276
1751,1751,tarjeta_credito,100194,10019,110213
1753,1753,tarjeta_debito,126582,12658,139240
1754,1754,tarjeta_debito,99218,0,99218
1755,1755,nequi,33164,3316,36480
1756,1756,efectivo,15159,1515,16674
1758,1758,daviplata,140403,0,140403
1760,1760,nequi,133054,0,133054
1761,1761,daviplata,137983,13798,151781
1762,1762,tarjeta_credito,141716,0,141716
1763,1763,nequi,75827,7582,83409
1767,1767,efectivo,102670,0,102670
1772,1772,tarjeta_credito,37267,0,37267
1774,1774,tarjeta_credito,28391,2839,31230
1775,1775,tarjeta_credito,40980,0,40980
1777,1777,tarjeta_credito,61126,0,61126
1778,1778,efectivo,79405,0,79405
1780,1780,tarjeta_credito,57300,0,57300
1781,1781,nequi,16262,0,16262
1783,1783,nequi,131976,0,131976
1785,1785,tarjeta_debito,63169,6316,69485
1788,1788,daviplata,97543,9754,107297
1789,1789,tarjeta_credito,111605,11160,122765
1793,1793,nequi,93558,0,93558
1796,1796,tarjeta_credito,92940,9294,102234
1797,1797,daviplata,59727,5972,65699
1799,1799,tarjeta_credito,96838,0,96838
1802,1802,efectivo,50980,0,50980
1803,1803,daviplata,36524,3652,40176
1804,1804,tarjeta_debito,78033,7803,85836
1805,1805,tarjeta_credito,133141,13314,146455
1807,1807,daviplata,54722,0,54722
1808,1808,daviplata,142351,14235,156586
1809,1809,tarjeta_debito,38934,3893,42827
1810,1810,nequi,34158,0,34158
1811,1811,daviplata,94908,0,94908
1812,1812,daviplata,57141,0,57141
1814,1814,tarjeta_credito,50200,5020,55220
1816,1816,tarjeta_credito,20743,2074,22817
1821,1821,nequi,99480,0,99480
1822,1822,tarjeta_debito,137181,13718,150899
1823,1823,tarjeta_credito,100455,10045,110500
1824,1824,tarjeta_debito,131484,0,131484
1825,1825,efectivo,26832,2683,29515
1826,1826,nequi,113890,0,113890
1829,1829,tarjeta_debito,130828,13082,143910
1831,1831,efectivo,68738,6873,75611
1832,1832,efectivo,20722,2072,22794
1833,1833,daviplata,55983,0,55983
1834,1834,efectivo,127891,0,127891
1838,1838,tarjeta_debito,38246,3824,42070
1840,1840,tarjeta_debito,144477,14447,158924
1841,1841,daviplata,49639,4963,54602
1844,1844,efectivo,133844,13384,147228
1845,1845,tarjeta_credito,100881,10088,110969
1846,1846,efectivo,94741,0,94741
1847,1847,efectivo,66432,6643,73075
1848,1848,efectivo,149512,0,149512
1849,1849,daviplata,63849,0,63849
1850,1850,daviplata,131822,13182,145004
1851,1851,tarjeta_credito,139218,13921,153139
1852,1852,efectivo,92021,9202,101223
1853,1853,efectivo,139645,0,139645
1856,1856,tarjeta_credito,49438,4943,54381
1857,1857,daviplata,15427,1542,16969
1859,1859,daviplata,64829,6482,71311
1860,1860,daviplata,108820,0,108820
1861,1861,tarjeta_debito,38771,0,38771
1862,1862,efectivo,25750,0,25750
1863,1863,nequi,29155,0,29155
1866,1866,efectivo,96132,0,96132
1868,1868,daviplata,15926,0,15926
1870,1870,nequi,81618,8161,89779
1871,1871,tarjeta_debito,108487,10848,119335
1872,1872,tarjeta_credito,107669,0,107669
1874,1874,daviplata,85443,8544,93987
1875,1875,efectivo,149477,14947,164424
1876,1876,nequi,135702,0,135702
1877,1877,nequi,63072,6307,69379
1879,1879,efectivo,85452,8545,93997
1880,1880,nequi,139149,0,139149
1882,1882,nequi,133923,13392,147315
1885,1885,efectivo,81608,0,81608
1887,1887,efectivo,76859,7685,84544
1888,1888,nequi,138554,13855,152409
1889,1889,nequi,54969,5496,60465
1890,1890,daviplata,98812,9881,108693
1891,1891,tarjeta_debito,141860,14186,156046
1892,1892,daviplata,99490,0,99490
1893,1893,tarjeta_debito,19434,1943,21377
1894,1894,tarjeta_debito,95624,0,95624
1895,1895,efectivo,87889,0,87889
1897,1897,tarjeta_debito,51686,0,51686
1903,1903,daviplata,130692,0,130692
1904,1904,tarjeta_credito,98606,9860,108466
1905,1905,efectivo,147081,14708,161789
1906,1906,tarjeta_credito,37181,0,37181
1907,1907,tarjeta_debito,143071,0,143071
1909,1909,tarjeta_credito,127069,12706,139775
1912,1912,nequi,139722,13972,153694
1913,1913,nequi,32615,3261,35876
1915,1915,nequi,17010,0,17010
1916,1916,efectivo,104168,10416,114584
1917,1917,daviplata,105843,0,105843
1918,1918,tarjeta_debito,72516,0,72516
1919,1919,tarjeta_debito,105045,0,105045
1922,1922,efectivo,38176,3817,41993
1923,1923,daviplata,115047,11504,126551
1932,1932,efectivo,50692,5069,55761
1938,1938,efectivo,34999,0,34999
1939,1939,tarjeta_credito,141085,14108,155193
1942,1942,tarjeta_credito,136105,0,136105
1943,1943,nequi,148208,14820,163028
1946,1946,tarjeta_credito,56786,5678,62464
1947,1947,tarjeta_debito,123544,12354,135898
1949,1949,efectivo,86838,0,86838
1952,1952,efectivo,119623,0,119623
1953,1953,daviplata,27414,0,27414
1954,1954,daviplata,118065,0,118065
1955,1955,efectivo,118425,0,118425
1956,1956,nequi,51356,5135,56491
1957,1957,daviplata,87518,8751,96269
1958,1958,efectivo,138152,0,138152
1959,1959,daviplata,149428,0,149428
1960,1960,tarjeta_debito,85102,8510,93612
1961,1961,nequi,137881,13788,151669
1963,1963,efectivo,34417,3441,37858
1965,1965,tarjeta_credito,25303,2530,27833
1967,1967,tarjeta_debito,103007,10300,113307
1968,1968,tarjeta_debito,103293,10329,113622
1970,1970,tarjeta_credito,118656,11865,130521
1971,1971,tarjeta_debito,41532,4153,45685
1972,1972,tarjeta_debito,82866,8286,91152
1973,1973,efectivo,64322,0,64322
1974,1974,tarjeta_debito,142782,14278,157060
1975,1975,tarjeta_credito,126261,12626,138887
1976,1976,nequi,17425,1742,19167
1977,1977,daviplata,73252,0,73252
1979,1979,tarjeta_debito,40769,0,40769
1980,1980,efectivo,33002,3300,36302
1981,1981,nequi,23413,0,23413
1985,1985,tarjeta_credito,42744,0,42744
1987,1987,tarjeta_credito,138063,13806,151869
1989,1989,tarjeta_credito,31434,3143,34577
1990,1990,tarjeta_debito,127819,12781,140600
1993,1993,efectivo,124261,12426,136687
1995,1995,daviplata,43602,4360,47962
1997,1997,efectivo,60755,6075,66830
1999,1999,efectivo,53112,0,53112
2001,2001,efectivo,20636,2063,22699
2003,2003,daviplata,49919,4991,54910
2004,2004,tarjeta_debito,23381,2338,25719
2005,2005,tarjeta_credito,53200,0,53200
2006,2006,efectivo,106887,10688,117575
2008,2008,tarjeta_credito,110231,11023,121254
2010,2010,tarjeta_debito,95998,0,95998
2011,2011,daviplata,106786,10678,117464
2012,2012,daviplata,39644,0,39644
2015,2015,daviplata,126152,0,126152
2016,2016,tarjeta_debito,118612,11861,130473
2018,2018,tarjeta_credito,111182,11118,122300
2020,2020,nequi,70582,7058,77640
2021,2021,tarjeta_credito,109912,10991,120903
2022,2022,tarjeta_credito,127490,12749,140239
2023,2023,efectivo,15595,1559,17154
2024,2024,tarjeta_debito,147029,14702,161731
2026,2026,tarjeta_credito,76604,7660,84264
2027,2027,tarjeta_credito,84686,8468,93154
2028,2028,tarjeta_credito,88398,0,88398
2029,2029,nequi,81053,0,81053
2030,2030,efectivo,71069,7106,78175
2032,2032,tarjeta_credito,123327,12332,135659
2034,2034,efectivo,117064,0,117064
2035,2035,tarjeta_credito,34810,3481,38291
2036,2036,daviplata,15290,1529,16819
2037,2037,daviplata,81311,0,81311
2038,2038,tarjeta_credito,133542,13354,146896
2039,2039,nequi,132371,13237,145608
2040,2040,tarjeta_credito,58743,5874,64617
2042,2042,daviplata,56634,5663,62297
2044,2044,tarjeta_debito,79452,7945,87397
2045,2045,tarjeta_debito,21065,0,21065
2048,2048,tarjeta_credito,81279,8127,89406
2051,2051,tarjeta_credito,34794,0,34794
2053,2053,tarjeta_debito,132335,13233,145568
2054,2054,tarjeta_debito,67887,6788,74675
2055,2055,tarjeta_credito,16887,0,16887
2056,2056,tarjeta_credito,89403,0,89403
2058,2058,nequi,115159,11515,126674
2062,2062,daviplata,39770,3977,43747
2063,2063,tarjeta_debito,55712,0,55712
2065,2065,efectivo,96119,9611,105730
2066,2066,efectivo,149592,14959,164551
2068,2068,daviplata,92500,9250,101750
2069,2069,tarjeta_credito,145811,0,145811
2071,2071,tarjeta_debito,19405,1940,21345
2073,2073,efectivo,139802,0,139802
2074,2074,tarjeta_credito,20709,2070,22779
2076,2076,tarjeta_debito,48597,0,48597
2077,2077,tarjeta_credito,71175,7117,78292
2078,2078,daviplata,82270,0,82270
2079,2079,efectivo,99501,0,99501
2080,2080,tarjeta_debito,69620,0,69620
2082,2082,daviplata,117301,0,117301
2083,2083,tarjeta_credito,104108,10410,114518
2084,2084,daviplata,85376,8537,93913
2086,2086,daviplata,134641,13464,148105
2089,2089,daviplata,31923,0,31923
2090,2090,daviplata,146976,0,146976
2091,2091,tarjeta_credito,15986,1598,17584
2093,2093,daviplata,25377,0,25377
2094,2094,tarjeta_credito,94444,9444,103888
2096,2096,efectivo,59379,0,59379
2097,2097,efectivo,59806,0,59806
2099,2099,efectivo,54128,0,54128
2100,2100,daviplata,15113,0,15113
2101,2101,efectivo,125246,12524,137770
2103,2103,daviplata,23145,0,23145
2104,2104,nequi,82411,8241,90652
2108,2108,efectivo,18303,1830,20133
2110,2110,daviplata,123885,12388,136273
2113,2113,daviplata,122084,12208,134292
2114,2114,tarjeta_credito,128833,12883,141716
2115,2115,tarjeta_credito,92487,0,92487
2116,2116,nequi,49373,4937,54310
2117,2117,nequi,93963,9396,103359
2118,2118,nequi,128406,0,128406
2119,2119,daviplata,106497,10649,117146
2122,2122,efectivo,97503,9750,107253
2124,2124,efectivo,45292,4529,49821
2125,2125,nequi,31996,3199,35195
2127,2127,nequi,111419,11141,122560
2128,2128,tarjeta_debito,60804,0,60804
2129,2129,tarjeta_debito,102002,10200,112202
2131,2131,daviplata,117570,11757,129327
2134,2134,daviplata,111377,11137,122514
2135,2135,tarjeta_debito,47506,0,47506
2136,2136,tarjeta_credito,93642,9364,103006
2138,2138,nequi,87757,0,87757
2142,2142,tarjeta_debito,115120,11512,126632
2147,2147,daviplata,148989,14898,163887
2148,2148,efectivo,56224,5622,61846
2149,2149,efectivo,21211,2121,23332
2151,2151,tarjeta_credito,80870,0,80870
2153,2153,tarjeta_credito,127991,12799,140790
2155,2155,nequi,86519,0,86519
2156,2156,tarjeta_credito,142549,14254,156803
2157,2157,tarjeta_debito,110337,0,110337
2158,2158,tarjeta_credito,45367,4536,49903
2159,2159,efectivo,89604,0,89604
2160,2160,daviplata,119251,0,119251
2161,2161,daviplata,79309,0,79309
2162,2162,tarjeta_credito,77164,0,77164
2163,2163,daviplata,111041,11104,122145
2166,2166,nequi,121977,12197,134174
2167,2167,tarjeta_debito,71147,0,71147
2170,2170,efectivo,27750,2775,30525
2172,2172,tarjeta_credito,71930,0,71930
2173,2173,tarjeta_credito,136497,13649,150146
2174,2174,tarjeta_debito,106851,10685,117536
2175,2175,tarjeta_credito,66048,6604,72652
2176,2176,tarjeta_debito,50870,0,50870
2177,2177,efectivo,119570,0,119570
2179,2179,efectivo,17777,1777,19554
2181,2181,nequi,94056,0,94056
2182,2182,daviplata,47252,0,47252
2187,2187,nequi,88706,8870,97576
2188,2188,nequi,130567,0,130567
2190,2190,daviplata,84275,8427,92702
2191,2191,nequi,38965,0,38965
2193,2193,efectivo,135433,0,135433
2194,2194,tarjeta_credito,62219,6221,68440
2195,2195,tarjeta_credito,88567,8856,97423
2197,2197,efectivo,119277,11927,131204
2198,2198,efectivo,59523,0,59523
2202,2202,tarjeta_debito,72332,7233,79565
2203,2203,tarjeta_debito,81651,8165,89816
2204,2204,nequi,17796,1779,19575
2205,2205,nequi,66798,6679,73477
2207,2207,efectivo,129100,0,129100
2208,2208,tarjeta_debito,96899,0,96899
2209,2209,tarjeta_debito,90863,0,90863
2210,2210,daviplata,125073,12507,137580
2211,2211,daviplata,37457,3745,41202
2213,2213,daviplata,149328,14932,164260
2214,2214,tarjeta_debito,137630,13763,151393
2218,2218,daviplata,111278,0,111278
2219,2219,tarjeta_credito,118608,0,118608
2220,2220,efectivo,34293,0,34293
2221,2221,tarjeta_debito,119877,0,119877
2222,2222,daviplata,115282,11528,126810
2223,2223,daviplata,26951,0,26951
2224,2224,daviplata,31187,0,31187
2228,2228,tarjeta_debito,139027,13902,152929
2229,2229,efectivo,116000,11600,127600
2230,2230,tarjeta_credito,115719,0,115719
2231,2231,efectivo,140408,14040,154448
2232,2232,efectivo,68883,6888,75771
2233,2233,daviplata,89614,8961,98575
2235,2235,nequi,136163,13616,149779
2237,2237,efectivo,65923,6592,72515
2239,2239,nequi,15202,1520,16722
2240,2240,tarjeta_debito,28676,2867,31543
2241,2241,tarjeta_credito,119674,11967,131641
2242,2242,daviplata,98170,9817,107987
2243,2243,tarjeta_credito,17561,1756,19317
2245,2245,tarjeta_debito,32500,0,32500
2246,2246,tarjeta_debito,21223,2122,23345
2247,2247,tarjeta_debito,135168,0,135168
2248,2248,efectivo,59504,0,59504
2249,2249,tarjeta_debito,133552,0,133552
2251,2251,daviplata,139235,13923,153158
2253,2253,daviplata,76696,7669,84365
2254,2254,tarjeta_credito,141708,14170,155878
2256,2256,tarjeta_credito,50903,0,50903
2258,2258,efectivo,122413,12241,134654
2259,2259,tarjeta_debito,111129,0,111129
2260,2260,efectivo,16258,0,16258
2262,2262,tarjeta_credito,72411,7241,79652
2269,2269,nequi,38896,3889,42785
2271,2271,efectivo,23468,0,23468
2272,2272,daviplata,133283,0,133283
2273,2273,nequi,33835,3383,37218
2274,2274,tarjeta_credito,42196,0,42196
2275,2275,daviplata,120765,12076,132841
2277,2277,tarjeta_debito,60513,6051,66564
2278,2278,nequi,89610,8961,98571
2281,2281,tarjeta_credito,52885,0,52885
2282,2282,tarjeta_credito,48825,4882,53707
2283,2283,daviplata,125534,0,125534
2285,2285,nequi,134718,13471,148189
2286,2286,nequi,67629,6762,74391
2292,2292,efectivo,32167,3216,35383
2293,2293,daviplata,92957,9295,102252
2295,2295,nequi,118985,11898,130883
2296,2296,daviplata,122112,12211,134323
2298,2298,efectivo,52491,0,52491
2299,2299,daviplata,120001,12000,132001
2303,2303,nequi,81333,0,81333
2304,2304,nequi,80206,0,80206
2305,2305,daviplata,30267,0,30267
2308,2308,nequi,69017,6901,75918
2309,2309,tarjeta_debito,104560,0,104560
2311,2311,efectivo,37881,3788,41669
2315,2315,nequi,26343,0,26343
2316,2316,tarjeta_credito,85034,8503,93537
2317,2317,nequi,42912,4291,47203
2318,2318,tarjeta_credito,74301,0,74301
2319,2319,efectivo,67541,6754,74295
2320,2320,tarjeta_credito,21872,0,21872
2321,2321,tarjeta_debito,146382,0,146382
2322,2322,nequi,69799,0,69799
2323,2323,nequi,34412,0,34412
2324,2324,efectivo,15928,0,15928
2326,2326,tarjeta_debito,105329,0,105329
2327,2327,nequi,119137,0,119137
2329,2329,tarjeta_debito,121959,0,121959
2331,2331,efectivo,122240,12224,134464
2332,2332,daviplata,121447,12144,133591
2333,2333,tarjeta_debito,146363,14636,160999
2334,2334,daviplata,19426,1942,21368
2335,2335,tarjeta_credito,102660,10266,112926
2336,2336,tarjeta_debito,120522,12052,132574
2337,2337,tarjeta_debito,73728,7372,81100
2338,2338,nequi,32968,3296,36264
2339,2339,nequi,96546,9654,106200
2340,2340,tarjeta_debito,38634,0,38634
2341,2341,tarjeta_credito,63213,0,63213
2342,2342,nequi,84702,0,84702
2343,2343,daviplata,65145,0,65145
2346,2346,nequi,100459,10045,110504
2347,2347,nequi,86704,8670,95374
2348,2348,tarjeta_debito,38183,3818,42001
2349,2349,nequi,20048,0,20048
2350,2350,tarjeta_debito,75697,7569,83266
2351,2351,tarjeta_debito,91611,9161,100772
2352,2352,efectivo,53105,5310,58415
2353,2353,tarjeta_credito,74330,0,74330
2354,2354,efectivo,83488,0,83488
2355,2355,daviplata,79387,0,79387
2356,2356,tarjeta_credito,65561,6556,72117
2359,2359,nequi,15759,1575,17334
2360,2360,nequi,144926,14492,159418
2363,2363,daviplata,78100,7810,85910
2364,2364,nequi,42276,0,42276
2369,2369,efectivo,85862,0,85862
2371,2371,efectivo,103837,10383,114220
2372,2372,tarjeta_debito,109353,0,109353
2378,2378,tarjeta_credito,114430,11443,125873
2379,2379,daviplata,86850,8685,95535
2381,2381,nequi,33031,3303,36334
2382,2382,daviplata,33365,3336,36701
2384,2384,tarjeta_debito,66221,6622,72843
2385,2385,tarjeta_credito,63494,0,63494
2387,2387,nequi,39826,3982,43808
2388,2388,daviplata,71983,7198,79181
2392,2392,efectivo,50839,0,50839
2393,2393,daviplata,70493,7049,77542
2394,2394,tarjeta_credito,17826,1782,19608
2398,2398,daviplata,117764,11776,129540
2399,2399,tarjeta_credito,60451,0,60451
2400,2400,efectivo,29204,0,29204
2402,2402,tarjeta_debito,118292,0,118292
2404,2404,nequi,19761,0,19761
2405,2405,efectivo,83441,8344,91785
2406,2406,tarjeta_credito,83012,8301,91313
2407,2407,tarjeta_credito,36884,0,36884
2409,2409,tarjeta_credito,22649,0,22649
2411,2411,tarjeta_credito,22917,2291,25208
2414,2414,tarjeta_credito,18222,1822,20044
2415,2415,daviplata,49317,4931,54248
2418,2418,daviplata,122186,0,122186
2419,2419,tarjeta_debito,29693,2969,32662
2422,2422,daviplata,108090,0,108090
2423,2423,efectivo,61111,0,61111
2424,2424,daviplata,47103,0,47103
2425,2425,efectivo,70482,7048,77530
2426,2426,tarjeta_debito,108811,10881,119692
2427,2427,tarjeta_debito,58291,0,58291
2428,2428,tarjeta_credito,51860,0,51860
2429,2429,tarjeta_debito,113126,11312,124438
2430,2430,daviplata,133747,0,133747
2433,2433,daviplata,71417,0,71417
2435,2435,nequi,67463,6746,74209
2437,2437,efectivo,19622,1962,21584
2439,2439,daviplata,101115,10111,111226
2442,2442,nequi,17630,0,17630
2443,2443,efectivo,34637,3463,38100
2445,2445,nequi,20389,2038,22427
2446,2446,tarjeta_credito,83147,0,83147
2447,2447,tarjeta_debito,31671,3167,34838
2449,2449,daviplata,133710,0,133710
2452,2452,tarjeta_debito,85701,0,85701
2458,2458,daviplata,92393,9239,101632
2459,2459,efectivo,143068,0,143068
2460,2460,tarjeta_debito,109568,10956,120524
2461,2461,tarjeta_debito,147375,0,147375
2462,2462,efectivo,64960,6496,71456
2464,2464,daviplata,106645,10664,117309
2465,2465,nequi,67883,6788,74671
2468,2468,nequi,82841,8284,91125
2469,2469,nequi,115899,11589,127488
2472,2472,daviplata,37634,3763,41397
2474,2474,tarjeta_credito,118311,11831,130142
2475,2475,tarjeta_debito,105377,10537,115914
2477,2477,efectivo,69934,6993,76927
2478,2478,tarjeta_credito,83259,0,83259
2479,2479,tarjeta_debito,126458,12645,139103
2481,2481,nequi,40439,0,40439
2486,2486,nequi,37931,3793,41724
2487,2487,tarjeta_debito,103864,10386,114250
2491,2491,nequi,93512,0,93512
2492,2492,daviplata,149572,0,149572
2493,2493,nequi,23155,0,23155
2494,2494,nequi,17345,1734,19079
2495,2495,tarjeta_credito,93245,0,93245
2497,2497,efectivo,58027,5802,63829
2499,2499,nequi,55761,0,55761
2500,2500,tarjeta_credito,126597,12659,139256
2501,2501,tarjeta_debito,68110,6811,74921
2503,2503,tarjeta_credito,60284,6028,66312
2504,2504,tarjeta_debito,145197,0,145197
2505,2505,tarjeta_credito,132370,13237,145607
2506,2506,nequi,142128,0,142128
2507,2507,daviplata,61741,6174,67915
2508,2508,daviplata,56798,5679,62477
2509,2509,tarjeta_debito,128658,0,128658
2510,2510,nequi,71818,0,71818
2511,2511,tarjeta_debito,60219,6021,66240
2512,2512,daviplata,115838,11583,127421
2514,2514,tarjeta_debito,117996,0,117996
2516,2516,efectivo,117844,11784,129628
2517,2517,nequi,111341,0,111341
2519,2519,efectivo,23347,2334,25681
2520,2520,tarjeta_debito,132688,0,132688
2521,2521,tarjeta_credito,89944,0,89944
2522,2522,tarjeta_debito,33341,3334,36675
2523,2523,efectivo,145733,0,145733
2524,2524,tarjeta_credito,103132,0,103132
2525,2525,nequi,30455,0,30455
2526,2526,efectivo,148838,14883,163721
2527,2527,efectivo,63861,0,63861
2532,2532,efectivo,46759,4675,51434
2535,2535,nequi,110696,0,110696
2537,2537,nequi,131473,13147,144620
2538,2538,tarjeta_credito,92173,9217,101390
2539,2539,daviplata,122560,12256,134816
2540,2540,daviplata,147297,0,147297
2541,2541,daviplata,144595,14459,159054
2543,2543,efectivo,87370,0,87370
2544,2544,efectivo,60330,0,60330
2545,2545,tarjeta_credito,106007,0,106007
2547,2547,tarjeta_debito,113510,11351,124861
2548,2548,tarjeta_debito,113314,0,113314
2549,2549,daviplata,149322,0,149322
2551,2551,nequi,115176,11517,126693
2553,2553,tarjeta_credito,36969,0,36969
2554,2554,nequi,24038,2403,26441
2557,2557,daviplata,35171,0,35171
2559,2559,daviplata,89388,0,89388
2560,2560,nequi,117974,0,117974
2561,2561,tarjeta_credito,125835,12583,138418
2562,2562,tarjeta_credito,45006,4500,49506
2565,2565,nequi,82101,8210,90311
2567,2567,tarjeta_credito,27966,2796,30762
2568,2568,nequi,78663,7866,86529
2572,2572,tarjeta_debito,121004,12100,133104
2573,2573,tarjeta_credito,75071,0,75071
2575,2575,nequi,133778,0,133778
2576,2576,nequi,70387,0,70387
2583,2583,nequi,38604,3860,42464
2585,2585,tarjeta_credito,142124,0,142124
2586,2586,daviplata,43172,4317,47489
2588,2588,tarjeta_credito,72402,0,72402
2589,2589,efectivo,99228,0,99228
2590,2590,tarjeta_debito,47614,0,47614
2596,2596,daviplata,92729,9272,102001
2601,2601,daviplata,103815,10381,114196
2602,2602,tarjeta_debito,134838,13483,148321
2604,2604,tarjeta_credito,49847,4984,54831
2605,2605,tarjeta_debito,99235,9923,109158
2607,2607,efectivo,114754,11475,126229
2611,2611,efectivo,114428,0,114428
2612,2612,tarjeta_credito,22156,2215,24371
2613,2613,efectivo,74622,7462,82084
2615,2615,tarjeta_credito,44421,4442,48863
2616,2616,daviplata,52029,5202,57231
2617,2617,efectivo,120401,12040,132441
2619,2619,nequi,23868,0,23868
2620,2620,tarjeta_credito,137805,0,137805
2621,2621,tarjeta_credito,52611,0,52611
2625,2625,tarjeta_debito,99414,9941,109355
2628,2628,tarjeta_debito,100816,10081,110897
2629,2629,efectivo,127096,0,127096
2630,2630,efectivo,124911,12491,137402
2633,2633,daviplata,149978,0,149978
2634,2634,efectivo,132931,0,132931
2635,2635,daviplata,135290,13529,148819
2636,2636,nequi,52812,5281,58093
2639,2639,daviplata,71870,0,71870
2640,2640,tarjeta_credito,81813,0,81813
2641,2641,daviplata,42903,0,42903
2642,2642,tarjeta_debito,97445,9744,107189
2643,2643,tarjeta_debito,140605,14060,154665
2649,2649,tarjeta_credito,94243,0,94243
2650,2650,tarjeta_credito,43113,0,43113
2651,2651,nequi,116726,0,116726
2654,2654,tarjeta_debito,39955,0,39955
2656,2656,efectivo,15539,0,15539
2657,2657,nequi,120456,0,120456
2658,2658,daviplata,108881,10888,119769
2660,2660,nequi,107145,10714,117859
2661,2661,tarjeta_debito,60111,6011,66122
2662,2662,nequi,17250,0,17250
2664,2664,tarjeta_credito,81911,8191,90102
2665,2665,nequi,35317,3531,38848
2666,2666,nequi,136071,0,136071
2668,2668,tarjeta_credito,111904,11190,123094
2670,2670,daviplata,43570,0,43570
2671,2671,efectivo,43032,4303,47335
2673,2673,tarjeta_debito,101980,0,101980
2674,2674,daviplata,134422,13442,147864
2675,2675,tarjeta_debito,76088,0,76088
2676,2676,efectivo,128790,0,128790
2677,2677,tarjeta_credito,45956,4595,50551
2678,2678,tarjeta_credito,111177,0,111177
2679,2679,tarjeta_credito,73854,0,73854
2681,2681,tarjeta_debito,77824,0,77824
2683,2683,efectivo,104512,10451,114963
2684,2684,tarjeta_debito,56359,5635,61994
2685,2685,tarjeta_debito,137055,0,137055
2686,2686,tarjeta_debito,132837,0,132837
2688,2688,daviplata,111939,11193,123132
2690,2690,nequi,105219,0,105219
2692,2692,tarjeta_debito,106442,10644,117086
2696,2696,tarjeta_credito,136604,0,136604
2697,2697,tarjeta_credito,28845,2884,31729
2698,2698,efectivo,116598,0,116598
2701,2701,tarjeta_credito,106110,10611,116721
2702,2702,nequi,20060,2006,22066
2704,2704,nequi,81006,8100,89106
2705,2705,daviplata,21358,0,21358
2707,2707,nequi,147151,14715,161866
2710,2710,efectivo,148830,0,148830
2712,2712,tarjeta_debito,128128,0,128128
2713,2713,tarjeta_credito,55289,5528,60817
2714,2714,nequi,61230,0,61230
2715,2715,tarjeta_debito,105404,10540,115944
2716,2716,nequi,109925,10992,120917
2719,2719,tarjeta_credito,54245,5424,59669
2721,2721,tarjeta_credito,109036,10903,119939
2722,2722,efectivo,124138,12413,136551
2723,2723,tarjeta_debito,22225,2222,24447
2724,2724,daviplata,29033,2903,31936
2725,2725,daviplata,65476,6547,72023
2728,2728,tarjeta_credito,146217,14621,160838
2729,2729,nequi,74141,7414,81555
2730,2730,nequi,87658,0,87658
2739,2739,daviplata,105042,10504,115546
2740,2740,efectivo,80076,8007,88083
2741,2741,nequi,97820,9782,107602
2744,2744,daviplata,127670,0,127670
2746,2746,efectivo,40806,4080,44886
2747,2747,daviplata,145316,14531,159847
2751,2751,tarjeta_credito,20250,0,20250
2753,2753,nequi,137396,0,137396
2754,2754,tarjeta_credito,106322,0,106322
2755,2755,daviplata,89311,8931,98242
2757,2757,nequi,46128,4612,50740
2760,2760,nequi,86650,8665,95315
2762,2762,daviplata,111638,11163,122801
2763,2763,tarjeta_credito,48268,0,48268
2764,2764,efectivo,146060,0,146060
2765,2765,tarjeta_credito,65325,6532,71857
2770,2770,efectivo,62266,6226,68492
2771,2771,tarjeta_debito,79842,7984,87826
2773,2773,efectivo,114333,0,114333
2774,2774,nequi,34463,3446,37909
2778,2778,nequi,45244,4524,49768
2780,2780,tarjeta_credito,144963,14496,159459
2781,2781,nequi,100987,10098,111085
2783,2783,nequi,67028,6702,73730
2784,2784,daviplata,137595,13759,151354
2785,2785,tarjeta_credito,94744,0,94744
2787,2787,tarjeta_credito,122356,12235,134591
2789,2789,tarjeta_debito,30253,3025,33278
2790,2790,daviplata,35516,3551,39067
2792,2792,tarjeta_credito,70608,7060,77668
2794,2794,daviplata,20873,0,20873
2796,2796,tarjeta_debito,125664,12566,138230
2797,2797,daviplata,91116,0,91116
2798,2798,tarjeta_debito,47783,4778,52561
2799,2799,daviplata,17440,0,17440
2802,2802,tarjeta_debito,116296,0,116296
2805,2805,tarjeta_debito,85099,0,85099
2806,2806,nequi,31880,3188,35068
2811,2811,nequi,100359,0,100359
2815,2815,nequi,41934,4193,46127
2816,2816,tarjeta_debito,20832,2083,22915
2817,2817,tarjeta_debito,141629,0,141629
2818,2818,efectivo,132008,13200,145208
2819,2819,tarjeta_debito,72818,0,72818
2820,2820,efectivo,98025,9802,107827
2824,2824,nequi,25039,2503,27542
2825,2825,tarjeta_credito,110535,0,110535
2826,2826,efectivo,36231,3623,39854
2827,2827,nequi,105176,10517,115693
2828,2828,tarjeta_credito,122265,12226,134491
2832,2832,tarjeta_credito,85521,8552,94073
2833,2833,tarjeta_debito,22100,0,22100
2834,2834,tarjeta_debito,93796,9379,103175
2835,2835,efectivo,92679,9267,101946
2836,2836,daviplata,127485,12748,140233
2837,2837,tarjeta_debito,144626,14462,159088
2838,2838,nequi,96583,9658,106241
2840,2840,tarjeta_debito,57305,0,57305
2841,2841,efectivo,57476,5747,63223
2842,2842,daviplata,124128,0,124128
2843,2843,daviplata,122615,0,122615
2844,2844,tarjeta_debito,106802,0,106802
2845,2845,tarjeta_credito,28420,2842,31262
2846,2846,nequi,148924,0,148924
2847,2847,tarjeta_debito,65760,6576,72336
2848,2848,nequi,130306,0,130306
2850,2850,tarjeta_debito,134187,0,134187
2851,2851,nequi,99396,0,99396
2852,2852,efectivo,34750,0,34750
2853,2853,nequi,27612,0,27612
2854,2854,daviplata,45134,4513,49647
2857,2857,tarjeta_debito,88564,0,88564
2858,2858,tarjeta_credito,91345,9134,100479
2859,2859,efectivo,104800,10480,115280
2860,2860,daviplata,118423,11842,130265
2861,2861,efectivo,39871,3987,43858
2862,2862,tarjeta_debito,81219,0,81219
2863,2863,nequi,126463,12646,139109
2864,2864,daviplata,42006,4200,46206
2865,2865,tarjeta_debito,45089,4508,49597
2867,2867,daviplata,84595,8459,93054
2871,2871,tarjeta_debito,17679,0,17679
2877,2877,tarjeta_debito,52712,5271,57983
2878,2878,tarjeta_debito,91892,9189,101081
2882,2882,tarjeta_credito,44483,4448,48931
2885,2885,nequi,32106,3210,35316
2887,2887,efectivo,83049,0,83049
2888,2888,tarjeta_credito,139607,13960,153567
2889,2889,tarjeta_debito,144145,14414,158559
2895,2895,tarjeta_debito,43979,4397,48376
2896,2896,efectivo,44072,0,44072
2897,2897,tarjeta_debito,43314,4331,47645
2899,2899,efectivo,91722,9172,100894
2901,2901,tarjeta_debito,70439,0,70439
2903,2903,efectivo,131112,0,131112
2904,2904,tarjeta_credito,49702,0,49702
2905,2905,tarjeta_debito,30212,3021,33233
2906,2906,daviplata,104310,0,104310
2908,2908,efectivo,52464,5246,57710
2911,2911,tarjeta_debito,67294,6729,74023
2912,2912,nequi,141128,14112,155240
2913,2913,nequi,134904,13490,148394
2914,2914,nequi,88614,8861,97475
2915,2915,efectivo,132664,13266,145930
2919,2919,tarjeta_credito,112710,11271,123981
2921,2921,tarjeta_credito,92392,9239,101631
2922,2922,tarjeta_credito,141583,14158,155741
2925,2925,daviplata,68047,6804,74851
2928,2928,tarjeta_credito,110545,11054,121599
2929,2929,daviplata,83739,8373,92112
2930,2930,nequi,127622,12762,140384
2931,2931,efectivo,119169,11916,131085
2932,2932,nequi,115392,11539,126931
2935,2935,tarjeta_debito,130140,13014,143154
2936,2936,daviplata,103714,10371,114085
2937,2937,nequi,121623,0,121623
2941,2941,efectivo,68005,6800,74805
2942,2942,nequi,93813,0,93813
2943,2943,nequi,118519,0,118519
2944,2944,tarjeta_credito,60928,0,60928
2945,2945,efectivo,33105,3310,36415
2946,2946,nequi,82925,8292,91217
2947,2947,efectivo,44657,0,44657
2948,2948,efectivo,54725,5472,60197
2951,2951,tarjeta_credito,88046,8804,96850
2952,2952,tarjeta_debito,55585,5558,61143
2953,2953,nequi,70518,7051,77569
2957,2957,tarjeta_debito,115506,0,115506
2960,2960,efectivo,63975,6397,70372
2964,2964,nequi,79749,7974,87723
2965,2965,efectivo,87043,8704,95747
2966,2966,tarjeta_debito,60044,6004,66048
2968,2968,tarjeta_credito,80726,8072,88798
2970,2970,daviplata,84790,0,84790
2972,2972,tarjeta_debito,59311,5931,65242
2973,2973,nequi,69923,0,69923
2974,2974,daviplata,18291,1829,20120
2975,2975,tarjeta_debito,29758,0,29758
2978,2978,daviplata,17348,0,17348
2979,2979,tarjeta_credito,23840,2384,26224
2981,2981,tarjeta_credito,36124,3612,39736
2982,2982,nequi,39344,3934,43278
2984,2984,daviplata,55998,0,55998
2987,2987,efectivo,61106,0,61106
2989,2989,daviplata,56922,0,56922
2990,2990,daviplata,33062,0,33062
2992,2992,efectivo,118353,11835,130188
2995,2995,tarjeta_credito,132970,13297,146267
2998,2998,nequi,21295,2129,23424
3000,3000,tarjeta_credito,35705,3570,39275
3001,3001,tarjeta_credito,115070,11507,126577
3002,3002,nequi,22765,0,22765
3003,3003,tarjeta_debito,16580,1658,18238
3005,3005,efectivo,80651,8065,88716
3008,3008,nequi,89480,0,89480
3010,3010,efectivo,37982,3798,41780
3014,3014,tarjeta_debito,92354,9235,101589
3015,3015,tarjeta_credito,43079,4307,47386
3016,3016,tarjeta_debito,143328,14332,157660
3020,3020,daviplata,112711,11271,123982
3022,3022,nequi,98657,0,98657
3023,3023,nequi,29135,0,29135
3025,3025,tarjeta_debito,48377,4837,53214
3026,3026,tarjeta_credito,83156,0,83156
3028,3028,nequi,108516,0,108516
3030,3030,efectivo,57980,5798,63778
3032,3032,efectivo,31514,3151,34665
3033,3033,nequi,30462,3046,33508
3034,3034,daviplata,41978,4197,46175
3035,3035,daviplata,137978,13797,151775
3036,3036,tarjeta_debito,123095,12309,135404
3037,3037,tarjeta_debito,100817,10081,110898
3040,3040,efectivo,20280,2028,22308
3041,3041,efectivo,131994,13199,145193
3042,3042,efectivo,124716,12471,137187
3043,3043,tarjeta_credito,133101,0,133101
3044,3044,efectivo,140212,14021,154233
3045,3045,nequi,28834,2883,31717
3046,3046,tarjeta_debito,126441,0,126441
3047,3047,nequi,65182,0,65182
3050,3050,daviplata,118527,11852,130379
3051,3051,daviplata,20639,2063,22702
3057,3057,tarjeta_credito,39846,0,39846
3058,3058,nequi,119768,11976,131744
3064,3064,nequi,23266,0,23266
3065,3065,tarjeta_debito,19101,0,19101
3066,3066,tarjeta_credito,102353,10235,112588
3068,3068,efectivo,102269,10226,112495
3069,3069,tarjeta_debito,29408,2940,32348
3071,3071,tarjeta_credito,91756,9175,100931
3072,3072,efectivo,111899,11189,123088
3073,3073,tarjeta_credito,136551,13655,150206
3075,3075,tarjeta_debito,54869,5486,60355
3077,3077,efectivo,75307,0,75307
3078,3078,nequi,48271,4827,53098
3079,3079,tarjeta_debito,84813,8481,93294
3083,3083,tarjeta_debito,24888,2488,27376
3084,3084,nequi,57367,0,57367
3086,3086,efectivo,94894,9489,104383
3087,3087,daviplata,21083,0,21083
3088,3088,tarjeta_debito,120774,12077,132851
3090,3090,tarjeta_debito,19861,1986,21847
3091,3091,tarjeta_debito,149026,0,149026
3093,3093,tarjeta_debito,145190,14519,159709
3094,3094,tarjeta_credito,89995,8999,98994
3095,3095,tarjeta_debito,65809,0,65809
3097,3097,daviplata,62516,6251,68767
3098,3098,efectivo,87028,8702,95730
3099,3099,tarjeta_debito,144543,0,144543
3101,3101,daviplata,120109,12010,132119
3102,3102,nequi,20153,2015,22168
3106,3106,daviplata,130016,13001,143017
3107,3107,daviplata,138044,0,138044
3109,3109,nequi,41168,4116,45284
3111,3111,tarjeta_debito,54763,5476,60239
3112,3112,nequi,83587,0,83587
3113,3113,efectivo,67173,6717,73890
3114,3114,efectivo,61620,0,61620
3115,3115,daviplata,131072,13107,144179
3116,3116,daviplata,37876,0,37876
3121,3121,tarjeta_credito,106101,0,106101
3124,3124,efectivo,66871,6687,73558
3127,3127,tarjeta_debito,43902,0,43902
3128,3128,tarjeta_debito,71018,7101,78119
3129,3129,tarjeta_credito,24517,0,24517
3131,3131,tarjeta_credito,102735,0,102735
3133,3133,efectivo,111811,0,111811
3135,3135,nequi,142546,14254,156800
3137,3137,nequi,62437,0,62437
3138,3138,tarjeta_debito,57620,5762,63382
3142,3142,daviplata,83134,8313,91447
3143,3143,tarjeta_credito,104882,0,104882
3144,3144,efectivo,45050,4505,49555
3147,3147,daviplata,37817,3781,41598
3148,3148,tarjeta_debito,134583,13458,148041
3149,3149,tarjeta_debito,120085,12008,132093
3152,3152,nequi,140421,0,140421
3154,3154,efectivo,20040,0,20040
3155,3155,daviplata,57754,0,57754
3157,3157,tarjeta_credito,26381,0,26381
3159,3159,nequi,18795,1879,20674
3160,3160,tarjeta_credito,64001,6400,70401
3161,3161,efectivo,23668,2366,26034
3162,3162,tarjeta_debito,131168,0,131168
3164,3164,nequi,18823,1882,20705
3166,3166,tarjeta_credito,62385,0,62385
3167,3167,daviplata,88819,0,88819
3168,3168,nequi,143651,14365,158016
3171,3171,nequi,29032,2903,31935
3173,3173,tarjeta_credito,72820,7282,80102
3175,3175,tarjeta_debito,66942,6694,73636
3177,3177,tarjeta_debito,128941,12894,141835
3178,3178,daviplata,31128,0,31128
3180,3180,daviplata,79277,0,79277
3181,3181,tarjeta_credito,85948,0,85948
3182,3182,nequi,138964,13896,152860
3184,3184,tarjeta_debito,65820,0,65820
3185,3185,daviplata,91855,0,91855
3190,3190,nequi,103811,10381,114192
3191,3191,efectivo,127936,12793,140729
3193,3193,tarjeta_credito,32798,0,32798
3194,3194,daviplata,53042,5304,58346
3198,3198,efectivo,66474,6647,73121
3199,3199,efectivo,20564,2056,22620
3200,3200,daviplata,44845,4484,49329
3202,3202,efectivo,59179,0,59179
3203,3203,efectivo,68343,6834,75177
3206,3206,daviplata,132370,13237,145607
3207,3207,efectivo,21250,0,21250
3208,3208,tarjeta_credito,34641,3464,38105
3210,3210,tarjeta_debito,64818,0,64818
3214,3214,daviplata,124324,12432,136756
3215,3215,daviplata,126484,0,126484
3217,3217,nequi,125616,0,125616
3218,3218,nequi,32445,3244,35689
3219,3219,daviplata,101889,0,101889
3220,3220,tarjeta_debito,18865,1886,20751
3221,3221,daviplata,55885,0,55885
3224,3224,tarjeta_credito,16305,1630,17935
3225,3225,tarjeta_credito,30467,3046,33513
3226,3226,nequi,60812,6081,66893
3227,3227,efectivo,147311,14731,162042
3228,3228,nequi,67437,0,67437
3229,3229,nequi,35138,0,35138
3230,3230,efectivo,141101,0,141101
3231,3231,tarjeta_debito,28368,0,28368
3233,3233,efectivo,107074,0,107074
3234,3234,efectivo,30098,3009,33107
3236,3236,efectivo,24652,2465,27117
3238,3238,nequi,73832,0,73832
3241,3241,tarjeta_credito,81535,8153,89688
3243,3243,tarjeta_debito,35707,0,35707
3244,3244,nequi,144724,0,144724
3245,3245,nequi,133038,0,133038
3248,3248,tarjeta_credito,89290,8929,98219
3250,3250,nequi,106123,10612,116735
3254,3254,nequi,116535,0,116535
3255,3255,tarjeta_debito,75553,0,75553
3257,3257,nequi,95685,0,95685
3260,3260,tarjeta_debito,74934,7493,82427
3261,3261,efectivo,33173,3317,36490
3262,3262,nequi,90767,9076,99843
3264,3264,tarjeta_debito,41108,4110,45218
3266,3266,tarjeta_credito,111315,0,111315
3269,3269,nequi,15163,0,15163
3272,3272,nequi,23342,2334,25676
3273,3273,nequi,50963,0,50963
3276,3276,nequi,91458,0,91458
3278,3278,tarjeta_debito,124568,0,124568
3279,3279,efectivo,33513,0,33513
3281,3281,tarjeta_debito,55241,0,55241
3284,3284,efectivo,87773,0,87773
3285,3285,tarjeta_debito,32764,3276,36040
3286,3286,nequi,27654,0,27654
3288,3288,nequi,70572,0,70572
3290,3290,tarjeta_debito,30605,0,30605
3292,3292,nequi,35243,3524,38767
3293,3293,tarjeta_debito,141491,0,141491
3294,3294,tarjeta_debito,98768,9876,108644
3295,3295,daviplata,116068,0,116068
3298,3298,tarjeta_debito,119141,0,119141
3299,3299,efectivo,70017,0,70017
3301,3301,nequi,82546,8254,90800
3303,3303,tarjeta_debito,79312,0,79312
3307,3307,tarjeta_debito,135617,13561,149178
3308,3308,efectivo,15872,0,15872
3312,3312,daviplata,17097,1709,18806
3316,3316,nequi,21940,2194,24134
3319,3319,efectivo,77574,7757,85331
3320,3320,nequi,52004,5200,57204
3322,3322,tarjeta_credito,31480,3148,34628
3323,3323,daviplata,137280,13728,151008
3324,3324,tarjeta_debito,133772,13377,147149
3325,3325,nequi,93401,0,93401
3327,3327,nequi,67947,6794,74741
3330,3330,tarjeta_debito,85363,8536,93899
3332,3332,tarjeta_credito,61630,0,61630
3333,3333,efectivo,27336,0,27336
3336,3336,tarjeta_credito,146202,0,146202
3337,3337,efectivo,101543,10154,111697
3338,3338,tarjeta_debito,48778,0,48778
3339,3339,efectivo,94959,0,94959
3340,3340,nequi,27948,2794,30742
3341,3341,tarjeta_debito,17809,1780,19589
3342,3342,efectivo,56187,5618,61805
3343,3343,efectivo,41235,4123,45358
3344,3344,nequi,62132,6213,68345
3349,3349,efectivo,122688,12268,134956
3353,3353,tarjeta_credito,111224,11122,122346
3354,3354,daviplata,60687,0,60687
3355,3355,daviplata,41723,0,41723
3356,3356,efectivo,147402,0,147402
3358,3358,efectivo,114948,0,114948
3360,3360,tarjeta_credito,64222,0,64222
3362,3362,tarjeta_debito,144759,0,144759
3363,3363,daviplata,33344,3334,36678
3364,3364,efectivo,114583,0,114583
3365,3365,tarjeta_debito,140829,0,140829
3368,3368,efectivo,47611,4761,52372
3369,3369,efectivo,35582,3558,39140
3372,3372,daviplata,109984,10998,120982
3373,3373,tarjeta_credito,41621,0,41621
3375,3375,efectivo,51599,5159,56758
3376,3376,nequi,99657,9965,109622
3377,3377,daviplata,125717,12571,138288
3378,3378,efectivo,44521,0,44521
3379,3379,daviplata,85941,8594,94535
3383,3383,tarjeta_debito,134580,13458,148038
3384,3384,tarjeta_credito,16165,1616,17781
3385,3385,daviplata,145882,0,145882
3386,3386,nequi,47042,0,47042
3387,3387,nequi,94882,9488,104370
3389,3389,tarjeta_debito,72130,0,72130
3390,3390,tarjeta_debito,140918,0,140918
3392,3392,tarjeta_credito,24788,2478,27266
3393,3393,tarjeta_debito,128449,12844,141293
3394,3394,efectivo,112885,0,112885
3395,3395,tarjeta_credito,49842,0,49842
3399,3399,daviplata,41521,4152,45673
3400,3400,tarjeta_credito,118706,0,118706
3401,3401,efectivo,61791,6179,67970
3403,3403,daviplata,43771,0,43771
3405,3405,nequi,112228,11222,123450
3406,3406,tarjeta_credito,27909,2790,30699
3407,3407,daviplata,111859,11185,123044
3408,3408,daviplata,128442,12844,141286
3410,3410,tarjeta_debito,36780,0,36780
3411,3411,tarjeta_debito,70233,7023,77256
3414,3414,efectivo,67520,6752,74272
3415,3415,tarjeta_credito,100715,0,100715
3416,3416,tarjeta_debito,27108,0,27108
3417,3417,tarjeta_debito,99419,9941,109360
3421,3421,tarjeta_debito,107265,0,107265
3422,3422,nequi,57371,0,57371
3426,3426,nequi,111509,11150,122659
3427,3427,nequi,108613,10861,119474
3428,3428,nequi,16968,0,16968
3430,3430,daviplata,22946,0,22946
3431,3431,nequi,34400,0,34400
3432,3432,nequi,141195,0,141195
3437,3437,daviplata,135453,0,135453
3441,3441,tarjeta_debito,100594,10059,110653
3442,3442,nequi,98689,9868,108557
3443,3443,daviplata,29059,2905,31964
3444,3444,daviplata,46287,0,46287
3445,3445,daviplata,125265,12526,137791
3446,3446,efectivo,134903,0,134903
3447,3447,daviplata,65743,6574,72317
3449,3449,nequi,42931,4293,47224
3450,3450,nequi,36184,0,36184
3452,3452,nequi,19868,1986,21854
3454,3454,efectivo,76217,0,76217
3455,3455,tarjeta_debito,115878,11587,127465
3456,3456,tarjeta_credito,112460,11246,123706
3458,3458,efectivo,45601,0,45601
3459,3459,tarjeta_credito,40088,4008,44096
3461,3461,tarjeta_debito,22541,2254,24795
3463,3463,daviplata,91943,0,91943
3464,3464,daviplata,61563,6156,67719
3465,3465,tarjeta_credito,134998,0,134998
3466,3466,tarjeta_credito,133456,0,133456
3468,3468,tarjeta_credito,37566,3756,41322
3469,3469,tarjeta_debito,53525,5352,58877
3471,3471,efectivo,72278,7227,79505
3472,3472,nequi,105308,10530,115838
3473,3473,tarjeta_debito,59564,0,59564
3475,3475,tarjeta_debito,90184,0,90184
3476,3476,tarjeta_credito,146841,14684,161525
3482,3482,efectivo,81179,8117,89296
3486,3486,daviplata,15242,0,15242
3488,3488,nequi,97014,9701,106715
3489,3489,tarjeta_credito,118465,11846,130311
3490,3490,nequi,54838,5483,60321
3491,3491,daviplata,121957,12195,134152
3492,3492,daviplata,80368,8036,88404
3494,3494,daviplata,19101,1910,21011
3495,3495,daviplata,34628,3462,38090
3499,3499,daviplata,35751,0,35751
3500,3500,efectivo,112898,11289,124187
3501,3501,nequi,75426,7542,82968
3502,3502,tarjeta_debito,102404,10240,112644
3503,3503,efectivo,52433,5243,57676
3504,3504,tarjeta_debito,103655,10365,114020
3507,3507,tarjeta_debito,29553,2955,32508
3508,3508,tarjeta_credito,64232,6423,70655
3511,3511,tarjeta_debito,31907,0,31907
3512,3512,daviplata,88550,0,88550
3513,3513,efectivo,61783,6178,67961
3514,3514,nequi,143548,14354,157902
3516,3516,daviplata,16413,1641,18054
3517,3517,tarjeta_debito,133053,0,133053
3519,3519,tarjeta_credito,27522,2752,30274
3520,3520,tarjeta_credito,54441,0,54441
3522,3522,tarjeta_credito,110803,11080,121883
3525,3525,tarjeta_credito,64175,0,64175
3527,3527,tarjeta_debito,95215,0,95215
3528,3528,daviplata,42587,0,42587
3529,3529,tarjeta_debito,95459,9545,105004
3530,3530,tarjeta_debito,130139,13013,143152
3531,3531,efectivo,144087,0,144087
3532,3532,daviplata,126426,12642,139068
3534,3534,efectivo,147838,14783,162621
3535,3535,daviplata,90911,9091,100002
3539,3539,tarjeta_debito,24085,0,24085
3541,3541,tarjeta_credito,69482,6948,76430
3543,3543,efectivo,57861,5786,63647
3544,3544,tarjeta_debito,128189,12818,141007
3545,3545,nequi,29452,0,29452
3546,3546,nequi,38810,0,38810
3547,3547,daviplata,28592,2859,31451
3549,3549,tarjeta_debito,41593,0,41593
3550,3550,nequi,79082,7908,86990
3551,3551,nequi,31209,0,31209
3553,3553,tarjeta_credito,95646,9564,105210
3554,3554,efectivo,73560,7356,80916
3555,3555,tarjeta_debito,49033,4903,53936
3556,3556,tarjeta_debito,53004,0,53004
3560,3560,daviplata,70546,0,70546
3561,3561,efectivo,84034,8403,92437
3565,3565,nequi,121435,12143,133578
3566,3566,nequi,27990,2799,30789
3567,3567,daviplata,111171,11117,122288
3571,3571,nequi,98851,9885,108736
3572,3572,tarjeta_credito,138779,13877,152656
3574,3574,nequi,107524,10752,118276
3577,3577,tarjeta_credito,146633,14663,161296
3578,3578,tarjeta_credito,132415,13241,145656
3580,3580,daviplata,112014,11201,123215
3581,3581,daviplata,131449,0,131449
3582,3582,nequi,65440,6544,71984
3584,3584,tarjeta_credito,24619,2461,27080
3585,3585,daviplata,109732,10973,120705
3586,3586,tarjeta_credito,37096,3709,40805
3587,3587,daviplata,116922,11692,128614
3589,3589,efectivo,114510,11451,125961
3591,3591,efectivo,22732,0,22732
3592,3592,daviplata,117311,0,117311
3596,3596,tarjeta_credito,110618,0,110618
3599,3599,tarjeta_credito,102341,10234,112575
3600,3600,tarjeta_credito,120668,0,120668
3601,3601,tarjeta_credito,60726,6072,66798
3602,3602,efectivo,93482,9348,102830
3605,3605,tarjeta_credito,138633,13863,152496
3606,3606,tarjeta_debito,37516,0,37516
3607,3607,efectivo,146363,14636,160999
3609,3609,tarjeta_credito,71051,7105,78156
3610,3610,efectivo,26839,2683,29522
3611,3611,tarjeta_debito,72384,7238,79622
3612,3612,tarjeta_debito,50226,5022,55248
3614,3614,daviplata,20402,2040,22442
3615,3615,daviplata,32384,0,32384
3616,3616,tarjeta_debito,49019,4901,53920
3619,3619,nequi,94740,9474,104214
3621,3621,daviplata,125995,0,125995
3625,3625,nequi,38989,3898,42887
3628,3628,tarjeta_credito,91985,0,91985
3629,3629,nequi,77219,7721,84940
3630,3630,daviplata,83545,0,83545
3632,3632,efectivo,119813,0,119813
3634,3634,nequi,24819,0,24819
3635,3635,daviplata,71057,7105,78162
3636,3636,daviplata,37543,3754,41297
3638,3638,tarjeta_credito,60733,6073,66806
3639,3639,tarjeta_debito,148738,0,148738
3641,3641,tarjeta_debito,87232,8723,95955
3642,3642,daviplata,78976,0,78976
3645,3645,nequi,36524,3652,40176
3646,3646,nequi,37678,3767,41445
3647,3647,tarjeta_debito,139067,13906,152973
3648,3648,efectivo,29828,0,29828
3650,3650,nequi,60252,6025,66277
3653,3653,efectivo,41995,0,41995
3654,3654,efectivo,69927,0,69927
3655,3655,nequi,69491,6949,76440
3657,3657,nequi,73637,0,73637
3658,3658,nequi,44994,4499,49493
3659,3659,daviplata,123221,12322,135543
3660,3660,tarjeta_credito,56483,5648,62131
3661,3661,tarjeta_debito,149500,14950,164450
3662,3662,tarjeta_credito,113048,0,113048
3665,3665,tarjeta_debito,53170,5317,58487
3666,3666,nequi,137198,0,137198
3667,3667,tarjeta_debito,132801,0,132801
3670,3670,tarjeta_credito,54942,0,54942
3674,3674,daviplata,59145,5914,65059
3675,3675,tarjeta_credito,58988,5898,64886
3677,3677,tarjeta_debito,122450,12245,134695
3678,3678,efectivo,124162,0,124162
3683,3683,efectivo,109070,10907,119977
3684,3684,daviplata,122484,12248,134732
3685,3685,daviplata,88767,8876,97643
3686,3686,efectivo,124119,0,124119
3687,3687,nequi,75495,7549,83044
3688,3688,daviplata,55141,5514,60655
3689,3689,tarjeta_debito,117246,0,117246
3690,3690,daviplata,34129,0,34129
3691,3691,tarjeta_debito,98385,0,98385
3693,3693,daviplata,80952,0,80952
3695,3695,nequi,105483,0,105483
3696,3696,daviplata,106571,10657,117228
3699,3699,tarjeta_credito,23656,2365,26021
3700,3700,nequi,104307,10430,114737
3701,3701,daviplata,73564,7356,80920
3702,3702,efectivo,52086,5208,57294
3703,3703,nequi,73124,0,73124
3704,3704,efectivo,49626,4962,54588
3705,3705,efectivo,149642,14964,164606
3706,3706,tarjeta_debito,86024,8602,94626
3708,3708,tarjeta_debito,16618,1661,18279
3710,3710,tarjeta_debito,70043,7004,77047
3712,3712,nequi,30488,3048,33536
3715,3715,tarjeta_credito,91196,9119,100315
3716,3716,tarjeta_credito,120194,12019,132213
3717,3717,tarjeta_credito,145952,0,145952
3718,3718,daviplata,74967,7496,82463
3719,3719,daviplata,93706,0,93706
3720,3720,daviplata,128428,12842,141270
3721,3721,efectivo,34575,3457,38032
3722,3722,tarjeta_debito,38196,0,38196
3725,3725,daviplata,37238,0,37238
3726,3726,nequi,71771,7177,78948
3727,3727,daviplata,133296,0,133296
3728,3728,tarjeta_credito,45815,4581,50396
3729,3729,efectivo,146123,14612,160735
3730,3730,efectivo,31305,3130,34435
3733,3733,tarjeta_debito,69107,6910,76017
3734,3734,efectivo,58004,5800,63804
3735,3735,daviplata,46843,0,46843
3736,3736,nequi,24248,2424,26672
3740,3740,tarjeta_credito,104679,10467,115146
3743,3743,daviplata,34313,3431,37744
3744,3744,daviplata,93514,9351,102865
3745,3745,daviplata,68681,6868,75549
3746,3746,efectivo,146568,0,146568
3749,3749,tarjeta_debito,124288,0,124288
3751,3751,nequi,64374,6437,70811
3753,3753,tarjeta_debito,145766,14576,160342
3756,3756,daviplata,31053,0,31053
3761,3761,daviplata,109372,10937,120309
3762,3762,tarjeta_credito,131669,13166,144835
3763,3763,daviplata,103674,10367,114041
3764,3764,tarjeta_debito,52672,0,52672
3765,3765,nequi,126105,12610,138715
3767,3767,efectivo,60139,6013,66152
3768,3768,tarjeta_credito,105706,0,105706
3769,3769,tarjeta_debito,90593,0,90593
3771,3771,tarjeta_debito,23590,2359,25949
3776,3776,daviplata,17743,1774,19517
3778,3778,daviplata,148910,14891,163801
3779,3779,tarjeta_credito,57709,5770,63479
3781,3781,nequi,41796,4179,45975
3782,3782,tarjeta_debito,87855,0,87855
3783,3783,nequi,29060,2906,31966
3784,3784,tarjeta_debito,78235,0,78235
3787,3787,tarjeta_debito,108114,10811,118925
3788,3788,tarjeta_credito,115939,11593,127532
3789,3789,nequi,78057,7805,85862
3793,3793,daviplata,70723,0,70723
3798,3798,daviplata,24740,0,24740
3802,3802,efectivo,49450,4945,54395
3803,3803,nequi,71022,7102,78124
3806,3806,tarjeta_debito,16862,0,16862
3807,3807,efectivo,145191,0,145191
3808,3808,efectivo,66824,6682,73506
3811,3811,tarjeta_debito,145228,14522,159750
3812,3812,efectivo,143116,14311,157427
3816,3816,tarjeta_debito,114916,11491,126407
3818,3818,nequi,37208,0,37208
3822,3822,efectivo,52867,5286,58153
3824,3824,tarjeta_debito,102701,0,102701
3825,3825,nequi,93458,9345,102803
3827,3827,efectivo,110419,0,110419
3828,3828,tarjeta_credito,73472,7347,80819
3829,3829,tarjeta_credito,128024,12802,140826
3830,3830,daviplata,109842,10984,120826
3831,3831,nequi,75903,7590,83493
3832,3832,daviplata,142774,14277,157051
3833,3833,nequi,35915,3591,39506
3834,3834,tarjeta_debito,93674,9367,103041
3835,3835,efectivo,56541,0,56541
3836,3836,daviplata,142437,14243,156680
3837,3837,efectivo,57421,0,57421
3838,3838,nequi,132291,0,132291
3839,3839,tarjeta_credito,79378,0,79378
3840,3840,daviplata,33300,0,33300
3842,3842,nequi,85489,0,85489
3844,3844,nequi,31758,0,31758
3845,3845,daviplata,123568,12356,135924
3847,3847,daviplata,69831,6983,76814
3848,3848,nequi,60483,6048,66531
3852,3852,daviplata,64456,0,64456
3853,3853,nequi,83782,8378,92160
3854,3854,efectivo,105511,10551,116062
3855,3855,efectivo,86089,8608,94697
3857,3857,tarjeta_credito,31132,3113,34245
3858,3858,nequi,108764,10876,119640
3862,3862,tarjeta_debito,126969,0,126969
3864,3864,daviplata,92080,0,92080
3866,3866,efectivo,22192,0,22192
3867,3867,daviplata,79719,7971,87690
3870,3870,tarjeta_credito,94220,9422,103642
3871,3871,nequi,51209,5120,56329
3873,3873,daviplata,149002,0,149002
3874,3874,efectivo,116585,0,116585
3875,3875,daviplata,108263,10826,119089
3876,3876,daviplata,29782,0,29782
3877,3877,nequi,37754,0,37754
3878,3878,daviplata,50721,0,50721
3879,3879,nequi,109758,0,109758
3880,3880,nequi,40456,4045,44501
3884,3884,daviplata,36306,3630,39936
3885,3885,efectivo,93657,9365,103022
3886,3886,efectivo,68099,6809,74908
3887,3887,efectivo,58383,5838,64221
3888,3888,tarjeta_credito,94850,9485,104335
3889,3889,tarjeta_debito,55703,5570,61273
3894,3894,tarjeta_credito,141226,14122,155348
3895,3895,efectivo,53517,5351,58868
3896,3896,daviplata,149925,0,149925
3897,3897,nequi,77143,7714,84857
3899,3899,nequi,44280,4428,48708
3901,3901,daviplata,118761,11876,130637
3903,3903,tarjeta_credito,116062,11606,127668
3904,3904,tarjeta_debito,88654,8865,97519
3906,3906,efectivo,59790,0,59790
3907,3907,nequi,17452,1745,19197
3908,3908,daviplata,44111,4411,48522
3909,3909,tarjeta_debito,127566,0,127566
3910,3910,tarjeta_debito,110282,11028,121310
3912,3912,nequi,66805,0,66805
3916,3916,daviplata,122280,12228,134508
3917,3917,tarjeta_debito,56935,0,56935
3918,3918,tarjeta_credito,62588,0,62588
3919,3919,nequi,70070,7007,77077
3920,3920,efectivo,63491,6349,69840
3921,3921,daviplata,113654,0,113654
3925,3925,nequi,136792,13679,150471
3927,3927,daviplata,149488,0,149488
3932,3932,tarjeta_credito,28536,2853,31389
3935,3935,tarjeta_credito,131495,0,131495
3936,3936,efectivo,90128,0,90128
3937,3937,efectivo,44538,4453,48991
3941,3941,nequi,123027,0,123027
3942,3942,tarjeta_credito,71243,7124,78367
3943,3943,nequi,75926,0,75926
3945,3945,efectivo,119709,11970,131679
3946,3946,daviplata,86239,8623,94862
3947,3947,tarjeta_credito,26909,0,26909
3949,3949,daviplata,28955,2895,31850
3950,3950,tarjeta_credito,54061,5406,59467
3952,3952,efectivo,73351,7335,80686
3953,3953,efectivo,47009,4700,51709
3954,3954,nequi,148538,14853,163391
3957,3957,tarjeta_debito,132749,13274,146023
3958,3958,tarjeta_debito,24731,2473,27204
3959,3959,efectivo,15410,1541,16951
3962,3962,nequi,103211,10321,113532
3963,3963,daviplata,111888,11188,123076
3967,3967,nequi,106724,10672,117396
3971,3971,nequi,40277,4027,44304
3972,3972,nequi,146136,0,146136
3973,3973,nequi,68136,6813,74949
3974,3974,nequi,26674,2667,29341
3975,3975,efectivo,128202,12820,141022
3981,3981,nequi,99504,9950,109454
3982,3982,nequi,64396,6439,70835
3983,3983,nequi,68344,6834,75178
3986,3986,daviplata,118786,11878,130664
3988,3988,tarjeta_credito,20093,0,20093
3989,3989,daviplata,121774,12177,133951
3992,3992,efectivo,101133,10113,111246
3994,3994,tarjeta_debito,145174,14517,159691
3999,3999,tarjeta_debito,118742,11874,130616
4000,4000,nequi,145636,0,145636
4001,4001,daviplata,57067,0,57067
4003,4003,tarjeta_credito,138057,0,138057
4005,4005,nequi,93720,9372,103092
4006,4006,tarjeta_debito,35965,3596,39561
4009,4009,tarjeta_credito,131322,13132,144454
4010,4010,daviplata,44120,4412,48532
4012,4012,tarjeta_debito,30227,3022,33249
4013,4013,daviplata,62514,0,62514
4014,4014,tarjeta_debito,105764,0,105764
4015,4015,tarjeta_credito,76920,0,76920
4016,4016,tarjeta_credito,149380,0,149380
4020,4020,tarjeta_debito,76910,0,76910
4021,4021,tarjeta_credito,61297,6129,67426
4022,4022,nequi,34768,3476,38244
4023,4023,efectivo,29264,2926,32190
4024,4024,daviplata,103953,10395,114348
4027,4027,efectivo,130365,13036,143401
4028,4028,nequi,23916,2391,26307
4029,4029,efectivo,91646,9164,100810
4030,4030,efectivo,99988,0,99988
4032,4032,efectivo,136004,0,136004
4034,4034,daviplata,142770,0,142770
4036,4036,efectivo,92536,0,92536
4037,4037,efectivo,105295,0,105295
4038,4038,efectivo,73126,7312,80438
4039,4039,daviplata,100931,0,100931
4041,4041,tarjeta_debito,134834,0,134834
4042,4042,nequi,142615,14261,156876
4043,4043,nequi,139747,0,139747
4045,4045,tarjeta_debito,85769,8576,94345
4046,4046,efectivo,118478,11847,130325
4047,4047,nequi,101287,10128,111415
4049,4049,efectivo,30892,3089,33981
4054,4054,efectivo,79350,7935,87285
4055,4055,nequi,133162,13316,146478
4057,4057,daviplata,74875,7487,82362
4058,4058,nequi,33944,0,33944
4062,4062,tarjeta_credito,27160,2716,29876
4063,4063,daviplata,131143,13114,144257
4064,4064,nequi,93819,9381,103200
4065,4065,tarjeta_debito,78801,0,78801
4066,4066,efectivo,63405,0,63405
4067,4067,tarjeta_credito,30497,3049,33546
4069,4069,tarjeta_credito,65908,0,65908
4071,4071,efectivo,59402,5940,65342
4076,4076,efectivo,49546,4954,54500
4077,4077,daviplata,105959,0,105959
4078,4078,efectivo,122856,12285,135141
4079,4079,nequi,131464,0,131464
4081,4081,efectivo,52595,5259,57854
4083,4083,efectivo,22787,2278,25065
4085,4085,tarjeta_credito,141794,14179,155973
4086,4086,tarjeta_debito,147479,14747,162226
4087,4087,daviplata,147954,14795,162749
4088,4088,nequi,107241,0,107241
4089,4089,tarjeta_debito,76083,0,76083
4090,4090,efectivo,15926,1592,17518
4092,4092,efectivo,24371,0,24371
4093,4093,efectivo,27432,0,27432
4094,4094,efectivo,89550,8955,98505
4095,4095,daviplata,18997,1899,20896
4100,4100,efectivo,146371,0,146371
4103,4103,tarjeta_credito,22251,2225,24476
4104,4104,tarjeta_debito,66322,6632,72954
4105,4105,nequi,18515,0,18515
4107,4107,daviplata,93335,9333,102668
4108,4108,tarjeta_credito,124291,12429,136720
4110,4110,efectivo,23856,0,23856
4112,4112,tarjeta_debito,21698,2169,23867
4113,4113,tarjeta_credito,144842,14484,159326
4118,4118,efectivo,83832,8383,92215
4119,4119,efectivo,147029,0,147029
4120,4120,tarjeta_credito,134556,13455,148011
4121,4121,tarjeta_credito,106563,0,106563
4122,4122,tarjeta_debito,60781,0,60781
4123,4123,tarjeta_credito,58738,5873,64611
4124,4124,tarjeta_debito,117724,11772,129496
4125,4125,tarjeta_credito,92925,0,92925
4127,4127,efectivo,84411,0,84411
4129,4129,nequi,78949,0,78949
4131,4131,tarjeta_debito,102436,10243,112679
4133,4133,daviplata,134437,13443,147880
4134,4134,tarjeta_debito,101409,10140,111549
4135,4135,tarjeta_credito,95427,9542,104969
4136,4136,tarjeta_credito,23794,0,23794
4137,4137,tarjeta_credito,114031,11403,125434
4139,4139,efectivo,47069,4706,51775
4140,4140,daviplata,146925,14692,161617
4141,4141,tarjeta_debito,36487,0,36487
4143,4143,tarjeta_credito,102972,10297,113269
4145,4145,nequi,114149,0,114149
4146,4146,efectivo,148983,0,148983
4148,4148,tarjeta_credito,126611,0,126611
4150,4150,tarjeta_credito,64729,6472,71201
4151,4151,daviplata,77013,0,77013
4152,4152,nequi,25542,2554,28096
4153,4153,tarjeta_credito,146029,0,146029
4154,4154,daviplata,81228,8122,89350
4156,4156,nequi,113319,0,113319
4158,4158,daviplata,114849,11484,126333
4161,4161,daviplata,19133,1913,21046
4162,4162,nequi,32230,0,32230
4163,4163,efectivo,36630,0,36630
4164,4164,daviplata,31444,3144,34588
4167,4167,nequi,135359,0,135359
4168,4168,efectivo,40065,4006,44071
4173,4173,tarjeta_debito,64052,6405,70457
4174,4174,tarjeta_debito,66758,6675,73433
4176,4176,tarjeta_credito,134617,13461,148078
4178,4178,tarjeta_credito,56790,5679,62469
4179,4179,tarjeta_credito,106944,10694,117638
4181,4181,tarjeta_debito,53045,0,53045
4182,4182,tarjeta_credito,104457,0,104457
4183,4183,daviplata,16712,0,16712
4184,4184,tarjeta_credito,125082,0,125082
4185,4185,nequi,135548,13554,149102
4186,4186,daviplata,124088,12408,136496
4187,4187,tarjeta_debito,146070,14607,160677
4188,4188,efectivo,33682,0,33682
4194,4194,efectivo,28308,2830,31138
4195,4195,tarjeta_debito,106789,10678,117467
4196,4196,efectivo,108332,10833,119165
4197,4197,daviplata,35420,0,35420
4200,4200,tarjeta_debito,84162,8416,92578
4201,4201,tarjeta_credito,31344,3134,34478
4202,4202,tarjeta_credito,108706,0,108706
4203,4203,efectivo,58151,5815,63966
4204,4204,efectivo,49406,0,49406
4208,4208,efectivo,67317,0,67317
4209,4209,tarjeta_credito,142919,0,142919
4214,4214,efectivo,23107,0,23107
4216,4216,nequi,108273,0,108273
4220,4220,efectivo,42372,4237,46609
4223,4223,daviplata,131880,13188,145068
4228,4228,efectivo,83866,0,83866
4229,4229,nequi,81123,8112,89235
4230,4230,daviplata,39293,0,39293
4231,4231,daviplata,124926,12492,137418
4234,4234,tarjeta_debito,129113,0,129113
4239,4239,daviplata,15549,0,15549
4240,4240,daviplata,83629,8362,91991
4241,4241,nequi,34676,3467,38143
4243,4243,daviplata,65624,0,65624
4244,4244,daviplata,135208,0,135208
4245,4245,tarjeta_debito,82608,8260,90868
4246,4246,daviplata,23446,2344,25790
4247,4247,tarjeta_credito,127646,12764,140410
4248,4248,tarjeta_credito,42928,4292,47220
4249,4249,daviplata,36905,3690,40595
4250,4250,nequi,100062,10006,110068
4252,4252,efectivo,93692,0,93692
4253,4253,nequi,28318,0,28318
4258,4258,tarjeta_debito,147076,14707,161783
4259,4259,tarjeta_credito,123728,0,123728
4260,4260,efectivo,49408,0,49408
4262,4262,tarjeta_debito,141704,14170,155874
4263,4263,tarjeta_credito,20035,0,20035
4264,4264,daviplata,36595,3659,40254
4268,4268,tarjeta_debito,85089,8508,93597
4269,4269,tarjeta_credito,141431,14143,155574
4270,4270,tarjeta_credito,56550,5655,62205
4272,4272,nequi,135665,13566,149231
4273,4273,tarjeta_debito,34140,3414,37554
4274,4274,efectivo,65808,6580,72388
4275,4275,efectivo,110028,0,110028
4276,4276,daviplata,75178,0,75178
4277,4277,tarjeta_debito,82901,0,82901
4281,4281,tarjeta_debito,115737,11573,127310
4282,4282,tarjeta_debito,86744,8674,95418
4283,4283,daviplata,16333,0,16333
4284,4284,tarjeta_debito,22559,0,22559
4285,4285,nequi,31497,0,31497
4287,4287,nequi,128814,0,128814
4288,4288,nequi,16045,1604,17649
4289,4289,nequi,94075,9407,103482
4290,4290,nequi,117197,11719,128916
4291,4291,tarjeta_debito,57668,5766,63434
4292,4292,tarjeta_debito,143721,0,143721
4294,4294,daviplata,69434,6943,76377
4295,4295,daviplata,149034,14903,163937
4296,4296,tarjeta_debito,81321,8132,89453
4297,4297,tarjeta_debito,91891,9189,101080
4298,4298,tarjeta_debito,43098,4309,47407
4299,4299,tarjeta_credito,139448,0,139448
4300,4300,nequi,135519,13551,149070
4301,4301,efectivo,18414,0,18414
4303,4303,tarjeta_credito,114101,0,114101
4304,4304,efectivo,73439,7343,80782
4305,4305,daviplata,34445,0,34445
4308,4308,efectivo,26086,2608,28694
4309,4309,tarjeta_credito,106945,0,106945
4312,4312,daviplata,72168,7216,79384
4314,4314,tarjeta_credito,128402,0,128402
4315,4315,tarjeta_credito,83671,8367,92038
4316,4316,tarjeta_credito,131542,0,131542
4318,4318,tarjeta_debito,56416,5641,62057
4321,4321,tarjeta_credito,97321,0,97321
4322,4322,efectivo,61256,0,61256
4323,4323,tarjeta_credito,59312,5931,65243
4324,4324,tarjeta_debito,25301,0,25301
4325,4325,daviplata,108891,10889,119780
4326,4326,daviplata,104276,10427,114703
4327,4327,tarjeta_credito,22218,0,22218
4328,4328,tarjeta_credito,28185,2818,31003
4330,4330,nequi,36014,3601,39615
4331,4331,efectivo,51061,0,51061
4332,4332,tarjeta_credito,96328,0,96328
4333,4333,nequi,67222,0,67222
4335,4335,tarjeta_credito,149549,14954,164503
4336,4336,tarjeta_debito,46214,4621,50835
4337,4337,tarjeta_debito,33083,0,33083
4338,4338,daviplata,125410,0,125410
4340,4340,efectivo,63445,6344,69789
4341,4341,nequi,42073,4207,46280
4342,4342,nequi,74827,0,74827
4344,4344,tarjeta_credito,79725,0,79725
4349,4349,efectivo,136475,13647,150122
4350,4350,nequi,101445,0,101445
4351,4351,tarjeta_credito,85133,8513,93646
4355,4355,daviplata,122149,12214,134363
4356,4356,daviplata,95222,0,95222
4358,4358,tarjeta_debito,96525,0,96525
4359,4359,daviplata,88377,8837,97214
4361,4361,tarjeta_debito,113071,11307,124378
4362,4362,nequi,122682,0,122682
4364,4364,daviplata,105715,0,105715
4366,4366,daviplata,140439,0,140439
4367,4367,daviplata,95709,9570,105279
4368,4368,nequi,101194,10119,111313
4369,4369,nequi,95114,9511,104625
4371,4371,daviplata,129265,12926,142191
4372,4372,tarjeta_credito,119061,11906,130967
4374,4374,daviplata,39543,3954,43497
4377,4377,efectivo,26331,2633,28964
4378,4378,tarjeta_debito,16636,0,16636
4379,4379,nequi,107990,10799,118789
4380,4380,tarjeta_credito,108686,10868,119554
4382,4382,tarjeta_credito,44179,0,44179
4384,4384,tarjeta_credito,21469,2146,23615
4385,4385,efectivo,137688,13768,151456
4387,4387,efectivo,96235,9623,105858
4388,4388,tarjeta_debito,115637,11563,127200
4390,4390,tarjeta_credito,49199,0,49199
4391,4391,tarjeta_debito,105089,10508,115597
4392,4392,tarjeta_debito,99420,9942,109362
4394,4394,daviplata,94564,9456,104020
4398,4398,efectivo,74497,7449,81946
4399,4399,efectivo,140064,14006,154070
4401,4401,tarjeta_debito,42359,0,42359
4402,4402,tarjeta_credito,125020,12502,137522
4403,4403,tarjeta_credito,58720,0,58720
4404,4404,efectivo,69954,0,69954
4405,4405,nequi,129656,12965,142621
4406,4406,tarjeta_debito,141003,14100,155103
4407,4407,nequi,134123,13412,147535
4408,4408,daviplata,134038,0,134038
4409,4409,efectivo,45701,4570,50271
4410,4410,nequi,55250,0,55250
4411,4411,efectivo,35560,3556,39116
4412,4412,daviplata,100515,0,100515
4413,4413,efectivo,131711,0,131711
4415,4415,daviplata,117107,11710,128817
4416,4416,tarjeta_debito,93700,9370,103070
4418,4418,efectivo,128030,12803,140833
4419,4419,nequi,49084,0,49084
4420,4420,tarjeta_debito,76595,0,76595
4422,4422,tarjeta_credito,21832,0,21832
4424,4424,tarjeta_credito,132802,0,132802
4425,4425,efectivo,72307,7230,79537
4426,4426,nequi,61120,6112,67232
4429,4429,tarjeta_credito,142043,0,142043
4430,4430,efectivo,144592,0,144592
4431,4431,daviplata,110577,11057,121634
4434,4434,daviplata,32255,3225,35480
4435,4435,tarjeta_debito,64776,6477,71253
4436,4436,tarjeta_credito,77491,0,77491
4438,4438,tarjeta_debito,111044,0,111044
4440,4440,tarjeta_debito,94845,9484,104329
4441,4441,efectivo,24943,0,24943
4444,4444,tarjeta_debito,35041,0,35041
4446,4446,tarjeta_credito,145012,14501,159513
4448,4448,efectivo,27998,0,27998
4449,4449,tarjeta_credito,67615,6761,74376
4452,4452,efectivo,74326,7432,81758
4453,4453,nequi,43388,4338,47726
4455,4455,nequi,36757,3675,40432
4456,4456,tarjeta_credito,53594,5359,58953
4457,4457,tarjeta_debito,42218,4221,46439
4458,4458,efectivo,67400,6740,74140
4459,4459,daviplata,137949,13794,151743
4464,4464,tarjeta_credito,109982,10998,120980
4466,4466,tarjeta_debito,132690,13269,145959
4467,4467,tarjeta_credito,105882,10588,116470
4468,4468,efectivo,57403,5740,63143
4470,4470,nequi,78865,7886,86751
4472,4472,tarjeta_debito,45891,4589,50480
4474,4474,tarjeta_credito,111960,11196,123156
4476,4476,nequi,146788,0,146788
4477,4477,efectivo,108706,0,108706
4478,4478,tarjeta_credito,104895,0,104895
4479,4479,nequi,96276,0,96276
4481,4481,tarjeta_credito,48510,4851,53361
4483,4483,nequi,126056,12605,138661
4485,4485,tarjeta_credito,42138,4213,46351
4487,4487,tarjeta_debito,52312,5231,57543
4488,4488,tarjeta_debito,108230,0,108230
4489,4489,daviplata,44127,4412,48539
4490,4490,nequi,94005,0,94005
4491,4491,efectivo,114857,11485,126342
4492,4492,tarjeta_debito,30986,3098,34084
4494,4494,tarjeta_credito,56414,5641,62055
4495,4495,efectivo,38903,3890,42793
4496,4496,daviplata,113791,11379,125170
4497,4497,tarjeta_credito,100193,10019,110212
4499,4499,daviplata,85167,0,85167
4500,4500,efectivo,123354,12335,135689
4504,4504,daviplata,31381,3138,34519
4505,4505,daviplata,43827,4382,48209
4507,4507,daviplata,56337,0,56337
4508,4508,efectivo,121607,12160,133767
4510,4510,tarjeta_debito,48178,4817,52995
4512,4512,nequi,16419,0,16419
4514,4514,efectivo,32618,3261,35879
4515,4515,tarjeta_debito,102794,10279,113073
4516,4516,tarjeta_debito,146756,14675,161431
4518,4518,tarjeta_credito,148346,0,148346
4520,4520,tarjeta_debito,131077,0,131077
4521,4521,nequi,55510,0,55510
4523,4523,tarjeta_credito,44365,4436,48801
4527,4527,tarjeta_credito,83689,0,83689
4529,4529,tarjeta_debito,100153,0,100153
4530,4530,tarjeta_debito,44096,4409,48505
4532,4532,tarjeta_credito,127695,12769,140464
4534,4534,efectivo,21060,2106,23166
4539,4539,tarjeta_credito,134597,0,134597
4541,4541,tarjeta_credito,20655,0,20655
4542,4542,tarjeta_credito,15001,0,15001
4543,4543,daviplata,141332,14133,155465
4544,4544,nequi,130240,0,130240
4547,4547,efectivo,16478,0,16478
4548,4548,efectivo,28552,2855,31407
4551,4551,nequi,81257,8125,89382
4553,4553,tarjeta_credito,34385,3438,37823
4554,4554,tarjeta_debito,16254,0,16254
4555,4555,tarjeta_credito,55450,0,55450
4556,4556,tarjeta_credito,24122,0,24122
4559,4559,tarjeta_debito,126153,12615,138768
4562,4562,tarjeta_credito,19841,0,19841
4563,4563,efectivo,82538,8253,90791
4564,4564,daviplata,42414,0,42414
4565,4565,tarjeta_debito,20047,2004,22051
4567,4567,daviplata,99150,9915,109065
4568,4568,daviplata,27613,2761,30374
4571,4571,tarjeta_debito,38429,3842,42271
4572,4572,daviplata,43963,0,43963
4574,4574,daviplata,104881,10488,115369
4575,4575,tarjeta_debito,36709,0,36709
4576,4576,tarjeta_credito,121099,12109,133208
4577,4577,nequi,79958,7995,87953
4581,4581,efectivo,81491,0,81491
4583,4583,tarjeta_debito,27383,2738,30121
4584,4584,tarjeta_credito,28386,2838,31224
4587,4587,efectivo,54604,5460,60064
4588,4588,tarjeta_debito,17280,0,17280
4590,4590,tarjeta_debito,79197,7919,87116
4591,4591,tarjeta_debito,76519,7651,84170
4592,4592,tarjeta_credito,26191,2619,28810
4598,4598,nequi,136469,0,136469
4599,4599,tarjeta_debito,44646,4464,49110
4600,4600,nequi,95023,9502,104525
4601,4601,daviplata,109708,10970,120678
4602,4602,nequi,141095,14109,155204
4603,4603,efectivo,88040,0,88040
4605,4605,tarjeta_debito,32525,3252,35777
4607,4607,daviplata,142557,0,142557
4608,4608,tarjeta_credito,54343,5434,59777
4609,4609,tarjeta_credito,54047,0,54047
4610,4610,tarjeta_credito,108779,10877,119656
4611,4611,tarjeta_credito,20623,2062,22685
4612,4612,daviplata,35390,3539,38929
4617,4617,tarjeta_debito,121202,12120,133322
4619,4619,efectivo,89679,8967,98646
4621,4621,efectivo,27366,2736,30102
4624,4624,daviplata,112172,0,112172
4625,4625,tarjeta_debito,113749,11374,125123
4626,4626,nequi,44880,0,44880
4627,4627,tarjeta_debito,89083,8908,97991
4628,4628,efectivo,28488,2848,31336
4629,4629,nequi,69110,6911,76021
4630,4630,tarjeta_debito,70972,0,70972
4631,4631,efectivo,111539,11153,122692
4632,4632,daviplata,17366,1736,19102
4633,4633,daviplata,32406,0,32406
4636,4636,tarjeta_credito,112371,0,112371
4638,4638,daviplata,94346,9434,103780
4642,4642,tarjeta_debito,57328,5732,63060
4644,4644,daviplata,82567,0,82567
4645,4645,efectivo,110340,0,110340
4646,4646,daviplata,27480,0,27480
4647,4647,nequi,19353,0,19353
4648,4648,nequi,19942,0,19942
4649,4649,tarjeta_credito,34588,0,34588
4650,4650,tarjeta_credito,53338,0,53338
4652,4652,tarjeta_debito,53611,5361,58972
4653,4653,nequi,38399,3839,42238
4655,4655,tarjeta_debito,60603,0,60603
4657,4657,nequi,66941,0,66941
4658,4658,nequi,114562,0,114562
4660,4660,tarjeta_credito,134433,13443,147876
4662,4662,nequi,24488,2448,26936
4663,4663,daviplata,62681,0,62681
4664,4664,nequi,132358,0,132358
4665,4665,tarjeta_debito,52533,0,52533
4669,4669,efectivo,69299,0,69299
4671,4671,tarjeta_credito,123205,12320,135525
4672,4672,nequi,18621,0,18621
4673,4673,daviplata,68802,6880,75682
4674,4674,tarjeta_debito,93942,9394,103336
4675,4675,nequi,77510,0,77510
4677,4677,tarjeta_debito,138454,13845,152299
4678,4678,efectivo,31364,3136,34500
4679,4679,daviplata,116903,0,116903
4681,4681,tarjeta_debito,68380,6838,75218
4682,4682,tarjeta_debito,58421,0,58421
4683,4683,tarjeta_credito,69931,6993,76924
4684,4684,nequi,42383,4238,46621
4685,4685,daviplata,131846,0,131846
4686,4686,efectivo,139808,13980,153788
4689,4689,daviplata,101812,0,101812
4693,4693,efectivo,26207,0,26207
4694,4694,efectivo,100035,0,100035
4695,4695,tarjeta_credito,43414,0,43414
4700,4700,tarjeta_debito,65140,6514,71654
4701,4701,tarjeta_credito,139810,13981,153791
4702,4702,tarjeta_debito,76507,7650,84157
4703,4703,efectivo,143385,14338,157723
4705,4705,tarjeta_debito,104244,10424,114668
4706,4706,tarjeta_credito,52095,5209,57304
4708,4708,tarjeta_credito,72057,0,72057
4711,4711,tarjeta_credito,53497,5349,58846
4712,4712,efectivo,136511,13651,150162
4713,4713,efectivo,130749,13074,143823
4714,4714,nequi,42594,0,42594
4715,4715,daviplata,121808,12180,133988
4716,4716,tarjeta_credito,95446,9544,104990
4719,4719,tarjeta_debito,134991,13499,148490
4720,4720,nequi,107662,10766,118428
4721,4721,daviplata,42343,4234,46577
4722,4722,efectivo,120687,12068,132755
4723,4723,tarjeta_credito,126938,12693,139631
4724,4724,tarjeta_debito,111465,11146,122611
4725,4725,tarjeta_debito,28880,0,28880
4727,4727,nequi,61364,6136,67500
4728,4728,tarjeta_credito,88893,0,88893
4731,4731,tarjeta_debito,38231,3823,42054
4732,4732,tarjeta_credito,70654,0,70654
4733,4733,nequi,86681,0,86681
4734,4734,tarjeta_debito,39997,3999,43996
4735,4735,nequi,105885,0,105885
4736,4736,nequi,122522,12252,134774
4738,4738,nequi,31413,3141,34554
4739,4739,tarjeta_debito,67222,0,67222
4740,4740,nequi,81207,8120,89327
4742,4742,nequi,81122,0,81122
4749,4749,nequi,51976,5197,57173
4751,4751,nequi,75746,7574,83320
4752,4752,nequi,126756,12675,139431
4753,4753,tarjeta_debito,99372,0,99372
4754,4754,tarjeta_debito,147047,0,147047
4756,4756,tarjeta_credito,52878,5287,58165
4757,4757,tarjeta_debito,128991,12899,141890
4759,4759,tarjeta_credito,93119,9311,102430
4760,4760,nequi,58703,5870,64573
4761,4761,tarjeta_debito,25735,0,25735
4763,4763,daviplata,115346,11534,126880
4766,4766,daviplata,62005,6200,68205
4768,4768,tarjeta_debito,89874,0,89874
4770,4770,efectivo,131755,13175,144930
4772,4772,nequi,65175,0,65175
4774,4774,nequi,37767,0,37767
4778,4778,nequi,113372,0,113372
4779,4779,nequi,87958,0,87958
4780,4780,tarjeta_credito,39187,3918,43105
4783,4783,tarjeta_credito,137683,13768,151451
4784,4784,nequi,34135,3413,37548
4786,4786,daviplata,24923,0,24923
4789,4789,nequi,70358,7035,77393
4790,4790,daviplata,96572,0,96572
4791,4791,nequi,113325,11332,124657
4792,4792,nequi,15169,1516,16685
4795,4795,daviplata,144635,14463,159098
4797,4797,daviplata,46624,0,46624
4798,4798,daviplata,116930,11693,128623
4799,4799,tarjeta_credito,118788,0,118788
4800,4800,daviplata,77848,7784,85632
4805,4805,efectivo,55187,5518,60705
4807,4807,tarjeta_debito,138693,0,138693
4808,4808,nequi,30666,3066,33732
4809,4809,nequi,115825,11582,127407
4810,4810,nequi,98882,0,98882
4814,4814,efectivo,21442,0,21442
4815,4815,efectivo,45010,0,45010
4818,4818,daviplata,129580,12958,142538
4819,4819,efectivo,109745,10974,120719
4820,4820,tarjeta_credito,38028,0,38028
4824,4824,daviplata,99288,9928,109216
4827,4827,efectivo,90465,9046,99511
4830,4830,tarjeta_debito,50071,5007,55078
4831,4831,daviplata,27398,2739,30137
4833,4833,daviplata,99298,0,99298
4834,4834,tarjeta_debito,145560,0,145560
4835,4835,nequi,62257,6225,68482
4837,4837,nequi,51308,5130,56438
4839,4839,efectivo,90307,9030,99337
4841,4841,nequi,37884,3788,41672
4842,4842,tarjeta_debito,48747,0,48747
4843,4843,daviplata,119480,0,119480
4844,4844,tarjeta_credito,137174,13717,150891
4845,4845,tarjeta_credito,106519,10651,117170
4846,4846,efectivo,54159,5415,59574
4847,4847,tarjeta_credito,76879,0,76879
4850,4850,nequi,49355,0,49355
4851,4851,tarjeta_debito,129678,12967,142645
4852,4852,nequi,59090,0,59090
4853,4853,nequi,61747,6174,67921
4856,4856,tarjeta_credito,17785,0,17785
4857,4857,tarjeta_debito,26289,2628,28917
4858,4858,efectivo,127101,12710,139811
4859,4859,efectivo,55900,0,55900
4860,4860,efectivo,37533,3753,41286
4862,4862,efectivo,22812,2281,25093
4864,4864,daviplata,103836,10383,114219
4866,4866,efectivo,83991,0,83991
4868,4868,efectivo,96089,9608,105697
4870,4870,tarjeta_credito,125022,12502,137524
4872,4872,tarjeta_credito,94482,9448,103930
4874,4874,daviplata,100716,10071,110787
4875,4875,efectivo,137716,13771,151487
4876,4876,daviplata,34361,0,34361
4877,4877,daviplata,63781,6378,70159
4878,4878,tarjeta_debito,71701,7170,78871
4879,4879,efectivo,132797,13279,146076
4880,4880,tarjeta_debito,44359,0,44359
4881,4881,daviplata,25835,0,25835
4884,4884,efectivo,22779,0,22779
4885,4885,daviplata,129635,12963,142598
4887,4887,nequi,30753,0,30753
4889,4889,nequi,77789,0,77789
4890,4890,tarjeta_debito,146818,14681,161499
4892,4892,efectivo,83655,0,83655
4893,4893,efectivo,118606,0,118606
4894,4894,nequi,136901,0,136901
4895,4895,tarjeta_debito,34932,3493,38425
4896,4896,daviplata,115677,11567,127244
4901,4901,efectivo,127761,0,127761
4905,4905,daviplata,30783,3078,33861
4906,4906,daviplata,57125,5712,62837
4908,4908,tarjeta_credito,141455,0,141455
4909,4909,tarjeta_debito,69793,6979,76772
4910,4910,efectivo,130789,13078,143867
4911,4911,nequi,133728,0,133728
4912,4912,efectivo,138589,13858,152447
4913,4913,tarjeta_credito,69299,0,69299
4915,4915,nequi,89330,8933,98263
4917,4917,tarjeta_debito,19551,0,19551
4918,4918,tarjeta_credito,89223,0,89223
4919,4919,tarjeta_credito,79605,0,79605
4923,4923,daviplata,58384,5838,64222
4924,4924,tarjeta_credito,78085,7808,85893
4925,4925,daviplata,109392,10939,120331
4926,4926,nequi,136529,0,136529
4930,4930,efectivo,56513,5651,62164
4933,4933,efectivo,98374,0,98374
4934,4934,tarjeta_credito,114861,0,114861
4935,4935,daviplata,84122,0,84122
4936,4936,tarjeta_debito,73898,0,73898
4938,4938,daviplata,147235,14723,161958
4941,4941,tarjeta_credito,32184,3218,35402
4943,4943,efectivo,70784,7078,77862
4944,4944,daviplata,32624,0,32624
4946,4946,tarjeta_credito,87136,8713,95849
4948,4948,nequi,66936,0,66936
4951,4951,tarjeta_credito,15646,0,15646
4952,4952,nequi,129968,12996,142964
4953,4953,nequi,124586,0,124586
4957,4957,daviplata,120864,0,120864
4959,4959,efectivo,123914,12391,136305
4961,4961,daviplata,124357,12435,136792
4962,4962,tarjeta_debito,25088,0,25088
4963,4963,tarjeta_credito,91412,0,91412
4964,4964,tarjeta_debito,56102,0,56102
4967,4967,nequi,112305,11230,123535
4968,4968,tarjeta_credito,49842,4984,54826
4970,4970,tarjeta_credito,35339,3533,38872
4976,4976,tarjeta_credito,21978,2197,24175
4977,4977,tarjeta_debito,20570,2057,22627
4979,4979,tarjeta_credito,50028,5002,55030
4980,4980,tarjeta_debito,133507,13350,146857
4981,4981,tarjeta_debito,114188,0,114188
4984,4984,daviplata,136717,13671,150388
4986,4986,tarjeta_credito,29962,0,29962
4990,4990,nequi,49741,0,49741
4992,4992,nequi,88503,8850,97353
4996,4996,tarjeta_debito,91919,9191,101110
4997,4997,tarjeta_debito,65888,0,65888
4999,4999,tarjeta_credito,18456,1845,20301
5004,5004,efectivo,146999,0,146999
5005,5005,daviplata,96532,9653,106185
5008,5008,nequi,99654,9965,109619
5009,5009,nequi,118126,11812,129938
5011,5011,efectivo,35457,0,35457
5012,5012,tarjeta_credito,89736,0,89736
5013,5013,tarjeta_credito,78018,7801,85819
5014,5014,tarjeta_debito,105432,0,105432
5015,5015,tarjeta_credito,109693,0,109693
5016,5016,nequi,82998,8299,91297
5017,5017,tarjeta_debito,113181,0,113181
5018,5018,daviplata,108187,0,108187
5019,5019,tarjeta_credito,37195,3719,40914
5021,5021,tarjeta_credito,138572,0,138572
5023,5023,efectivo,119842,0,119842
5024,5024,nequi,94431,9443,103874
5025,5025,tarjeta_credito,103015,10301,113316
5027,5027,tarjeta_debito,134552,0,134552
5030,5030,tarjeta_debito,82160,8216,90376
5031,5031,tarjeta_debito,108074,10807,118881
5037,5037,nequi,87953,0,87953
5041,5041,tarjeta_credito,91470,0,91470
5043,5043,daviplata,45573,0,45573
5044,5044,tarjeta_credito,32152,0,32152
5046,5046,efectivo,87221,8722,95943
5047,5047,nequi,111823,0,111823
5049,5049,daviplata,139200,13920,153120
5052,5052,efectivo,136404,0,136404
5054,5054,daviplata,57288,5728,63016
5055,5055,tarjeta_debito,33570,0,33570
5056,5056,daviplata,60737,6073,66810
5057,5057,tarjeta_credito,137205,13720,150925
5058,5058,efectivo,62620,0,62620
5059,5059,tarjeta_debito,89706,0,89706
5060,5060,efectivo,24002,2400,26402
5061,5061,tarjeta_credito,90402,0,90402
5062,5062,efectivo,57149,0,57149
5063,5063,daviplata,137009,13700,150709
5064,5064,efectivo,61561,6156,67717
5066,5066,efectivo,76594,7659,84253
5067,5067,nequi,102322,0,102322
5068,5068,efectivo,54742,5474,60216
5070,5070,nequi,110486,11048,121534
5071,5071,efectivo,64142,0,64142
5072,5072,nequi,83958,0,83958
5073,5073,tarjeta_debito,87033,8703,95736
5075,5075,tarjeta_credito,59319,5931,65250
5076,5076,efectivo,39504,0,39504
5077,5077,efectivo,55640,5564,61204
5079,5079,tarjeta_credito,43186,0,43186
5080,5080,efectivo,139505,13950,153455
5081,5081,efectivo,122407,12240,134647
5083,5083,daviplata,70195,0,70195
5085,5085,daviplata,88463,0,88463
5086,5086,tarjeta_credito,36696,3669,40365
5087,5087,tarjeta_credito,27333,2733,30066
5088,5088,tarjeta_credito,149791,0,149791
5089,5089,efectivo,77104,7710,84814
5090,5090,daviplata,123613,12361,135974
5092,5092,tarjeta_debito,129022,12902,141924
5093,5093,efectivo,58565,5856,64421
5094,5094,tarjeta_credito,67283,0,67283
5095,5095,tarjeta_debito,43341,4334,47675
5096,5096,daviplata,75142,0,75142
5097,5097,tarjeta_debito,39245,0,39245
5098,5098,tarjeta_debito,86678,0,86678
5099,5099,tarjeta_credito,77044,7704,84748
5100,5100,nequi,55633,0,55633
5101,5101,daviplata,148951,14895,163846
5102,5102,daviplata,140548,14054,154602
5103,5103,tarjeta_debito,42497,4249,46746
5106,5106,efectivo,27062,0,27062
5107,5107,tarjeta_debito,141836,14183,156019
5108,5108,efectivo,17080,0,17080
5109,5109,daviplata,125553,0,125553
5110,5110,tarjeta_credito,91249,9124,100373
5111,5111,daviplata,102797,10279,113076
5114,5114,daviplata,27354,0,27354
5115,5115,tarjeta_debito,137680,13768,151448
5119,5119,tarjeta_credito,98645,9864,108509
5121,5121,daviplata,100729,10072,110801
5122,5122,tarjeta_debito,72098,7209,79307
5124,5124,daviplata,65801,6580,72381
5125,5125,efectivo,57786,5778,63564
5128,5128,tarjeta_debito,137496,0,137496
5129,5129,nequi,30900,3090,33990
5132,5132,tarjeta_debito,73482,0,73482
5133,5133,tarjeta_debito,133592,13359,146951
5134,5134,nequi,56294,0,56294
5135,5135,daviplata,108060,10806,118866
5137,5137,nequi,29221,2922,32143
5138,5138,daviplata,81669,0,81669
5139,5139,daviplata,62090,6209,68299
5140,5140,efectivo,40081,0,40081
5142,5142,daviplata,72964,7296,80260
5144,5144,nequi,29921,0,29921
5148,5148,nequi,135583,0,135583
5149,5149,nequi,139728,13972,153700
5151,5151,nequi,120702,12070,132772
5153,5153,tarjeta_credito,76398,7639,84037
5154,5154,nequi,32964,3296,36260
5155,5155,efectivo,142093,0,142093
5157,5157,daviplata,44187,4418,48605
5163,5163,nequi,125198,12519,137717
5165,5165,tarjeta_debito,45231,0,45231
5167,5167,tarjeta_credito,79079,0,79079
5169,5169,efectivo,38190,3819,42009
5170,5170,tarjeta_credito,22917,2291,25208
5171,5171,efectivo,44944,0,44944
5173,5173,efectivo,31305,0,31305
5175,5175,nequi,130618,0,130618
5176,5176,tarjeta_credito,79302,7930,87232
5178,5178,nequi,64742,6474,71216
5179,5179,tarjeta_debito,64221,6422,70643
5180,5180,tarjeta_debito,90126,0,90126
5181,5181,tarjeta_credito,145840,14584,160424
5184,5184,daviplata,149809,0,149809
5185,5185,nequi,92152,9215,101367
5186,5186,efectivo,49641,0,49641
5187,5187,daviplata,100595,10059,110654
5189,5189,nequi,17635,1763,19398
5191,5191,tarjeta_debito,129487,12948,142435
5192,5192,tarjeta_debito,96874,0,96874
5193,5193,tarjeta_debito,69281,0,69281
5198,5198,nequi,37546,3754,41300
5201,5201,nequi,43410,4341,47751
5202,5202,efectivo,81615,8161,89776
5203,5203,nequi,95811,0,95811
5204,5204,tarjeta_credito,19240,0,19240
5206,5206,tarjeta_debito,80183,8018,88201
5208,5208,daviplata,146189,0,146189
5210,5210,efectivo,83235,0,83235
5212,5212,nequi,27355,2735,30090
5213,5213,nequi,70018,0,70018
5214,5214,tarjeta_debito,48104,4810,52914
5216,5216,daviplata,106278,10627,116905
5218,5218,nequi,128130,12813,140943
5219,5219,efectivo,17048,1704,18752
5220,5220,nequi,117803,11780,129583
5221,5221,tarjeta_debito,127920,0,127920
5224,5224,efectivo,88016,8801,96817
5225,5225,nequi,138042,13804,151846
5226,5226,efectivo,39574,3957,43531
5227,5227,efectivo,17508,1750,19258
5228,5228,tarjeta_debito,66907,0,66907
5229,5229,nequi,139045,0,139045
5230,5230,efectivo,122508,12250,134758
5231,5231,efectivo,22205,0,22205
5234,5234,daviplata,104059,0,104059
5235,5235,tarjeta_credito,38866,0,38866
5236,5236,efectivo,135566,13556,149122
5237,5237,nequi,134994,13499,148493
5238,5238,efectivo,58275,5827,64102
5239,5239,nequi,101567,10156,111723
5242,5242,efectivo,123579,0,123579
5243,5243,daviplata,88704,8870,97574
5244,5244,efectivo,81338,8133,89471
5245,5245,nequi,16516,1651,18167
5247,5247,tarjeta_credito,57556,0,57556
5248,5248,tarjeta_debito,137037,0,137037
5251,5251,tarjeta_debito,117780,11778,129558
5253,5253,tarjeta_debito,30327,0,30327
5255,5255,daviplata,17077,0,17077
5256,5256,tarjeta_debito,62369,0,62369
5259,5259,nequi,145398,14539,159937
5260,5260,nequi,87515,0,87515
5262,5262,tarjeta_credito,38831,3883,42714
5263,5263,daviplata,88922,8892,97814
5264,5264,efectivo,37705,0,37705
5265,5265,efectivo,140946,14094,155040
5268,5268,tarjeta_debito,102806,10280,113086
5272,5272,tarjeta_debito,59034,5903,64937
5274,5274,tarjeta_credito,129499,12949,142448
5275,5275,nequi,92611,9261,101872
5276,5276,tarjeta_credito,26568,2656,29224
5278,5278,tarjeta_debito,42854,0,42854
5281,5281,tarjeta_credito,101824,10182,112006
5282,5282,efectivo,89823,0,89823
5284,5284,efectivo,87382,8738,96120
5285,5285,nequi,123707,12370,136077
5287,5287,efectivo,118845,0,118845
5292,5292,daviplata,80789,0,80789
5293,5293,tarjeta_debito,85168,0,85168
5294,5294,nequi,93898,9389,103287
5297,5297,tarjeta_debito,96706,9670,106376
5303,5303,efectivo,19520,1952,21472
5304,5304,efectivo,129001,12900,141901
5305,5305,efectivo,71101,7110,78211
5307,5307,nequi,41956,0,41956
5308,5308,tarjeta_credito,98764,0,98764
5309,5309,daviplata,27785,0,27785
5310,5310,nequi,48992,0,48992
5312,5312,daviplata,101769,10176,111945
5315,5315,tarjeta_debito,17052,0,17052
5319,5319,tarjeta_credito,59337,5933,65270
5321,5321,efectivo,119849,0,119849
5322,5322,tarjeta_credito,91901,9190,101091
5323,5323,efectivo,18259,0,18259
5324,5324,tarjeta_debito,113715,11371,125086
5325,5325,tarjeta_debito,58673,5867,64540
5327,5327,tarjeta_debito,73344,0,73344
5328,5328,nequi,144168,0,144168
5330,5330,daviplata,140978,14097,155075
5331,5331,tarjeta_debito,58981,0,58981
5333,5333,daviplata,129455,12945,142400
5334,5334,efectivo,34700,3470,38170
5335,5335,tarjeta_debito,116848,0,116848
5336,5336,tarjeta_credito,59488,5948,65436
5337,5337,nequi,23411,2341,25752
5338,5338,tarjeta_debito,74205,0,74205
5339,5339,tarjeta_debito,49817,4981,54798
5341,5341,tarjeta_debito,147003,14700,161703
5342,5342,nequi,147822,14782,162604
5345,5345,tarjeta_credito,101633,10163,111796
5347,5347,nequi,60992,6099,67091
5348,5348,efectivo,100258,0,100258
5351,5351,efectivo,80335,8033,88368
5352,5352,tarjeta_debito,26284,0,26284
5354,5354,tarjeta_debito,52106,5210,57316
5358,5358,efectivo,27462,2746,30208
5359,5359,daviplata,118956,0,118956
5361,5361,daviplata,106139,0,106139
5362,5362,tarjeta_debito,124313,0,124313
5363,5363,nequi,69411,6941,76352
5365,5365,tarjeta_credito,95942,9594,105536
5366,5366,efectivo,15521,0,15521
5367,5367,tarjeta_credito,45813,4581,50394
5368,5368,daviplata,61694,6169,67863
5369,5369,nequi,50417,0,50417
5370,5370,nequi,96381,9638,106019
5371,5371,tarjeta_credito,62830,0,62830
5372,5372,daviplata,32320,3232,35552
5373,5373,tarjeta_debito,40300,4030,44330
5374,5374,tarjeta_debito,107393,10739,118132
5376,5376,tarjeta_credito,23420,0,23420
5377,5377,nequi,100898,10089,110987
5379,5379,daviplata,72736,7273,80009
5382,5382,daviplata,78586,7858,86444
5383,5383,tarjeta_credito,127664,12766,140430
5385,5385,tarjeta_debito,71124,7112,78236
5386,5386,efectivo,56444,5644,62088
5393,5393,tarjeta_debito,74256,0,74256
5394,5394,daviplata,121392,0,121392
5395,5395,nequi,73801,7380,81181
5396,5396,tarjeta_credito,107869,0,107869
5400,5400,tarjeta_credito,33226,3322,36548
5402,5402,tarjeta_credito,15772,1577,17349
5403,5403,tarjeta_debito,54317,5431,59748
5404,5404,efectivo,48339,4833,53172
5405,5405,tarjeta_credito,110462,11046,121508
5406,5406,tarjeta_debito,55703,5570,61273
5407,5407,daviplata,39767,3976,43743
5408,5408,efectivo,78764,7876,86640
5409,5409,nequi,98899,0,98899
5410,5410,tarjeta_credito,43383,4338,47721
5411,5411,nequi,26256,0,26256
5414,5414,tarjeta_debito,127732,12773,140505
5415,5415,nequi,22956,0,22956
5417,5417,tarjeta_credito,140873,14087,154960
5420,5420,tarjeta_credito,32917,3291,36208
5421,5421,nequi,94053,9405,103458
5422,5422,nequi,70130,7013,77143
5425,5425,nequi,140998,14099,155097
5431,5431,efectivo,88547,8854,97401
5436,5436,nequi,29267,0,29267
5437,5437,tarjeta_credito,126157,0,126157
5441,5441,nequi,97476,0,97476
5442,5442,nequi,69562,6956,76518
5444,5444,efectivo,141428,14142,155570
5446,5446,nequi,16164,1616,17780
5447,5447,daviplata,34340,0,34340
5448,5448,efectivo,30164,3016,33180
5451,5451,tarjeta_debito,42257,0,42257
5452,5452,efectivo,74540,0,74540
5453,5453,nequi,149660,14966,164626
5455,5455,efectivo,44392,4439,48831
5456,5456,tarjeta_credito,21380,0,21380
5457,5457,daviplata,119464,0,119464
5458,5458,tarjeta_debito,126384,12638,139022
5459,5459,daviplata,137411,0,137411
5460,5460,daviplata,136458,0,136458
5463,5463,efectivo,144896,0,144896
5464,5464,tarjeta_debito,109320,10932,120252
5465,5465,tarjeta_debito,141959,14195,156154
5468,5468,tarjeta_credito,80763,8076,88839
5469,5469,tarjeta_debito,105384,0,105384
5471,5471,nequi,147112,0,147112
5476,5476,tarjeta_credito,147949,0,147949
5478,5478,daviplata,57131,0,57131
5480,5480,nequi,109656,10965,120621
5483,5483,daviplata,23353,0,23353
5484,5484,tarjeta_debito,25921,2592,28513
5485,5485,efectivo,105069,10506,115575
5488,5488,tarjeta_debito,60956,6095,67051
5489,5489,efectivo,108150,10815,118965
5490,5490,tarjeta_debito,45151,4515,49666
5493,5493,nequi,138400,13840,152240
5494,5494,efectivo,108843,10884,119727
5499,5499,tarjeta_credito,119256,0,119256
5502,5502,daviplata,78729,7872,86601
5504,5504,tarjeta_debito,141486,0,141486
5505,5505,tarjeta_debito,148490,14849,163339
5506,5506,tarjeta_credito,116560,0,116560
5507,5507,tarjeta_debito,104012,0,104012
5508,5508,nequi,109757,10975,120732
5510,5510,efectivo,101601,10160,111761
5511,5511,tarjeta_credito,51569,0,51569
5512,5512,nequi,134571,0,134571
5513,5513,tarjeta_credito,48707,0,48707
5514,5514,tarjeta_credito,23396,0,23396
5515,5515,daviplata,70251,7025,77276
5516,5516,tarjeta_debito,105967,0,105967
5522,5522,tarjeta_credito,31793,3179,34972
5523,5523,tarjeta_credito,71838,7183,79021
5524,5524,daviplata,32725,0,32725
5526,5526,tarjeta_credito,21158,2115,23273
5527,5527,efectivo,72284,7228,79512
5528,5528,daviplata,134855,0,134855
5529,5529,daviplata,61566,0,61566
5530,5530,daviplata,45781,4578,50359
5531,5531,nequi,35036,3503,38539
5532,5532,tarjeta_credito,30119,3011,33130
5533,5533,tarjeta_debito,68261,0,68261
5534,5534,tarjeta_credito,144544,0,144544
5535,5535,nequi,88932,0,88932
5537,5537,nequi,29583,0,29583
5538,5538,tarjeta_credito,115233,0,115233
5539,5539,efectivo,138975,0,138975
5540,5540,daviplata,71427,7142,78569
5541,5541,efectivo,46551,4655,51206
5545,5545,tarjeta_credito,129410,0,129410
5547,5547,nequi,89785,8978,98763
5548,5548,tarjeta_debito,96219,0,96219
5554,5554,tarjeta_credito,98502,0,98502
5555,5555,nequi,130250,0,130250
5556,5556,daviplata,148120,0,148120
5557,5557,daviplata,25031,0,25031
5558,5558,tarjeta_credito,142347,0,142347
5559,5559,tarjeta_credito,56770,0,56770
5561,5561,efectivo,133299,13329,146628
5563,5563,nequi,18209,1820,20029
5565,5565,tarjeta_credito,29979,0,29979
5566,5566,tarjeta_debito,55513,5551,61064
5568,5568,daviplata,82240,8224,90464
5570,5570,daviplata,102258,10225,112483
5571,5571,nequi,135650,0,135650
5573,5573,tarjeta_credito,90122,0,90122
5576,5576,daviplata,121364,0,121364
5577,5577,efectivo,22441,2244,24685
5580,5580,nequi,67368,6736,74104
5581,5581,efectivo,66590,0,66590
5582,5582,tarjeta_credito,95118,0,95118
5583,5583,tarjeta_debito,48436,0,48436
5584,5584,daviplata,44960,0,44960
5586,5586,daviplata,137726,0,137726
5589,5589,daviplata,124721,0,124721
5590,5590,nequi,134198,13419,147617
5592,5592,efectivo,149302,0,149302
5595,5595,tarjeta_debito,28853,0,28853
5596,5596,tarjeta_debito,36549,0,36549
5598,5598,tarjeta_debito,49249,4924,54173
5599,5599,tarjeta_debito,108481,0,108481
5600,5600,efectivo,62032,6203,68235
5604,5604,nequi,118164,11816,129980
5605,5605,daviplata,108793,0,108793
5608,5608,daviplata,16184,0,16184
5609,5609,daviplata,135840,13584,149424
5610,5610,tarjeta_debito,29498,2949,32447
5614,5614,daviplata,16664,0,16664
5616,5616,efectivo,67545,6754,74299
5618,5618,nequi,41873,0,41873
5619,5619,tarjeta_debito,15905,1590,17495
5620,5620,tarjeta_debito,133066,0,133066
5621,5621,daviplata,26554,2655,29209
5622,5622,daviplata,139425,0,139425
5623,5623,tarjeta_credito,41975,0,41975
5624,5624,daviplata,19453,1945,21398
5626,5626,daviplata,126544,12654,139198
5628,5628,tarjeta_credito,43079,4307,47386
5629,5629,daviplata,45455,4545,50000
5630,5630,daviplata,144561,14456,159017
5632,5632,tarjeta_credito,74644,7464,82108
5635,5635,daviplata,97087,0,97087
5636,5636,tarjeta_credito,97472,0,97472
5637,5637,daviplata,84247,8424,92671
5641,5641,efectivo,89026,8902,97928
5642,5642,tarjeta_debito,21202,2120,23322
5643,5643,tarjeta_credito,72719,7271,79990
5644,5644,tarjeta_credito,86657,0,86657
5645,5645,tarjeta_debito,32225,3222,35447
5648,5648,daviplata,130532,0,130532
5649,5649,tarjeta_credito,94346,0,94346
5650,5650,tarjeta_credito,53162,0,53162
5652,5652,tarjeta_credito,25420,2542,27962
5653,5653,efectivo,93517,0,93517
5654,5654,daviplata,131038,13103,144141
5655,5655,tarjeta_credito,41707,0,41707
5658,5658,tarjeta_credito,30155,3015,33170
5659,5659,nequi,85251,8525,93776
5660,5660,nequi,51374,5137,56511
5661,5661,daviplata,20367,0,20367
5663,5663,daviplata,84080,8408,92488
5664,5664,tarjeta_debito,35224,3522,38746
5665,5665,efectivo,133222,13322,146544
5667,5667,tarjeta_debito,69723,6972,76695
5668,5668,efectivo,41895,4189,46084
5671,5671,tarjeta_debito,107572,10757,118329
5672,5672,tarjeta_credito,37161,3716,40877
5673,5673,nequi,59530,0,59530
5675,5675,efectivo,103320,10332,113652
5676,5676,tarjeta_debito,90438,9043,99481
5678,5678,tarjeta_credito,118335,0,118335
5682,5682,nequi,54880,0,54880
5683,5683,efectivo,141105,14110,155215
5684,5684,tarjeta_credito,68810,0,68810
5690,5690,efectivo,69773,6977,76750
5693,5693,efectivo,52235,0,52235
5694,5694,tarjeta_debito,117151,11715,128866
5695,5695,daviplata,55926,5592,61518
5696,5696,efectivo,58682,0,58682
5697,5697,tarjeta_debito,73278,7327,80605
5698,5698,nequi,135121,0,135121
5699,5699,efectivo,128746,0,128746
5700,5700,efectivo,51026,5102,56128
5703,5703,tarjeta_debito,149555,14955,164510
5704,5704,tarjeta_credito,52384,5238,57622
5706,5706,tarjeta_credito,46409,4640,51049
5708,5708,nequi,87846,8784,96630
5709,5709,daviplata,143608,14360,157968
5710,5710,efectivo,52899,5289,58188
5711,5711,daviplata,19479,1947,21426
5715,5715,efectivo,100127,0,100127
5716,5716,daviplata,141841,0,141841
5719,5719,nequi,146920,14692,161612
5723,5723,nequi,22988,2298,25286
5724,5724,daviplata,134523,0,134523
5726,5726,efectivo,137583,0,137583
5728,5728,tarjeta_debito,134720,13472,148192
5731,5731,tarjeta_credito,54266,5426,59692
5734,5734,daviplata,30356,3035,33391
5735,5735,tarjeta_debito,122129,0,122129
5736,5736,tarjeta_credito,33715,0,33715
5737,5737,daviplata,41426,0,41426
5739,5739,tarjeta_credito,32104,0,32104
5740,5740,efectivo,41892,0,41892
5741,5741,efectivo,132935,13293,146228
5742,5742,daviplata,121804,0,121804
5743,5743,efectivo,75135,0,75135
5749,5749,daviplata,110864,0,110864
5752,5752,tarjeta_credito,18687,1868,20555
5753,5753,tarjeta_debito,135025,13502,148527
5754,5754,nequi,45266,0,45266
5755,5755,tarjeta_credito,115979,11597,127576
5757,5757,nequi,52719,5271,57990
5758,5758,tarjeta_credito,110676,0,110676
5762,5762,nequi,100642,10064,110706
5768,5768,efectivo,16611,1661,18272
5769,5769,efectivo,32852,0,32852
5770,5770,tarjeta_credito,106691,10669,117360
5771,5771,tarjeta_debito,42118,0,42118
5772,5772,tarjeta_debito,92779,0,92779
5773,5773,tarjeta_debito,137314,13731,151045
5774,5774,tarjeta_credito,34320,3432,37752
5777,5777,tarjeta_credito,63215,6321,69536
5778,5778,efectivo,35817,3581,39398
5779,5779,daviplata,92310,9231,101541
5781,5781,tarjeta_debito,83100,0,83100
5792,5792,nequi,73836,0,73836
5793,5793,nequi,53667,5366,59033
5795,5795,daviplata,96132,0,96132
5796,5796,tarjeta_debito,121098,12109,133207
5798,5798,tarjeta_debito,111327,11132,122459
5799,5799,tarjeta_debito,52988,5298,58286
5800,5800,daviplata,144925,14492,159417
5802,5802,tarjeta_credito,147811,14781,162592
5803,5803,nequi,21162,2116,23278
5804,5804,daviplata,133353,13335,146688
5805,5805,tarjeta_debito,60171,0,60171
5806,5806,efectivo,128627,0,128627
5807,5807,tarjeta_credito,97777,0,97777
5811,5811,nequi,49198,0,49198
5813,5813,efectivo,103694,10369,114063
5814,5814,daviplata,129034,12903,141937
5815,5815,nequi,137217,13721,150938
5816,5816,daviplata,55580,5558,61138
5817,5817,tarjeta_debito,79515,7951,87466
5819,5819,daviplata,129605,12960,142565
5821,5821,nequi,129085,12908,141993
5822,5822,nequi,141753,0,141753
5824,5824,daviplata,26121,0,26121
5826,5826,tarjeta_credito,94096,9409,103505
5828,5828,tarjeta_debito,82012,0,82012
5829,5829,nequi,104231,10423,114654
5830,5830,nequi,67001,6700,73701
5832,5832,tarjeta_credito,71983,7198,79181
5834,5834,daviplata,22099,2209,24308
5835,5835,tarjeta_credito,80490,8049,88539
5836,5836,tarjeta_debito,70769,7076,77845
5839,5839,tarjeta_credito,63389,6338,69727
5840,5840,daviplata,56122,0,56122
5841,5841,efectivo,28496,2849,31345
5844,5844,nequi,77677,7767,85444
5845,5845,nequi,102491,10249,112740
5846,5846,daviplata,113558,0,113558
5848,5848,efectivo,117489,11748,129237
5849,5849,tarjeta_debito,137862,0,137862
5852,5852,tarjeta_credito,40652,4065,44717
5853,5853,nequi,89025,8902,97927
5855,5855,nequi,57610,5761,63371
5857,5857,nequi,73350,7335,80685
5858,5858,daviplata,114697,11469,126166
5860,5860,tarjeta_debito,139388,0,139388
5861,5861,efectivo,90726,9072,99798
5865,5865,tarjeta_debito,17688,1768,19456
5866,5866,daviplata,44373,4437,48810
5867,5867,efectivo,142622,0,142622
5868,5868,tarjeta_credito,16152,0,16152
5870,5870,tarjeta_debito,28377,0,28377
5871,5871,tarjeta_credito,20264,0,20264
5873,5873,nequi,60303,6030,66333
5874,5874,nequi,98728,0,98728
5877,5877,daviplata,26719,2671,29390
5879,5879,efectivo,84180,8418,92598
5880,5880,tarjeta_credito,111452,11145,122597
5882,5882,daviplata,101263,10126,111389
5884,5884,daviplata,140922,14092,155014
5886,5886,tarjeta_debito,130119,13011,143130
5887,5887,tarjeta_debito,112691,11269,123960
5889,5889,tarjeta_credito,85652,0,85652
5890,5890,tarjeta_debito,78726,7872,86598
5891,5891,tarjeta_credito,76727,7672,84399
5892,5892,efectivo,44330,4433,48763
5894,5894,tarjeta_debito,128992,12899,141891
5895,5895,daviplata,131895,13189,145084
5896,5896,tarjeta_debito,57439,0,57439
5897,5897,tarjeta_debito,131809,0,131809
5898,5898,efectivo,107668,0,107668
5901,5901,nequi,31954,0,31954
5902,5902,tarjeta_credito,123172,12317,135489
5903,5903,efectivo,139275,0,139275
5907,5907,nequi,142314,0,142314
5908,5908,efectivo,148158,14815,162973
5910,5910,efectivo,33480,3348,36828
5914,5914,efectivo,78812,0,78812
5915,5915,tarjeta_debito,110729,11072,121801
5916,5916,tarjeta_debito,93936,0,93936
5917,5917,tarjeta_debito,104337,0,104337
5918,5918,tarjeta_credito,110032,11003,121035
5923,5923,nequi,63062,0,63062
5924,5924,efectivo,49563,0,49563
5928,5928,tarjeta_credito,90196,9019,99215
5929,5929,efectivo,143452,14345,157797
5930,5930,efectivo,146635,0,146635
5932,5932,daviplata,78653,7865,86518
5933,5933,nequi,100995,10099,111094
5935,5935,tarjeta_debito,68573,0,68573
5938,5938,efectivo,87884,8788,96672
5939,5939,daviplata,15838,1583,17421
5940,5940,tarjeta_credito,75362,0,75362
5941,5941,tarjeta_credito,128956,0,128956
5942,5942,nequi,98246,9824,108070
5944,5944,tarjeta_credito,43684,4368,48052
5945,5945,tarjeta_credito,80472,8047,88519
5946,5946,tarjeta_credito,146844,14684,161528
5948,5948,daviplata,126942,12694,139636
5949,5949,daviplata,70654,7065,77719
5950,5950,nequi,111733,11173,122906
5951,5951,nequi,68822,6882,75704
5953,5953,daviplata,50613,5061,55674
5957,5957,nequi,114745,11474,126219
5958,5958,efectivo,112892,11289,124181
5960,5960,tarjeta_debito,107310,10731,118041
5962,5962,efectivo,97753,9775,107528
5964,5964,daviplata,111089,11108,122197
5965,5965,efectivo,84781,0,84781
5969,5969,tarjeta_debito,79155,0,79155
5971,5971,tarjeta_debito,137531,13753,151284
5975,5975,tarjeta_credito,104373,10437,114810
5976,5976,tarjeta_debito,138207,0,138207
5977,5977,tarjeta_debito,62896,0,62896
5981,5981,tarjeta_debito,72053,7205,79258
5982,5982,tarjeta_credito,149298,14929,164227
5984,5984,efectivo,130141,13014,143155
5985,5985,daviplata,102844,0,102844
5987,5987,tarjeta_debito,147083,0,147083
5988,5988,efectivo,77484,7748,85232
5991,5991,nequi,93967,9396,103363
5993,5993,efectivo,17386,0,17386
5995,5995,tarjeta_credito,118880,0,118880
5996,5996,tarjeta_debito,133231,0,133231
5998,5998,efectivo,28546,0,28546
6000,6000,efectivo,24589,2458,27047
6001,6001,tarjeta_debito,67871,0,67871
6002,6002,tarjeta_credito,47162,0,47162
6005,6005,tarjeta_debito,26323,0,26323
6006,6006,tarjeta_debito,52597,5259,57856
6007,6007,daviplata,100687,10068,110755
6008,6008,tarjeta_credito,64132,0,64132
6010,6010,daviplata,121573,12157,133730
6012,6012,daviplata,57929,5792,63721
6013,6013,tarjeta_debito,131072,13107,144179
6014,6014,daviplata,144014,14401,158415
6016,6016,tarjeta_credito,49925,0,49925
6017,6017,daviplata,107062,0,107062
6020,6020,nequi,22433,2243,24676
6022,6022,tarjeta_credito,101940,0,101940
6023,6023,tarjeta_credito,129522,12952,142474
6027,6027,daviplata,54418,0,54418
6028,6028,efectivo,42407,0,42407
6029,6029,nequi,46812,0,46812
6030,6030,daviplata,94753,9475,104228
6032,6032,efectivo,47386,4738,52124
6034,6034,tarjeta_debito,64624,0,64624
6035,6035,nequi,60335,6033,66368
6037,6037,efectivo,36857,3685,40542
6039,6039,nequi,92125,0,92125
6040,6040,tarjeta_debito,85762,8576,94338
6041,6041,nequi,94120,9412,103532
6044,6044,nequi,121942,12194,134136
6045,6045,tarjeta_credito,19761,0,19761
6046,6046,nequi,53241,5324,58565
6047,6047,daviplata,28391,0,28391
6048,6048,efectivo,35391,3539,38930
6049,6049,efectivo,102985,0,102985
6051,6051,tarjeta_debito,104790,10479,115269
6053,6053,tarjeta_debito,45631,4563,50194
6054,6054,daviplata,87366,0,87366
6055,6055,nequi,39829,3982,43811
6056,6056,nequi,18318,1831,20149
6060,6060,tarjeta_credito,147215,14721,161936
6061,6061,tarjeta_debito,117890,11789,129679
6063,6063,daviplata,119227,0,119227
6064,6064,daviplata,35849,3584,39433
6066,6066,daviplata,48564,0,48564
6072,6072,nequi,105209,0,105209
6074,6074,tarjeta_credito,82127,0,82127
6075,6075,tarjeta_debito,70159,0,70159
6076,6076,nequi,81106,0,81106
6078,6078,nequi,117538,11753,129291
6080,6080,tarjeta_debito,94106,9410,103516
6082,6082,tarjeta_debito,139948,13994,153942
6086,6086,tarjeta_credito,145450,14545,159995
6090,6090,tarjeta_debito,117944,11794,129738
6092,6092,daviplata,19563,0,19563
6093,6093,nequi,35694,0,35694
6094,6094,tarjeta_debito,47940,4794,52734
6095,6095,tarjeta_credito,122615,12261,134876
6096,6096,tarjeta_debito,50620,0,50620
6097,6097,tarjeta_debito,37656,3765,41421
6099,6099,tarjeta_credito,22771,0,22771
6101,6101,nequi,66446,6644,73090
6103,6103,efectivo,116045,0,116045
6105,6105,tarjeta_credito,97831,9783,107614
6107,6107,efectivo,123116,0,123116
6108,6108,tarjeta_credito,52448,5244,57692
6111,6111,tarjeta_debito,40059,0,40059
6112,6112,efectivo,30098,3009,33107
6113,6113,tarjeta_debito,92017,9201,101218
6114,6114,tarjeta_debito,98369,0,98369
6115,6115,efectivo,43833,4383,48216
6120,6120,tarjeta_credito,111995,0,111995
6121,6121,tarjeta_credito,107133,10713,117846
6122,6122,tarjeta_credito,54590,0,54590
6123,6123,tarjeta_debito,100039,10003,110042
6124,6124,efectivo,62184,0,62184
6125,6125,efectivo,109293,10929,120222
6126,6126,daviplata,111099,11109,122208
6127,6127,daviplata,86925,8692,95617
6128,6128,tarjeta_debito,27409,2740,30149
6129,6129,nequi,134247,13424,147671
6131,6131,daviplata,88953,0,88953
6134,6134,tarjeta_debito,87077,0,87077
6135,6135,daviplata,100586,10058,110644
6138,6138,nequi,103147,10314,113461
6139,6139,tarjeta_debito,139449,13944,153393
6141,6141,tarjeta_debito,32823,3282,36105
6142,6142,tarjeta_debito,111915,0,111915
6143,6143,tarjeta_credito,98746,0,98746
6145,6145,tarjeta_debito,131848,0,131848
6146,6146,tarjeta_credito,21479,0,21479
6147,6147,tarjeta_debito,17894,0,17894
6150,6150,daviplata,130365,13036,143401
6151,6151,efectivo,85317,0,85317
6153,6153,efectivo,109014,10901,119915
6155,6155,tarjeta_debito,121757,12175,133932
6159,6159,efectivo,107923,10792,118715
6161,6161,nequi,120097,0,120097
6162,6162,daviplata,140771,0,140771
6163,6163,nequi,112006,0,112006
6164,6164,daviplata,149835,14983,164818
6166,6166,daviplata,84110,0,84110
6172,6172,efectivo,82781,0,82781
6173,6173,nequi,68001,0,68001
6174,6174,tarjeta_credito,132649,13264,145913
6175,6175,tarjeta_debito,19377,1937,21314
6176,6176,nequi,80009,8000,88009
6177,6177,tarjeta_debito,72426,7242,79668
6179,6179,tarjeta_debito,125916,12591,138507
6181,6181,tarjeta_credito,78011,7801,85812
6182,6182,nequi,96014,9601,105615
6183,6183,daviplata,61351,0,61351
6185,6185,tarjeta_credito,108190,10819,119009
6187,6187,tarjeta_debito,108659,10865,119524
6188,6188,tarjeta_debito,101372,10137,111509
6189,6189,tarjeta_debito,126608,0,126608
6190,6190,tarjeta_credito,31721,3172,34893
6191,6191,daviplata,21470,2147,23617
6192,6192,efectivo,44165,4416,48581
6193,6193,tarjeta_debito,128006,12800,140806
6194,6194,nequi,26586,2658,29244
6195,6195,daviplata,139440,13944,153384
6196,6196,tarjeta_credito,107170,0,107170
6197,6197,nequi,75985,7598,83583
6199,6199,tarjeta_debito,64799,6479,71278
6202,6202,tarjeta_credito,134898,13489,148387
6204,6204,daviplata,70805,0,70805
6206,6206,efectivo,140608,14060,154668
6207,6207,nequi,68494,0,68494
6209,6209,tarjeta_debito,140730,0,140730
6210,6210,efectivo,62795,6279,69074
6211,6211,tarjeta_debito,36355,0,36355
6212,6212,daviplata,112439,11243,123682
6214,6214,efectivo,65280,6528,71808
6215,6215,tarjeta_credito,68829,6882,75711
6217,6217,nequi,103611,10361,113972
6219,6219,daviplata,57091,5709,62800
6221,6221,efectivo,33599,3359,36958
6223,6223,daviplata,23240,0,23240
6224,6224,tarjeta_debito,93352,9335,102687
6225,6225,nequi,144991,0,144991
6229,6229,tarjeta_debito,15302,1530,16832
6232,6232,daviplata,105038,0,105038
6233,6233,nequi,46147,4614,50761
6234,6234,tarjeta_debito,105415,10541,115956
6235,6235,tarjeta_credito,129969,12996,142965
6236,6236,daviplata,125939,0,125939
6238,6238,daviplata,57549,0,57549
6239,6239,tarjeta_credito,94664,9466,104130
6241,6241,daviplata,55439,5543,60982
6244,6244,nequi,119985,11998,131983
6245,6245,daviplata,65678,6567,72245
6249,6249,nequi,88110,8811,96921
6250,6250,nequi,127470,12747,140217
6252,6252,daviplata,76638,0,76638
6255,6255,nequi,131804,0,131804
6256,6256,efectivo,113280,11328,124608
6257,6257,tarjeta_debito,73733,0,73733
6258,6258,efectivo,104344,10434,114778
6260,6260,efectivo,49929,4992,54921
6261,6261,daviplata,102084,10208,112292
6262,6262,daviplata,115778,0,115778
6263,6263,daviplata,39363,3936,43299
6264,6264,nequi,146526,14652,161178
6265,6265,tarjeta_credito,29639,2963,32602
6266,6266,efectivo,65540,6554,72094
6267,6267,tarjeta_credito,58952,0,58952
6270,6270,tarjeta_credito,100301,10030,110331
6272,6272,tarjeta_credito,61797,0,61797
6273,6273,daviplata,99588,0,99588
6274,6274,efectivo,137521,0,137521
6276,6276,nequi,24493,0,24493
6277,6277,tarjeta_credito,127502,12750,140252
6278,6278,tarjeta_debito,113276,11327,124603
6279,6279,tarjeta_credito,22758,0,22758
6280,6280,nequi,93355,9335,102690
6281,6281,tarjeta_debito,79731,7973,87704
6282,6282,tarjeta_debito,44993,0,44993
6283,6283,tarjeta_debito,99138,0,99138
6284,6284,tarjeta_debito,46923,0,46923
6285,6285,daviplata,45385,4538,49923
6286,6286,tarjeta_debito,140536,14053,154589
6288,6288,tarjeta_credito,126766,12676,139442
6289,6289,efectivo,22302,2230,24532
6290,6290,tarjeta_debito,126667,12666,139333
6291,6291,nequi,88432,0,88432
6293,6293,daviplata,102915,0,102915
6294,6294,efectivo,102311,10231,112542
6295,6295,daviplata,34834,3483,38317
6296,6296,tarjeta_debito,46232,0,46232
6297,6297,daviplata,69411,6941,76352
6298,6298,nequi,28984,0,28984
6300,6300,daviplata,94060,9406,103466
6301,6301,daviplata,21320,0,21320
6302,6302,daviplata,99101,9910,109011
6303,6303,nequi,127518,12751,140269
6306,6306,efectivo,101025,10102,111127
6307,6307,efectivo,54364,5436,59800
6310,6310,tarjeta_credito,34079,0,34079
6313,6313,nequi,74120,7412,81532
6314,6314,tarjeta_credito,110953,11095,122048
6315,6315,tarjeta_credito,36024,3602,39626
6317,6317,daviplata,32393,3239,35632
6321,6321,tarjeta_debito,96957,0,96957
6322,6322,tarjeta_credito,106699,0,106699
6323,6323,tarjeta_debito,55187,0,55187
6324,6324,nequi,20301,2030,22331
6326,6326,daviplata,98470,0,98470
6327,6327,tarjeta_debito,55231,5523,60754
6328,6328,tarjeta_credito,71418,0,71418
6330,6330,daviplata,104985,10498,115483
6333,6333,tarjeta_debito,128674,0,128674
6334,6334,efectivo,104267,10426,114693
6337,6337,efectivo,116395,0,116395
6338,6338,daviplata,57320,0,57320
6339,6339,tarjeta_debito,38119,3811,41930
6343,6343,efectivo,126998,12699,139697
6344,6344,daviplata,101305,0,101305
6346,6346,tarjeta_debito,56355,0,56355
6347,6347,tarjeta_credito,100609,10060,110669
6348,6348,tarjeta_credito,131658,0,131658
6349,6349,daviplata,120695,0,120695
6350,6350,tarjeta_credito,68518,6851,75369
6351,6351,tarjeta_credito,75831,7583,83414
6352,6352,tarjeta_credito,126360,0,126360
6354,6354,tarjeta_credito,95726,9572,105298
6357,6357,daviplata,106784,10678,117462
6359,6359,tarjeta_credito,145144,14514,159658
6360,6360,daviplata,68873,0,68873
6361,6361,nequi,86164,0,86164
6363,6363,efectivo,43677,4367,48044
6365,6365,daviplata,145286,14528,159814
6366,6366,nequi,129453,12945,142398
6367,6367,daviplata,97740,9774,107514
6371,6371,daviplata,67733,0,67733
6373,6373,tarjeta_credito,77204,7720,84924
6374,6374,tarjeta_credito,86918,0,86918
6377,6377,tarjeta_credito,145081,0,145081
6379,6379,tarjeta_credito,67568,6756,74324
6382,6382,nequi,36358,0,36358
6383,6383,daviplata,19445,0,19445
6384,6384,daviplata,70454,7045,77499
6386,6386,nequi,27582,2758,30340
6387,6387,nequi,37844,3784,41628
6388,6388,tarjeta_credito,80091,8009,88100
6389,6389,tarjeta_credito,71753,0,71753
6391,6391,tarjeta_credito,131555,13155,144710
6392,6392,tarjeta_credito,39391,0,39391
6394,6394,nequi,50684,5068,55752
6395,6395,efectivo,112569,11256,123825
6397,6397,efectivo,21749,2174,23923
6398,6398,tarjeta_debito,107470,0,107470
6399,6399,tarjeta_credito,34718,0,34718
6400,6400,tarjeta_debito,81589,8158,89747
6404,6404,tarjeta_debito,78037,0,78037
6407,6407,tarjeta_credito,44292,0,44292
6409,6409,efectivo,24744,2474,27218
6411,6411,efectivo,34377,3437,37814
6413,6413,tarjeta_credito,136554,13655,150209
6414,6414,nequi,63808,6380,70188
6415,6415,nequi,43850,0,43850
6418,6418,efectivo,40656,0,40656
6419,6419,tarjeta_debito,56987,0,56987
6420,6420,daviplata,131558,13155,144713
6421,6421,tarjeta_credito,96149,9614,105763
6422,6422,nequi,146720,14672,161392
6423,6423,tarjeta_debito,97983,9798,107781
6426,6426,tarjeta_credito,27320,0,27320
6427,6427,nequi,130085,13008,143093
6428,6428,daviplata,70909,0,70909
6429,6429,nequi,105021,0,105021
6430,6430,nequi,54979,0,54979
6431,6431,tarjeta_debito,88178,8817,96995
6432,6432,nequi,91144,9114,100258
6434,6434,efectivo,22345,2234,24579
6435,6435,efectivo,75142,7514,82656
6436,6436,efectivo,118824,11882,130706
6437,6437,nequi,134402,13440,147842
6439,6439,tarjeta_debito,58951,5895,64846
6440,6440,efectivo,26570,2657,29227
6441,6441,tarjeta_credito,76952,7695,84647
6442,6442,efectivo,123283,0,123283
6447,6447,tarjeta_credito,48910,4891,53801
6450,6450,daviplata,49325,4932,54257
6453,6453,tarjeta_credito,72136,7213,79349
6454,6454,daviplata,35205,0,35205
6455,6455,tarjeta_credito,73130,0,73130
6459,6459,tarjeta_debito,89563,0,89563
6460,6460,nequi,68655,6865,75520
6463,6463,tarjeta_debito,142042,0,142042
6465,6465,daviplata,16995,0,16995
6466,6466,tarjeta_credito,132515,13251,145766
6467,6467,efectivo,16119,0,16119
6468,6468,tarjeta_credito,115749,11574,127323
6469,6469,daviplata,81397,0,81397
6471,6471,tarjeta_credito,19774,1977,21751
6474,6474,tarjeta_credito,99115,9911,109026
6475,6475,efectivo,79270,0,79270
6476,6476,daviplata,82423,0,82423
6477,6477,tarjeta_credito,86562,8656,95218
6478,6478,efectivo,100172,10017,110189
6479,6479,tarjeta_debito,138341,13834,152175
6480,6480,nequi,21540,2154,23694
6482,6482,tarjeta_credito,130089,0,130089
6484,6484,tarjeta_credito,101571,0,101571
6485,6485,nequi,68978,0,68978
6486,6486,efectivo,105779,0,105779
6487,6487,efectivo,143093,14309,157402
6488,6488,nequi,37715,0,37715
6490,6490,tarjeta_debito,108572,10857,119429
6491,6491,efectivo,136801,13680,150481
6492,6492,tarjeta_credito,15930,0,15930
6493,6493,nequi,52148,5214,57362
6494,6494,efectivo,39530,3953,43483
6495,6495,nequi,71128,0,71128
6496,6496,nequi,85239,8523,93762
6497,6497,tarjeta_credito,67453,6745,74198
6499,6499,tarjeta_debito,35978,0,35978
6500,6500,nequi,93575,9357,102932
6502,6502,nequi,139282,13928,153210
6503,6503,tarjeta_debito,37877,0,37877
6504,6504,daviplata,47343,4734,52077
6505,6505,tarjeta_credito,81859,8185,90044
6506,6506,tarjeta_credito,128937,0,128937
6507,6507,nequi,135141,13514,148655
6509,6509,nequi,75773,7577,83350
6511,6511,efectivo,21046,2104,23150
6513,6513,tarjeta_credito,63418,6341,69759
6514,6514,efectivo,43113,0,43113
6515,6515,tarjeta_debito,132146,13214,145360
6516,6516,efectivo,67041,6704,73745
6517,6517,tarjeta_debito,44864,0,44864
6518,6518,tarjeta_credito,59294,5929,65223
6520,6520,daviplata,60697,0,60697
6521,6521,nequi,139086,0,139086
6523,6523,tarjeta_credito,144921,14492,159413
6524,6524,efectivo,63367,0,63367
6525,6525,nequi,123791,12379,136170
6526,6526,tarjeta_credito,64242,0,64242
6527,6527,tarjeta_debito,116554,11655,128209
6528,6528,daviplata,84045,8404,92449
6531,6531,tarjeta_debito,80883,8088,88971
6533,6533,tarjeta_debito,126291,12629,138920
6535,6535,daviplata,95226,0,95226
6536,6536,nequi,97261,0,97261
6538,6538,daviplata,112991,0,112991
6539,6539,tarjeta_credito,55731,5573,61304
6542,6542,tarjeta_debito,101324,10132,111456
6543,6543,tarjeta_credito,99337,9933,109270
6544,6544,efectivo,92298,9229,101527
6545,6545,tarjeta_credito,38867,3886,42753
6546,6546,nequi,63610,0,63610
6548,6548,efectivo,135878,0,135878
6549,6549,daviplata,79799,7979,87778
6550,6550,tarjeta_credito,77224,7722,84946
6551,6551,daviplata,115364,11536,126900
6552,6552,tarjeta_credito,18547,0,18547
6553,6553,tarjeta_credito,115942,11594,127536
6554,6554,tarjeta_credito,128067,12806,140873
6555,6555,tarjeta_credito,36730,3673,40403
6558,6558,tarjeta_credito,36260,3626,39886
6559,6559,tarjeta_debito,125676,0,125676
6560,6560,daviplata,33140,3314,36454
6562,6562,tarjeta_debito,40907,4090,44997
6563,6563,nequi,137572,13757,151329
6564,6564,nequi,112823,11282,124105
6565,6565,tarjeta_debito,70950,0,70950
6567,6567,nequi,136977,13697,150674
6569,6569,tarjeta_debito,113142,11314,124456
6570,6570,tarjeta_debito,55244,5524,60768
6571,6571,efectivo,45074,4507,49581
6572,6572,daviplata,74652,7465,82117
6574,6574,efectivo,101355,10135,111490
6575,6575,tarjeta_debito,93991,9399,103390
6576,6576,nequi,43876,4387,48263
6577,6577,daviplata,39581,3958,43539
6578,6578,daviplata,45783,4578,50361
6580,6580,nequi,115136,11513,126649
6581,6581,tarjeta_debito,97669,0,97669
6583,6583,daviplata,141152,0,141152
6584,6584,tarjeta_debito,57065,5706,62771
6588,6588,nequi,126598,12659,139257
6589,6589,tarjeta_credito,87395,0,87395
6590,6590,tarjeta_debito,61192,6119,67311
6591,6591,nequi,149593,0,149593
6593,6593,tarjeta_debito,88197,8819,97016
6594,6594,efectivo,91562,9156,100718
6595,6595,nequi,54516,0,54516
6597,6597,nequi,42258,0,42258
6598,6598,tarjeta_debito,49967,4996,54963
6599,6599,tarjeta_credito,75920,7592,83512
6600,6600,nequi,24984,2498,27482
6602,6602,tarjeta_debito,59795,5979,65774
6603,6603,efectivo,47760,4776,52536
6604,6604,tarjeta_debito,109297,0,109297
6605,6605,tarjeta_debito,114102,11410,125512
6606,6606,nequi,28861,0,28861
6607,6607,efectivo,38979,0,38979
6608,6608,efectivo,104512,0,104512
6609,6609,nequi,97351,9735,107086
6610,6610,efectivo,27592,2759,30351
6611,6611,nequi,103383,10338,113721
6612,6612,efectivo,79093,7909,87002
6613,6613,daviplata,115256,11525,126781
6614,6614,tarjeta_debito,77868,7786,85654
6615,6615,tarjeta_debito,105581,10558,116139
6616,6616,nequi,77739,0,77739
6617,6617,tarjeta_debito,121499,12149,133648
6620,6620,efectivo,59231,5923,65154
6621,6621,tarjeta_credito,78546,7854,86400
6623,6623,daviplata,130961,13096,144057
6625,6625,tarjeta_debito,126955,0,126955
6626,6626,nequi,139272,0,139272
6627,6627,efectivo,122563,12256,134819
6628,6628,daviplata,15421,0,15421
6629,6629,efectivo,136711,13671,150382
6630,6630,efectivo,42919,4291,47210
6635,6635,daviplata,89156,8915,98071
6637,6637,nequi,94435,9443,103878
6638,6638,nequi,68142,6814,74956
6640,6640,daviplata,81126,0,81126
6642,6642,tarjeta_credito,120570,0,120570
6644,6644,tarjeta_credito,41487,0,41487
6645,6645,daviplata,42824,0,42824
6646,6646,tarjeta_debito,96652,9665,106317
6648,6648,tarjeta_debito,79487,0,79487
6649,6649,nequi,24863,2486,27349
6650,6650,nequi,88787,0,88787
6651,6651,tarjeta_credito,56292,5629,61921
6653,6653,nequi,97259,0,97259
6655,6655,tarjeta_debito,33961,0,33961
6657,6657,tarjeta_debito,28827,2882,31709
6658,6658,nequi,127154,0,127154
6660,6660,daviplata,111684,11168,122852
6661,6661,daviplata,124285,12428,136713
6662,6662,efectivo,27526,2752,30278
6663,6663,daviplata,127564,0,127564
6664,6664,tarjeta_debito,41677,0,41677
6665,6665,nequi,122589,0,122589
6666,6666,tarjeta_debito,112428,0,112428
6667,6667,tarjeta_credito,116304,11630,127934
6669,6669,tarjeta_credito,18269,0,18269
6670,6670,nequi,34364,3436,37800
6671,6671,tarjeta_credito,21630,2163,23793
6672,6672,tarjeta_debito,145819,14581,160400
6675,6675,nequi,32780,3278,36058
6676,6676,tarjeta_debito,53735,0,53735
6677,6677,efectivo,128833,0,128833
6680,6680,daviplata,25657,2565,28222
6683,6683,efectivo,129424,12942,142366
6684,6684,daviplata,35193,0,35193
6686,6686,efectivo,136025,13602,149627
6689,6689,daviplata,27020,0,27020
6690,6690,tarjeta_credito,18718,0,18718
6691,6691,daviplata,23921,0,23921
6692,6692,efectivo,79951,7995,87946
6695,6695,tarjeta_credito,101938,10193,112131
6696,6696,efectivo,47517,4751,52268
6697,6697,daviplata,97191,9719,106910
6698,6698,daviplata,41324,4132,45456
6699,6699,nequi,108351,10835,119186
6702,6702,tarjeta_credito,131905,0,131905
6708,6708,nequi,66457,6645,73102
6710,6710,daviplata,110861,0,110861
6711,6711,tarjeta_debito,115754,0,115754
6713,6713,daviplata,22050,0,22050
6714,6714,tarjeta_debito,100890,10089,110979
6715,6715,daviplata,80411,8041,88452
6716,6716,daviplata,78135,0,78135
6719,6719,daviplata,128355,12835,141190
6720,6720,efectivo,24522,2452,26974
6721,6721,tarjeta_debito,61031,6103,67134
6722,6722,tarjeta_debito,87854,8785,96639
6724,6724,daviplata,118117,11811,129928
6726,6726,tarjeta_debito,31398,0,31398
6730,6730,tarjeta_debito,71729,0,71729
6731,6731,efectivo,92783,9278,102061
6732,6732,efectivo,93806,0,93806
6734,6734,efectivo,29535,2953,32488
6735,6735,daviplata,107896,10789,118685
6736,6736,tarjeta_debito,93426,9342,102768
6737,6737,daviplata,99733,9973,109706
6738,6738,tarjeta_credito,98912,9891,108803
6739,6739,tarjeta_debito,105426,10542,115968
6740,6740,tarjeta_debito,118393,0,118393
6742,6742,nequi,138541,0,138541
6744,6744,daviplata,36870,3687,40557
6748,6748,daviplata,44186,4418,48604
6749,6749,tarjeta_credito,124676,0,124676
6750,6750,tarjeta_debito,81818,0,81818
6752,6752,tarjeta_credito,82645,0,82645
6755,6755,tarjeta_debito,58463,5846,64309
6756,6756,efectivo,123449,0,123449
6759,6759,tarjeta_credito,66478,0,66478
6762,6762,tarjeta_debito,148647,0,148647
6763,6763,efectivo,95351,9535,104886
6764,6764,nequi,132767,13276,146043
6766,6766,efectivo,85777,8577,94354
6768,6768,nequi,28020,0,28020
6769,6769,tarjeta_credito,49561,4956,54517
6770,6770,efectivo,78834,0,78834
6772,6772,daviplata,30662,3066,33728
6774,6774,tarjeta_debito,126639,0,126639
6776,6776,tarjeta_credito,102382,0,102382
6777,6777,tarjeta_credito,89008,8900,97908
6778,6778,daviplata,43148,4314,47462
6779,6779,daviplata,45546,0,45546
6781,6781,efectivo,140794,14079,154873
6783,6783,efectivo,134589,13458,148047
6784,6784,daviplata,109521,10952,120473
6785,6785,nequi,33515,0,33515
6787,6787,tarjeta_credito,29821,2982,32803
6789,6789,daviplata,35814,0,35814
6790,6790,nequi,98598,0,98598
6791,6791,nequi,59922,5992,65914
6794,6794,tarjeta_debito,132943,13294,146237
6795,6795,tarjeta_credito,112293,11229,123522
6797,6797,nequi,85861,0,85861
6801,6801,tarjeta_debito,64890,6489,71379
6804,6804,efectivo,67406,6740,74146
6806,6806,efectivo,84324,0,84324
6808,6808,daviplata,88471,8847,97318
6809,6809,efectivo,76258,0,76258
6810,6810,efectivo,138242,13824,152066
6812,6812,tarjeta_credito,37078,0,37078
6813,6813,efectivo,95550,0,95550
6815,6815,nequi,67228,0,67228
6816,6816,tarjeta_debito,147169,14716,161885
6818,6818,tarjeta_debito,122117,0,122117
6819,6819,tarjeta_credito,51283,0,51283
6821,6821,tarjeta_debito,39033,0,39033
6822,6822,tarjeta_debito,86904,0,86904
6828,6828,tarjeta_debito,24036,0,24036
6830,6830,tarjeta_debito,121338,12133,133471
6831,6831,daviplata,24694,0,24694
6832,6832,tarjeta_credito,99110,9911,109021
6833,6833,efectivo,41228,4122,45350
6835,6835,tarjeta_credito,87771,8777,96548
6837,6837,tarjeta_credito,88796,8879,97675
6838,6838,efectivo,142037,14203,156240
6840,6840,tarjeta_debito,91999,9199,101198
6841,6841,nequi,24133,0,24133
6842,6842,tarjeta_debito,87475,8747,96222
6844,6844,tarjeta_credito,88845,8884,97729
6847,6847,tarjeta_debito,43840,0,43840
6850,6850,efectivo,27043,0,27043
6851,6851,efectivo,108661,0,108661
6853,6853,tarjeta_debito,40532,4053,44585
6855,6855,efectivo,62352,0,62352
6856,6856,tarjeta_credito,109101,10910,120011
6858,6858,tarjeta_credito,130805,13080,143885
6861,6861,efectivo,59224,5922,65146
6862,6862,daviplata,82161,8216,90377
6864,6864,tarjeta_debito,41006,0,41006
6865,6865,tarjeta_debito,68470,0,68470
6866,6866,tarjeta_debito,79037,7903,86940
6867,6867,tarjeta_credito,114598,11459,126057
6868,6868,nequi,105380,0,105380
6869,6869,tarjeta_debito,123004,12300,135304
6872,6872,daviplata,93960,0,93960
6873,6873,daviplata,101497,0,101497
6874,6874,daviplata,118331,11833,130164
6876,6876,nequi,17508,1750,19258
6878,6878,tarjeta_credito,88159,0,88159
6880,6880,nequi,137350,13735,151085
6882,6882,tarjeta_credito,52512,5251,57763
6885,6885,tarjeta_debito,109523,0,109523
6886,6886,efectivo,117639,11763,129402
6888,6888,nequi,126513,0,126513
6889,6889,efectivo,131980,13198,145178
6890,6890,efectivo,30482,3048,33530
6891,6891,tarjeta_credito,148303,0,148303
6897,6897,efectivo,25799,0,25799
6902,6902,daviplata,23050,2305,25355
6906,6906,tarjeta_debito,146959,14695,161654
6908,6908,nequi,92498,0,92498
6909,6909,nequi,30253,0,30253
6911,6911,tarjeta_debito,84634,0,84634
6912,6912,tarjeta_debito,15983,0,15983
6913,6913,daviplata,35280,3528,38808
6914,6914,efectivo,130792,13079,143871
6915,6915,tarjeta_credito,63472,0,63472
6917,6917,nequi,103912,0,103912
6920,6920,tarjeta_credito,142030,14203,156233
6921,6921,nequi,58057,5805,63862
6923,6923,daviplata,96409,9640,106049
6924,6924,tarjeta_credito,99920,9992,109912
6926,6926,tarjeta_debito,59661,0,59661
6928,6928,daviplata,138507,13850,152357
6929,6929,tarjeta_debito,67313,0,67313
6930,6930,efectivo,61229,0,61229
6931,6931,efectivo,136118,13611,149729
6932,6932,daviplata,102796,0,102796
6934,6934,efectivo,114445,0,114445
6936,6936,tarjeta_credito,128748,12874,141622
6940,6940,daviplata,79217,7921,87138
6941,6941,efectivo,108860,10886,119746
6942,6942,daviplata,40336,4033,44369
6943,6943,tarjeta_debito,36969,0,36969
6948,6948,daviplata,39737,3973,43710
6949,6949,efectivo,63878,6387,70265
6950,6950,tarjeta_credito,80121,8012,88133
6951,6951,tarjeta_debito,15240,0,15240
6952,6952,tarjeta_debito,36395,0,36395
6953,6953,daviplata,149764,0,149764
6954,6954,efectivo,26772,2677,29449
6955,6955,nequi,124217,12421,136638
6956,6956,daviplata,72213,0,72213
6958,6958,efectivo,126018,0,126018
6959,6959,tarjeta_debito,37118,0,37118
6962,6962,daviplata,143178,14317,157495
6963,6963,tarjeta_credito,100133,0,100133
6964,6964,efectivo,135873,13587,149460
6969,6969,tarjeta_debito,134950,0,134950
6972,6972,tarjeta_credito,20391,0,20391
6973,6973,daviplata,139255,0,139255
6974,6974,efectivo,148869,14886,163755
6975,6975,nequi,72255,7225,79480
6976,6976,tarjeta_credito,18884,1888,20772
6977,6977,nequi,80795,8079,88874
6978,6978,efectivo,103865,0,103865
6979,6979,tarjeta_credito,19128,0,19128
6980,6980,nequi,33168,3316,36484
6981,6981,tarjeta_debito,96424,0,96424
6983,6983,daviplata,116693,0,116693
6984,6984,tarjeta_debito,65143,6514,71657
6985,6985,tarjeta_credito,39633,0,39633
6986,6986,efectivo,33287,0,33287
6987,6987,nequi,62105,0,62105
6990,6990,tarjeta_debito,126240,0,126240
6991,6991,tarjeta_debito,59962,0,59962
6994,6994,nequi,72234,0,72234
6997,6997,daviplata,74088,7408,81496
6998,6998,tarjeta_debito,76411,7641,84052
7002,7002,tarjeta_debito,40959,4095,45054
7003,7003,tarjeta_debito,51294,5129,56423
7004,7004,tarjeta_credito,17195,1719,18914
7006,7006,nequi,26360,2636,28996
7007,7007,efectivo,26125,2612,28737
7010,7010,daviplata,84893,0,84893
7011,7011,efectivo,51786,0,51786
7012,7012,tarjeta_credito,67405,0,67405
7013,7013,nequi,118270,0,118270
7014,7014,daviplata,122065,12206,134271
7018,7018,nequi,143774,14377,158151
7019,7019,tarjeta_credito,37160,3716,40876
7020,7020,daviplata,121391,12139,133530
7021,7021,nequi,71901,7190,79091
7024,7024,tarjeta_credito,77344,7734,85078
7026,7026,tarjeta_credito,56872,5687,62559
7027,7027,nequi,62915,6291,69206
7030,7030,daviplata,113192,0,113192
7031,7031,daviplata,104952,10495,115447
7033,7033,efectivo,95891,0,95891
7036,7036,daviplata,78861,7886,86747
7037,7037,efectivo,31604,3160,34764
7039,7039,tarjeta_credito,142054,0,142054
7040,7040,daviplata,46990,0,46990
7041,7041,tarjeta_credito,69880,6988,76868
7042,7042,nequi,110260,11026,121286
7043,7043,tarjeta_debito,77395,7739,85134
7044,7044,tarjeta_debito,62961,0,62961
7045,7045,daviplata,91506,0,91506
7046,7046,tarjeta_credito,94255,0,94255
7050,7050,efectivo,68007,0,68007
7051,7051,daviplata,135400,0,135400
7052,7052,tarjeta_credito,16924,1692,18616
7053,7053,daviplata,143045,0,143045
7054,7054,nequi,111391,0,111391
7056,7056,tarjeta_credito,53584,0,53584
7057,7057,tarjeta_credito,128169,0,128169
7059,7059,tarjeta_credito,101460,0,101460
7060,7060,efectivo,110399,0,110399
7064,7064,tarjeta_debito,53507,5350,58857
7066,7066,nequi,58523,0,58523
7067,7067,tarjeta_debito,37626,0,37626
7068,7068,daviplata,96409,0,96409
7070,7070,efectivo,144262,14426,158688
7074,7074,efectivo,61614,0,61614
7076,7076,nequi,23907,2390,26297
7078,7078,tarjeta_debito,69841,6984,76825
7079,7079,tarjeta_debito,94925,9492,104417
7081,7081,nequi,124446,12444,136890
7083,7083,tarjeta_credito,77625,7762,85387
7084,7084,efectivo,107106,10710,117816
7086,7086,tarjeta_credito,107128,0,107128
7088,7088,daviplata,75437,0,75437
7090,7090,efectivo,105754,10575,116329
7091,7091,nequi,38994,3899,42893
7092,7092,efectivo,96874,0,96874
7093,7093,tarjeta_debito,137807,0,137807
7094,7094,efectivo,94370,0,94370
7095,7095,tarjeta_credito,91785,9178,100963
7097,7097,daviplata,71098,7109,78207
7100,7100,tarjeta_credito,109987,0,109987
7103,7103,tarjeta_credito,42077,0,42077
7104,7104,efectivo,103124,0,103124
7105,7105,tarjeta_debito,93506,0,93506
7106,7106,tarjeta_credito,66663,0,66663
7107,7107,efectivo,104204,10420,114624
7109,7109,efectivo,78222,0,78222
7111,7111,daviplata,126682,0,126682
7112,7112,nequi,34418,3441,37859
7113,7113,tarjeta_debito,101776,0,101776
7115,7115,efectivo,127088,0,127088
7116,7116,efectivo,109829,0,109829
7118,7118,tarjeta_credito,36198,3619,39817
7119,7119,efectivo,35181,0,35181
7121,7121,nequi,102261,10226,112487
7122,7122,tarjeta_credito,122782,0,122782
7124,7124,daviplata,140033,14003,154036
7125,7125,daviplata,81758,0,81758
7126,7126,efectivo,72106,7210,79316
7127,7127,daviplata,129993,12999,142992
7128,7128,tarjeta_credito,52313,5231,57544
7129,7129,tarjeta_credito,33483,3348,36831
7130,7130,tarjeta_credito,23385,2338,25723
7132,7132,efectivo,45289,4528,49817
7136,7136,efectivo,107945,10794,118739
7137,7137,tarjeta_debito,39617,0,39617
7138,7138,tarjeta_debito,60143,0,60143
7139,7139,daviplata,98626,9862,108488
7140,7140,tarjeta_credito,46393,4639,51032
7141,7141,nequi,138552,0,138552
7142,7142,tarjeta_debito,100719,10071,110790
7144,7144,tarjeta_credito,88711,0,88711
7146,7146,nequi,58732,0,58732
7149,7149,tarjeta_debito,120184,12018,132202
7150,7150,tarjeta_debito,82248,0,82248
7151,7151,efectivo,108580,10858,119438
7152,7152,efectivo,126983,12698,139681
7153,7153,daviplata,57384,0,57384
7154,7154,daviplata,76123,7612,83735
7155,7155,nequi,134012,13401,147413
7156,7156,nequi,146109,14610,160719
7157,7157,tarjeta_credito,69812,6981,76793
7158,7158,efectivo,58428,5842,64270
7159,7159,nequi,50395,5039,55434
7160,7160,efectivo,90864,9086,99950
7162,7162,efectivo,74538,7453,81991
7163,7163,efectivo,144623,14462,159085
7164,7164,nequi,134352,13435,147787
7168,7168,daviplata,61216,6121,67337
7170,7170,tarjeta_credito,69670,0,69670
7171,7171,daviplata,124170,0,124170
7174,7174,efectivo,20952,0,20952
7175,7175,daviplata,45624,4562,50186
7176,7176,tarjeta_debito,58581,5858,64439
7178,7178,tarjeta_debito,30365,0,30365
7179,7179,daviplata,130227,13022,143249
7180,7180,nequi,95833,9583,105416
7181,7181,tarjeta_debito,91748,9174,100922
7182,7182,efectivo,58429,5842,64271
7183,7183,nequi,92851,9285,102136
7184,7184,tarjeta_debito,129330,12933,142263
7185,7185,efectivo,135430,0,135430
7186,7186,daviplata,19919,1991,21910
7187,7187,nequi,67176,6717,73893
7188,7188,nequi,95029,9502,104531
7189,7189,nequi,81503,0,81503
7193,7193,daviplata,37762,0,37762
7194,7194,tarjeta_debito,59136,5913,65049
7195,7195,tarjeta_credito,72605,7260,79865
7197,7197,nequi,114609,11460,126069
7198,7198,tarjeta_debito,69003,6900,75903
7199,7199,nequi,74155,0,74155
7200,7200,efectivo,37653,3765,41418
7202,7202,efectivo,34196,3419,37615
7203,7203,daviplata,50947,0,50947
7204,7204,daviplata,34978,3497,38475
7205,7205,nequi,143329,14332,157661
7208,7208,tarjeta_credito,26212,2621,28833
7209,7209,tarjeta_credito,86380,0,86380
7210,7210,efectivo,57756,5775,63531
7211,7211,efectivo,100975,10097,111072
7215,7215,tarjeta_debito,68926,6892,75818
7219,7219,tarjeta_credito,135008,13500,148508
7222,7222,nequi,54924,0,54924
7223,7223,daviplata,136166,13616,149782
7224,7224,daviplata,23485,2348,25833
7225,7225,daviplata,87311,0,87311
7228,7228,nequi,46741,0,46741
7229,7229,tarjeta_credito,33682,3368,37050
7230,7230,efectivo,38233,3823,42056
7233,7233,efectivo,56655,5665,62320
7239,7239,daviplata,78847,0,78847
7240,7240,efectivo,139383,13938,153321
7241,7241,daviplata,149572,0,149572
7242,7242,daviplata,121857,12185,134042
7243,7243,efectivo,61692,0,61692
7244,7244,tarjeta_credito,120966,0,120966
7245,7245,daviplata,136829,13682,150511
7247,7247,tarjeta_credito,20934,2093,23027
7248,7248,efectivo,92850,9285,102135
7251,7251,nequi,74174,0,74174
7253,7253,daviplata,80671,0,80671
7256,7256,efectivo,59376,5937,65313
7257,7257,tarjeta_debito,120819,0,120819
7260,7260,tarjeta_credito,138892,0,138892
7263,7263,nequi,78370,7837,86207
7269,7269,tarjeta_debito,107736,10773,118509
7271,7271,daviplata,133219,13321,146540
7272,7272,tarjeta_debito,28844,2884,31728
7273,7273,nequi,15300,0,15300
7275,7275,daviplata,76076,0,76076
7276,7276,nequi,68485,6848,75333
7279,7279,tarjeta_debito,25652,0,25652
7280,7280,daviplata,145645,14564,160209
7281,7281,efectivo,136331,13633,149964
7282,7282,daviplata,19730,1973,21703
7283,7283,tarjeta_credito,96892,0,96892
7284,7284,tarjeta_credito,108792,0,108792
7286,7286,daviplata,43253,4325,47578
7290,7290,tarjeta_debito,58214,5821,64035
7291,7291,tarjeta_credito,33933,3393,37326
7292,7292,tarjeta_debito,129011,0,129011
7297,7297,nequi,16005,1600,17605
7298,7298,nequi,146444,14644,161088
7300,7300,nequi,44869,4486,49355
7302,7302,tarjeta_debito,148921,14892,163813
7304,7304,daviplata,142783,0,142783
7308,7308,efectivo,139183,0,139183
7309,7309,nequi,19151,1915,21066
7310,7310,nequi,129928,12992,142920
7311,7311,tarjeta_credito,70667,0,70667
7312,7312,tarjeta_credito,37421,3742,41163
7314,7314,tarjeta_debito,41545,4154,45699
7315,7315,daviplata,27599,0,27599
7317,7317,nequi,124338,12433,136771
7320,7320,tarjeta_credito,25731,2573,28304
7326,7326,tarjeta_debito,132423,0,132423
7327,7327,daviplata,96899,9689,106588
7329,7329,daviplata,88753,8875,97628
7330,7330,tarjeta_credito,135663,0,135663
7331,7331,nequi,54508,0,54508
7334,7334,tarjeta_debito,147294,0,147294
7336,7336,daviplata,136204,13620,149824
7337,7337,tarjeta_credito,105176,10517,115693
7339,7339,tarjeta_debito,116816,11681,128497
7340,7340,nequi,132536,13253,145789
7341,7341,tarjeta_debito,32373,3237,35610
7343,7343,efectivo,56561,5656,62217
7347,7347,tarjeta_debito,51833,5183,57016
7348,7348,nequi,132132,13213,145345
7349,7349,nequi,78090,0,78090
7350,7350,tarjeta_credito,134955,13495,148450
7351,7351,nequi,52489,0,52489
7352,7352,daviplata,128619,0,128619
7353,7353,nequi,109120,0,109120
7354,7354,nequi,144929,0,144929
7356,7356,nequi,66572,6657,73229
7359,7359,tarjeta_debito,85022,8502,93524
7360,7360,daviplata,33049,0,33049
7365,7365,tarjeta_debito,142546,0,142546
7366,7366,efectivo,53103,5310,58413
7367,7367,tarjeta_credito,68964,6896,75860
7369,7369,nequi,149500,14950,164450
7370,7370,tarjeta_debito,63371,0,63371
7371,7371,daviplata,92157,9215,101372
7372,7372,tarjeta_credito,54729,5472,60201
7373,7373,daviplata,148907,14890,163797
7374,7374,tarjeta_debito,127827,0,127827
7375,7375,tarjeta_debito,104187,0,104187
7377,7377,efectivo,78042,7804,85846
7381,7381,tarjeta_credito,51408,5140,56548
7382,7382,daviplata,136313,13631,149944
7383,7383,tarjeta_debito,109595,0,109595
7385,7385,tarjeta_debito,45235,0,45235
7386,7386,tarjeta_credito,36539,3653,40192
7387,7387,efectivo,69013,0,69013
7388,7388,tarjeta_credito,145719,0,145719
7389,7389,tarjeta_debito,35980,3598,39578
7391,7391,tarjeta_debito,23426,2342,25768
7392,7392,tarjeta_debito,16654,1665,18319
7395,7395,nequi,146346,14634,160980
7396,7396,daviplata,48141,0,48141
7397,7397,daviplata,131708,0,131708
7398,7398,nequi,37461,0,37461
7399,7399,tarjeta_credito,72947,7294,80241
7400,7400,tarjeta_debito,138583,0,138583
7401,7401,daviplata,93788,9378,103166
7402,7402,nequi,57839,5783,63622
7404,7404,tarjeta_credito,54942,5494,60436
7405,7405,tarjeta_debito,117358,11735,129093
7407,7407,nequi,41963,0,41963
7409,7409,efectivo,149119,0,149119
7412,7412,daviplata,134736,0,134736
7413,7413,nequi,76747,7674,84421
7414,7414,tarjeta_debito,27241,2724,29965
7416,7416,tarjeta_debito,123396,12339,135735
7418,7418,tarjeta_credito,138686,0,138686
7419,7419,tarjeta_debito,107557,0,107557
7423,7423,nequi,31680,0,31680
7424,7424,daviplata,95400,9540,104940
7425,7425,nequi,36413,3641,40054
7426,7426,efectivo,97589,9758,107347
7431,7431,tarjeta_credito,97295,9729,107024
7432,7432,efectivo,74810,7481,82291
7433,7433,tarjeta_debito,67711,0,67711
7434,7434,nequi,32196,3219,35415
7435,7435,nequi,28255,2825,31080
7439,7439,efectivo,68288,0,68288
7441,7441,efectivo,15338,0,15338
7448,7448,efectivo,104542,10454,114996
7450,7450,nequi,23371,2337,25708
7451,7451,daviplata,97067,9706,106773
7453,7453,efectivo,100107,10010,110117
7454,7454,tarjeta_debito,35433,3543,38976
7458,7458,tarjeta_debito,30230,0,30230
7459,7459,tarjeta_credito,77255,7725,84980
7461,7461,nequi,129024,0,129024
7462,7462,tarjeta_debito,41551,4155,45706
7463,7463,daviplata,87688,0,87688
7464,7464,daviplata,51828,5182,57010
7465,7465,nequi,59473,0,59473
7468,7468,efectivo,21612,0,21612
7469,7469,nequi,34430,0,34430
7470,7470,efectivo,19390,1939,21329
7471,7471,efectivo,45421,4542,49963
7475,7475,tarjeta_credito,34757,0,34757
7476,7476,tarjeta_debito,35892,3589,39481
7479,7479,tarjeta_credito,35809,3580,39389
7480,7480,nequi,58306,5830,64136
7481,7481,nequi,80710,0,80710
7483,7483,efectivo,138056,0,138056
7485,7485,nequi,144891,14489,159380
7487,7487,nequi,138897,0,138897
7489,7489,tarjeta_debito,27693,2769,30462
7490,7490,nequi,85359,0,85359
7491,7491,daviplata,108467,0,108467
7493,7493,daviplata,20877,0,20877
7494,7494,efectivo,28343,2834,31177
7495,7495,efectivo,69524,6952,76476
7499,7499,daviplata,34335,3433,37768
7501,7501,efectivo,94484,0,94484
7508,7508,daviplata,122485,0,122485
7509,7509,daviplata,90009,9000,99009
7510,7510,nequi,63187,6318,69505
7512,7512,daviplata,116957,11695,128652
7513,7513,tarjeta_credito,63182,0,63182
7515,7515,efectivo,109904,10990,120894
7517,7517,tarjeta_debito,60670,6067,66737
7518,7518,tarjeta_credito,33486,3348,36834
7519,7519,daviplata,53151,0,53151
7520,7520,daviplata,90415,9041,99456
7522,7522,tarjeta_debito,58681,0,58681
7525,7525,tarjeta_credito,33881,3388,37269
7526,7526,nequi,61825,0,61825
7528,7528,nequi,139118,13911,153029
7530,7530,nequi,109813,10981,120794
7532,7532,nequi,40079,4007,44086
7533,7533,tarjeta_credito,20347,0,20347
7534,7534,efectivo,77584,0,77584
7536,7536,efectivo,39993,0,39993
7537,7537,tarjeta_debito,48871,4887,53758
7539,7539,daviplata,146981,0,146981
7540,7540,tarjeta_credito,21705,0,21705
7541,7541,daviplata,104323,0,104323
7542,7542,nequi,59317,5931,65248
7543,7543,efectivo,16374,0,16374
7544,7544,nequi,143937,14393,158330
7545,7545,tarjeta_debito,48342,0,48342
7546,7546,daviplata,25619,2561,28180
7547,7547,tarjeta_credito,48677,4867,53544
7548,7548,tarjeta_debito,133311,13331,146642
7549,7549,tarjeta_credito,61394,0,61394
7550,7550,efectivo,112723,11272,123995
7551,7551,efectivo,67613,6761,74374
7552,7552,nequi,112485,0,112485
7555,7555,nequi,47528,0,47528
7557,7557,efectivo,135613,13561,149174
7559,7559,tarjeta_debito,114924,11492,126416
7560,7560,efectivo,126533,0,126533
7562,7562,tarjeta_credito,140000,0,140000
7563,7563,tarjeta_credito,42756,0,42756
7565,7565,tarjeta_debito,54758,5475,60233
7566,7566,tarjeta_credito,56832,0,56832
7567,7567,tarjeta_credito,107940,0,107940
7568,7568,tarjeta_credito,124241,0,124241
7569,7569,efectivo,47707,0,47707
7572,7572,tarjeta_credito,43771,0,43771
7573,7573,efectivo,133044,13304,146348
7576,7576,daviplata,96095,9609,105704
7579,7579,nequi,145440,14544,159984
7580,7580,tarjeta_credito,111848,0,111848
7581,7581,efectivo,106764,10676,117440
7582,7582,nequi,117067,11706,128773
7587,7587,tarjeta_credito,112251,11225,123476
7589,7589,daviplata,96124,9612,105736
7590,7590,tarjeta_debito,37969,0,37969
7593,7593,nequi,74276,7427,81703
7595,7595,efectivo,88869,0,88869
7597,7597,daviplata,65686,6568,72254
7599,7599,nequi,146436,0,146436
7600,7600,tarjeta_debito,91579,9157,100736
7601,7601,tarjeta_debito,126403,12640,139043
7605,7605,efectivo,49809,4980,54789
7606,7606,efectivo,62238,6223,68461
7607,7607,daviplata,131701,13170,144871
7611,7611,efectivo,128604,12860,141464
7612,7612,tarjeta_debito,108396,10839,119235
7614,7614,tarjeta_credito,78147,7814,85961
7615,7615,efectivo,83372,0,83372
7616,7616,tarjeta_credito,110619,0,110619
7617,7617,daviplata,52007,5200,57207
7618,7618,tarjeta_credito,125281,12528,137809
7619,7619,tarjeta_debito,62933,6293,69226
7620,7620,tarjeta_debito,110793,11079,121872
7621,7621,nequi,29550,0,29550
7623,7623,daviplata,130250,13025,143275
7625,7625,tarjeta_credito,93839,0,93839
7627,7627,daviplata,139866,13986,153852
7628,7628,tarjeta_credito,72274,7227,79501
7630,7630,tarjeta_debito,117731,0,117731
7631,7631,nequi,28257,0,28257
7634,7634,tarjeta_debito,50900,5090,55990
7635,7635,efectivo,122439,12243,134682
7638,7638,daviplata,127987,12798,140785
7640,7640,tarjeta_credito,27714,0,27714
7641,7641,tarjeta_credito,113816,11381,125197
7642,7642,tarjeta_debito,66682,0,66682
7643,7643,tarjeta_credito,63226,6322,69548
7645,7645,daviplata,78860,0,78860
7646,7646,nequi,139030,0,139030
7647,7647,tarjeta_credito,137622,13762,151384
7648,7648,efectivo,24810,0,24810
7649,7649,efectivo,40094,0,40094
7650,7650,nequi,43013,0,43013
7651,7651,daviplata,35609,0,35609
7654,7654,daviplata,141032,14103,155135
7655,7655,efectivo,105881,10588,116469
7658,7658,nequi,96138,9613,105751
7659,7659,tarjeta_debito,45003,4500,49503
7663,7663,daviplata,100142,10014,110156
7664,7664,tarjeta_debito,81164,8116,89280
7665,7665,tarjeta_debito,103903,10390,114293
7666,7666,tarjeta_credito,71893,0,71893
7669,7669,tarjeta_credito,137913,0,137913
7672,7672,tarjeta_debito,138467,13846,152313
7673,7673,daviplata,100926,0,100926
7674,7674,daviplata,31554,0,31554
7675,7675,tarjeta_debito,36721,0,36721
7676,7676,daviplata,15422,1542,16964
7677,7677,nequi,92926,0,92926
7678,7678,daviplata,82943,8294,91237
7679,7679,tarjeta_debito,142472,0,142472
7680,7680,nequi,37709,0,37709
7681,7681,tarjeta_debito,58049,5804,63853
7682,7682,daviplata,44786,4478,49264
7684,7684,tarjeta_debito,79883,7988,87871
7686,7686,efectivo,57849,5784,63633
7690,7690,tarjeta_credito,72238,7223,79461
7691,7691,efectivo,105497,0,105497
7693,7693,tarjeta_credito,97380,9738,107118
7694,7694,tarjeta_credito,78001,7800,85801
7695,7695,tarjeta_credito,141508,0,141508
7696,7696,tarjeta_debito,143091,0,143091
7697,7697,efectivo,117857,0,117857
7699,7699,tarjeta_credito,33915,3391,37306
7701,7701,efectivo,58666,0,58666
7703,7703,efectivo,21063,0,21063
7704,7704,tarjeta_credito,132037,0,132037
7705,7705,daviplata,43737,0,43737
7706,7706,efectivo,24393,2439,26832
7708,7708,nequi,95869,0,95869
7709,7709,efectivo,66237,0,66237
7710,7710,tarjeta_debito,133788,13378,147166
7711,7711,daviplata,33506,0,33506
7712,7712,tarjeta_debito,94154,9415,103569
7713,7713,efectivo,42215,4221,46436
7714,7714,nequi,60111,6011,66122
7716,7716,tarjeta_debito,102670,0,102670
7717,7717,tarjeta_credito,136175,0,136175
7719,7719,tarjeta_debito,107442,10744,118186
7720,7720,efectivo,54568,0,54568
7721,7721,daviplata,119442,0,119442
7722,7722,nequi,115234,0,115234
7724,7724,daviplata,121337,12133,133470
7725,7725,efectivo,72760,7276,80036
7727,7727,efectivo,76623,7662,84285
7729,7729,daviplata,100441,10044,110485
7733,7733,nequi,97706,0,97706
7734,7734,daviplata,109917,10991,120908
7735,7735,daviplata,37631,0,37631
7737,7737,daviplata,64558,6455,71013
7738,7738,tarjeta_debito,68890,6889,75779
7739,7739,nequi,47560,4756,52316
7740,7740,tarjeta_debito,42933,0,42933
7742,7742,daviplata,91358,9135,100493
7743,7743,daviplata,61172,6117,67289
7744,7744,tarjeta_credito,147336,14733,162069
7745,7745,efectivo,134591,13459,148050
7746,7746,tarjeta_debito,144007,14400,158407
7747,7747,tarjeta_credito,75020,7502,82522
7749,7749,efectivo,134843,0,134843
7750,7750,nequi,101468,10146,111614
7752,7752,tarjeta_debito,128464,12846,141310
7753,7753,tarjeta_debito,34900,3490,38390
7754,7754,tarjeta_debito,118878,11887,130765
7757,7757,nequi,104815,10481,115296
7758,7758,efectivo,80786,8078,88864
7759,7759,nequi,68047,6804,74851
7763,7763,tarjeta_credito,124108,0,124108
7765,7765,daviplata,119265,11926,131191
7766,7766,daviplata,23391,2339,25730
7768,7768,tarjeta_debito,47004,4700,51704
7769,7769,daviplata,147948,14794,162742
7770,7770,tarjeta_debito,111755,11175,122930
7771,7771,tarjeta_credito,122631,0,122631
7773,7773,efectivo,22382,2238,24620
7775,7775,efectivo,63450,6345,69795
7776,7776,daviplata,121753,12175,133928
7778,7778,tarjeta_debito,138377,13837,152214
7779,7779,nequi,148049,14804,162853
7780,7780,nequi,136640,13664,150304
7781,7781,daviplata,86432,8643,95075
7782,7782,tarjeta_debito,119046,11904,130950
7783,7783,daviplata,149529,0,149529
7784,7784,nequi,78871,7887,86758
7785,7785,nequi,104976,10497,115473
7786,7786,daviplata,82857,0,82857
7789,7789,tarjeta_credito,145948,0,145948
7790,7790,tarjeta_debito,73907,7390,81297
7794,7794,nequi,125813,12581,138394
7795,7795,daviplata,127039,0,127039
7796,7796,daviplata,140011,0,140011
7797,7797,nequi,147646,14764,162410
7798,7798,tarjeta_debito,148992,14899,163891
7799,7799,tarjeta_debito,51603,5160,56763
7800,7800,efectivo,72961,0,72961
7802,7802,nequi,75068,7506,82574
7803,7803,tarjeta_credito,69439,6943,76382
7804,7804,tarjeta_credito,149437,0,149437
7805,7805,tarjeta_debito,104227,0,104227
7806,7806,efectivo,144745,14474,159219
7807,7807,efectivo,93712,9371,103083
7813,7813,daviplata,63588,0,63588
7818,7818,tarjeta_debito,65828,6582,72410
7819,7819,nequi,148647,14864,163511
7821,7821,efectivo,104467,10446,114913
7823,7823,daviplata,95119,9511,104630
7824,7824,tarjeta_debito,113141,11314,124455
7825,7825,nequi,132777,13277,146054
7827,7827,daviplata,62826,6282,69108
7828,7828,nequi,66109,0,66109
7829,7829,tarjeta_debito,53647,5364,59011
7830,7830,nequi,45228,4522,49750
7831,7831,tarjeta_credito,79031,7903,86934
7832,7832,tarjeta_credito,97423,9742,107165
7833,7833,tarjeta_debito,44436,4443,48879
7837,7837,tarjeta_credito,62677,6267,68944
7840,7840,nequi,111076,0,111076
7842,7842,tarjeta_debito,120825,12082,132907
7843,7843,tarjeta_credito,91907,0,91907
7845,7845,tarjeta_credito,59457,5945,65402
7846,7846,nequi,72538,7253,79791
7847,7847,daviplata,91290,9129,100419
7848,7848,efectivo,59057,0,59057
7850,7850,nequi,133575,0,133575
7851,7851,tarjeta_credito,20655,2065,22720
7852,7852,tarjeta_credito,120735,12073,132808
7853,7853,daviplata,111289,0,111289
7855,7855,tarjeta_debito,117770,0,117770
7856,7856,daviplata,29272,2927,32199
7857,7857,tarjeta_credito,117089,11708,128797
7862,7862,daviplata,86094,8609,94703
7863,7863,daviplata,86823,8682,95505
7864,7864,daviplata,118593,11859,130452
7866,7866,tarjeta_credito,61489,6148,67637
7867,7867,tarjeta_credito,85989,8598,94587
7868,7868,tarjeta_debito,113201,11320,124521
7869,7869,nequi,94892,9489,104381
7870,7870,tarjeta_credito,68981,6898,75879
7871,7871,tarjeta_credito,146648,0,146648
7873,7873,tarjeta_credito,64785,6478,71263
7874,7874,daviplata,28499,2849,31348
7876,7876,tarjeta_credito,130948,0,130948
7879,7879,tarjeta_debito,102608,0,102608
7880,7880,tarjeta_credito,54166,0,54166
7881,7881,nequi,77949,7794,85743
7882,7882,tarjeta_credito,104718,0,104718
7883,7883,daviplata,113858,11385,125243
7884,7884,tarjeta_credito,86663,8666,95329
7886,7886,tarjeta_credito,97741,9774,107515
7887,7887,tarjeta_credito,148088,14808,162896
7890,7890,nequi,18164,0,18164
7891,7891,daviplata,141625,14162,155787
7893,7893,nequi,43013,4301,47314
7894,7894,tarjeta_credito,89546,0,89546
7896,7896,nequi,37141,0,37141
7897,7897,tarjeta_credito,143368,0,143368
7900,7900,nequi,66676,0,66676
7902,7902,tarjeta_credito,75239,0,75239
7904,7904,nequi,21473,2147,23620
7905,7905,nequi,137104,13710,150814
7906,7906,nequi,104442,0,104442
7907,7907,nequi,64698,0,64698
7908,7908,daviplata,84448,8444,92892
7909,7909,tarjeta_debito,33107,3310,36417
7910,7910,nequi,88493,8849,97342
7911,7911,daviplata,50535,0,50535
7916,7916,nequi,73021,7302,80323
7919,7919,nequi,63672,6367,70039
7920,7920,tarjeta_credito,42606,4260,46866
7921,7921,nequi,85976,8597,94573
7922,7922,tarjeta_credito,45439,0,45439
7923,7923,tarjeta_debito,81770,8177,89947
7924,7924,tarjeta_debito,110001,11000,121001
7925,7925,efectivo,128703,0,128703
7927,7927,daviplata,83424,8342,91766
7928,7928,efectivo,123505,12350,135855
7930,7930,nequi,135717,13571,149288
7934,7934,daviplata,91918,9191,101109
7935,7935,nequi,71138,7113,78251
7936,7936,nequi,55365,0,55365
7937,7937,daviplata,84893,8489,93382
7938,7938,tarjeta_debito,143498,14349,157847
7939,7939,tarjeta_credito,43360,0,43360
7940,7940,efectivo,17147,0,17147
7941,7941,efectivo,109934,10993,120927
7942,7942,nequi,75452,7545,82997
7943,7943,nequi,124575,12457,137032
7944,7944,nequi,37178,0,37178
7945,7945,tarjeta_debito,38790,0,38790
7946,7946,tarjeta_debito,59768,5976,65744
7947,7947,nequi,135900,0,135900
7948,7948,tarjeta_credito,145946,0,145946
7949,7949,tarjeta_credito,77750,7775,85525
7953,7953,efectivo,132724,13272,145996
7956,7956,efectivo,127986,12798,140784
7957,7957,efectivo,68752,6875,75627
7958,7958,daviplata,74342,0,74342
7959,7959,efectivo,100046,0,100046
7962,7962,nequi,87305,8730,96035
7963,7963,nequi,47911,4791,52702
7965,7965,nequi,23006,2300,25306
7966,7966,tarjeta_credito,121663,12166,133829
7967,7967,nequi,133471,13347,146818
7968,7968,tarjeta_credito,16524,1652,18176
7969,7969,tarjeta_credito,37027,3702,40729
7970,7970,tarjeta_credito,52322,0,52322
7972,7972,nequi,130812,0,130812
7973,7973,daviplata,125670,12567,138237
7974,7974,nequi,140921,14092,155013
7975,7975,tarjeta_debito,105356,10535,115891
7979,7979,efectivo,27642,2764,30406
7981,7981,tarjeta_credito,73492,7349,80841
7982,7982,nequi,79337,7933,87270
7983,7983,nequi,33555,3355,36910
7984,7984,efectivo,28641,2864,31505
7985,7985,daviplata,77492,7749,85241
7986,7986,tarjeta_debito,28893,2889,31782
7987,7987,nequi,93500,0,93500
7989,7989,efectivo,108088,10808,118896
7991,7991,tarjeta_credito,92855,0,92855
7992,7992,tarjeta_credito,87068,8706,95774
7993,7993,nequi,121083,0,121083
7994,7994,efectivo,74220,0,74220
7995,7995,nequi,140811,14081,154892
7996,7996,nequi,102028,10202,112230
7998,7998,nequi,115908,0,115908
