id_orden,id_cliente,id_mesero,tipo_pedido,numero_mesa,fecha_orden,estado_orden
1,663,4,domicilio,,2026-03-28 07:28:14,pagada
2,588,3,domicilio,,2026-02-01 04:21:31,pagada
3,184,2,para_llevar,,2025-12-10 20:53:08,pagada
4,374,5,para_llevar,,2025-03-30 22:40:44,pagada
5,456,2,en_mesa,5.0,2025-08-26 21:34:35,pagada
6,790,2,para_llevar,,2025-07-13 15:11:59,anulada
7,455,5,en_mesa,3.0,2025-05-14 17:52:43,pagada
8,744,3,domicilio,,2025-10-02 09:30:13,pagada
9,523,2,en_mesa,10.0,2025-12-02 13:17:18,pagada
10,61,5,domicilio,,2025-06-11 07:28:14,pagada
11,516,3,para_llevar,,2025-12-11 08:09:13,cortesia
12,1349,5,domicilio,,2025-11-30 05:32:31,cortesia
13,1403,2,para_llevar,,2025-11-23 09:19:15,cortesia
14,823,4,para_llevar,,2025-11-08 01:47:01,cortesia
15,1415,5,para_llevar,,2025-05-22 17:29:55,anulada
16,273,1,domicilio,,2025-05-22 13:21:00,pagada
17,119,4,domicilio,,2025-05-20 00:25:43,pagada
18,1318,2,domicilio,,2025-08-07 05:11:16,pagada
19,730,5,en_mesa,12.0,2025-08-27 20:08:48,cortesia
20,163,4,en_mesa,3.0,2026-01-02 10:17:41,pagada
21,1128,4,en_mesa,4.0,2025-07-23 21:27:30,pagada
22,1139,2,en_mesa,12.0,2026-01-22 18:06:14,pagada
23,1308,2,en_mesa,10.0,2025-12-17 09:45:53,pagada
24,923,4,para_llevar,,2025-11-22 21:14:17,pagada
25,1259,1,domicilio,,2025-05-16 14:54:24,pagada
26,524,4,en_mesa,2.0,2026-01-27 04:39:06,anulada
27,1433,4,en_mesa,5.0,2026-03-29 06:15:23,anulada
28,249,2,en_mesa,9.0,2026-03-26 12:44:38,pagada
29,149,5,en_mesa,1.0,2025-07-22 23:53:05,anulada
30,908,4,en_mesa,9.0,2025-11-12 20:00:41,anulada
31,424,1,en_mesa,8.0,2026-02-25 19:04:23,pagada
32,874,3,para_llevar,,2025-12-03 14:15:40,pagada
33,1062,1,para_llevar,,2025-07-09 03:42:47,anulada
34,1245,5,para_llevar,,2025-09-22 18:58:23,cortesia
35,683,3,para_llevar,,2025-06-28 10:33:51,cortesia
36,544,5,para_llevar,,2025-09-08 10:38:08,cortesia
37,1092,5,para_llevar,,2025-07-11 05:44:10,cortesia
38,1238,5,en_mesa,12.0,2025-09-03 22:14:58,cortesia
39,120,5,en_mesa,13.0,2025-07-07 09:28:38,cortesia
40,77,4,domicilio,,2026-02-18 06:49:18,cortesia
41,935,5,en_mesa,11.0,2025-09-25 11:09:12,cortesia
42,497,5,domicilio,,2025-11-02 16:27:01,pagada
43,17,5,en_mesa,8.0,2025-08-21 21:00:28,pagada
44,540,4,para_llevar,,2025-08-14 20:15:09,cortesia
45,37,5,en_mesa,12.0,2026-01-23 07:44:47,pagada
46,1,2,para_llevar,,2026-01-26 06:24:44,pagada
47,1389,5,para_llevar,,2026-01-20 23:30:34,cortesia
48,1064,1,domicilio,,2025-05-12 09:51:16,anulada
49,806,3,para_llevar,,2025-05-27 04:40:10,pagada
50,851,4,para_llevar,,2025-12-13 06:46:32,pagada
51,1438,1,para_llevar,,2025-07-21 16:45:23,pagada
52,1086,3,en_mesa,15.0,2025-11-01 10:46:04,pagada
53,1341,2,para_llevar,,2025-05-23 17:26:30,cortesia
54,1101,5,domicilio,,2025-06-20 02:22:51,pagada
55,1016,2,para_llevar,,2026-01-08 19:51:37,cortesia
56,902,2,en_mesa,11.0,2025-11-25 19:16:55,pagada
57,1018,3,para_llevar,,2025-05-05 08:49:35,pagada
58,1184,5,domicilio,,2025-03-31 17:52:34,cortesia
59,1339,5,domicilio,,2025-11-12 02:23:15,cortesia
60,1292,5,domicilio,,2025-12-10 16:48:20,pagada
61,164,2,domicilio,,2025-05-09 13:55:09,pagada
62,330,2,para_llevar,,2025-06-04 15:37:11,pagada
63,1248,4,para_llevar,,2026-03-14 16:19:46,cortesia
64,973,1,domicilio,,2025-08-04 00:57:15,anulada
65,1007,1,para_llevar,,2025-06-01 11:39:50,pagada
66,321,1,para_llevar,,2025-05-19 23:51:33,anulada
67,618,1,en_mesa,2.0,2025-07-26 17:53:05,pagada
68,1198,3,en_mesa,4.0,2025-05-04 03:52:05,pagada
69,531,2,domicilio,,2025-06-13 00:38:24,pagada
70,1338,5,en_mesa,5.0,2026-02-09 11:55:39,cortesia
71,136,1,en_mesa,15.0,2026-02-20 19:09:51,anulada
72,974,1,domicilio,,2025-12-07 22:18:53,pagada
73,158,1,en_mesa,8.0,2026-02-24 05:46:35,cortesia
74,362,5,domicilio,,2026-02-17 10:54:52,pagada
75,402,1,para_llevar,,2026-02-04 18:24:05,pagada
76,130,1,en_mesa,13.0,2026-01-18 19:34:16,pagada
77,1268,4,en_mesa,12.0,2025-08-20 03:03:09,anulada
78,1497,1,en_mesa,7.0,2026-03-30 04:07:21,cortesia
79,520,5,para_llevar,,2025-10-02 00:02:58,pagada
80,793,3,domicilio,,2025-04-11 11:39:25,anulada
81,846,2,domicilio,,2026-01-13 11:37:20,cortesia
82,1399,4,domicilio,,2025-05-19 14:32:31,pagada
83,785,3,en_mesa,9.0,2025-04-26 23:35:05,pagada
84,976,3,para_llevar,,2025-11-22 02:12:40,pagada
85,251,2,en_mesa,10.0,2025-05-17 17:46:35,pagada
86,608,5,en_mesa,4.0,2025-09-17 17:02:23,pagada
87,872,1,domicilio,,2025-10-29 12:25:23,pagada
88,1134,5,en_mesa,14.0,2026-03-05 04:09:01,pagada
89,49,5,domicilio,,2025-09-20 12:29:48,pagada
90,784,1,para_llevar,,2025-11-14 15:34:41,pagada
91,572,1,en_mesa,12.0,2025-12-27 22:46:42,pagada
92,1183,2,para_llevar,,2025-12-11 20:13:22,pagada
93,857,3,para_llevar,,2025-12-02 20:17:46,pagada
94,1098,5,para_llevar,,2025-04-22 14:16:50,cortesia
95,793,2,para_llevar,,2025-12-28 09:20:32,pagada
96,1026,2,en_mesa,15.0,2025-05-31 20:33:29,pagada
97,457,4,domicilio,,2025-11-29 18:19:50,pagada
98,940,1,para_llevar,,2026-02-24 22:53:30,pagada
99,1493,1,para_llevar,,2026-03-12 00:06:12,pagada
100,235,5,en_mesa,12.0,2025-11-29 21:20:22,pagada
101,1314,1,en_mesa,3.0,2025-10-26 03:22:31,anulada
102,845,4,domicilio,,2025-09-25 12:30:02,pagada
103,162,1,para_llevar,,2026-01-10 23:21:07,pagada
104,1342,5,en_mesa,15.0,2025-10-26 18:16:42,pagada
105,503,3,para_llevar,,2026-01-11 19:53:22,cortesia
106,486,2,domicilio,,2026-02-12 02:23:35,pagada
107,817,5,en_mesa,11.0,2026-02-08 11:57:33,anulada
108,7,2,en_mesa,5.0,2025-11-23 13:08:31,anulada
109,603,4,domicilio,,2025-10-13 19:26:14,cortesia
110,1426,3,para_llevar,,2026-03-17 04:59:22,cortesia
111,1032,3,en_mesa,13.0,2025-07-09 03:21:01,pagada
112,1487,5,en_mesa,3.0,2026-03-20 02:50:41,pagada
113,47,3,domicilio,,2025-06-12 12:52:33,cortesia
114,809,1,en_mesa,8.0,2025-11-30 22:18:15,pagada
115,156,5,domicilio,,2026-03-05 17:21:22,pagada
116,153,2,para_llevar,,2026-03-21 08:19:20,pagada
117,401,5,domicilio,,2025-07-15 04:17:51,pagada
118,698,4,para_llevar,,2025-12-21 13:32:18,anulada
119,1052,5,en_mesa,15.0,2026-01-04 05:30:26,pagada
120,408,3,en_mesa,13.0,2025-07-18 13:08:33,pagada
121,616,4,en_mesa,12.0,2025-07-08 02:01:09,pagada
122,1251,1,para_llevar,,2025-09-08 01:00:39,pagada
123,1052,5,domicilio,,2025-09-09 13:24:56,pagada
124,858,1,domicilio,,2025-04-16 06:22:38,pagada
125,506,2,domicilio,,2026-03-08 23:52:41,pagada
126,1307,1,para_llevar,,2026-02-18 23:03:46,pagada
127,375,1,en_mesa,4.0,2026-01-23 17:24:26,pagada
128,1419,5,para_llevar,,2026-02-10 21:57:52,pagada
129,643,1,domicilio,,2026-03-22 07:20:01,pagada
130,1181,5,en_mesa,15.0,2025-11-20 05:12:29,anulada
131,130,5,en_mesa,12.0,2025-11-21 10:14:13,anulada
132,469,2,domicilio,,2025-07-08 04:59:06,anulada
133,125,2,para_llevar,,2025-08-27 06:22:10,anulada
134,686,4,domicilio,,2026-01-20 07:57:34,anulada
135,640,1,en_mesa,12.0,2025-04-03 11:36:24,pagada
136,543,4,domicilio,,2025-09-18 07:24:23,anulada
137,20,1,para_llevar,,2025-11-09 00:14:47,pagada
138,1228,4,domicilio,,2025-05-10 13:45:42,anulada
139,882,4,para_llevar,,2025-04-21 01:06:22,pagada
140,776,5,para_llevar,,2025-04-26 18:07:55,pagada
141,460,4,en_mesa,1.0,2025-08-07 19:01:28,pagada
142,1359,5,en_mesa,13.0,2025-10-12 14:34:13,pagada
143,1122,2,en_mesa,11.0,2025-04-09 02:22:49,cortesia
144,594,2,en_mesa,7.0,2025-12-19 02:34:10,pagada
145,1245,4,domicilio,,2025-12-05 09:31:06,pagada
146,1148,2,domicilio,,2025-04-02 00:54:33,cortesia
147,1079,3,para_llevar,,2025-11-22 04:19:15,pagada
148,214,2,domicilio,,2026-01-17 17:24:57,pagada
149,1125,5,en_mesa,14.0,2026-03-08 17:55:52,pagada
150,943,4,para_llevar,,2025-04-04 19:35:22,cortesia
151,884,2,en_mesa,3.0,2026-01-31 22:04:16,cortesia
152,1283,5,en_mesa,14.0,2026-01-01 02:24:55,pagada
153,586,5,domicilio,,2025-08-26 20:21:23,pagada
154,54,2,para_llevar,,2025-12-29 07:08:54,anulada
155,1024,4,domicilio,,2025-10-02 04:26:00,cortesia
156,398,4,domicilio,,2025-07-18 00:29:22,pagada
157,1312,5,para_llevar,,2025-10-17 06:34:47,anulada
158,477,3,en_mesa,6.0,2025-07-16 23:32:09,cortesia
159,819,1,domicilio,,2025-06-04 07:01:26,anulada
160,183,1,para_llevar,,2025-06-13 18:21:22,pagada
161,1448,4,en_mesa,5.0,2025-11-08 23:47:16,anulada
162,82,2,domicilio,,2026-01-16 08:41:57,pagada
163,1027,1,en_mesa,10.0,2025-12-09 18:15:24,cortesia
164,528,2,para_llevar,,2025-04-19 04:44:25,anulada
165,955,1,para_llevar,,2026-02-08 02:51:11,cortesia
166,913,2,domicilio,,2025-08-26 16:17:49,pagada
167,739,4,para_llevar,,2025-07-25 14:55:05,anulada
168,327,2,en_mesa,13.0,2025-08-12 00:41:49,pagada
169,120,4,domicilio,,2026-01-21 03:07:30,anulada
170,27,3,para_llevar,,2026-02-16 14:31:28,anulada
171,896,3,para_llevar,,2025-08-03 02:24:57,pagada
172,1440,3,domicilio,,2025-07-21 23:22:13,anulada
173,309,2,en_mesa,14.0,2025-08-21 13:52:13,cortesia
174,467,4,domicilio,,2025-05-16 00:57:20,cortesia
175,892,5,en_mesa,11.0,2026-03-11 07:05:22,pagada
176,304,1,en_mesa,5.0,2026-01-17 23:07:57,pagada
177,1278,1,para_llevar,,2026-01-21 05:05:21,cortesia
178,10,2,para_llevar,,2025-10-31 23:19:58,pagada
179,1323,3,domicilio,,2025-04-07 04:01:57,pagada
180,1419,1,para_llevar,,2025-04-13 09:21:46,pagada
181,992,3,domicilio,,2025-04-11 07:09:09,pagada
182,1191,5,para_llevar,,2025-08-08 11:41:00,cortesia
183,94,5,en_mesa,8.0,2025-09-21 07:10:58,cortesia
184,38,1,en_mesa,3.0,2025-06-15 06:36:33,pagada
185,1367,4,para_llevar,,2025-05-16 20:09:48,pagada
186,687,3,domicilio,,2025-11-04 16:45:50,cortesia
187,413,2,en_mesa,12.0,2025-12-20 07:58:12,pagada
188,507,3,en_mesa,13.0,2025-04-20 17:03:56,pagada
189,348,5,en_mesa,10.0,2025-12-03 13:44:51,pagada
190,243,5,en_mesa,7.0,2025-04-27 23:28:49,pagada
191,1394,4,en_mesa,10.0,2025-11-17 06:23:21,cortesia
192,508,2,domicilio,,2026-02-18 03:10:25,pagada
193,934,3,para_llevar,,2025-05-15 10:10:39,pagada
194,1217,1,en_mesa,4.0,2025-05-03 06:35:37,cortesia
195,318,2,domicilio,,2025-08-11 07:10:09,pagada
196,494,2,en_mesa,8.0,2025-09-03 10:56:10,pagada
197,644,2,para_llevar,,2026-01-14 08:56:26,pagada
198,33,4,domicilio,,2025-04-11 03:35:05,pagada
199,685,4,domicilio,,2026-02-23 00:30:34,pagada
200,1402,5,para_llevar,,2026-02-28 07:31:32,anulada
201,463,2,en_mesa,10.0,2026-03-09 20:55:34,anulada
202,1348,4,en_mesa,13.0,2026-02-20 20:13:48,cortesia
203,1144,3,en_mesa,11.0,2025-04-05 22:30:25,pagada
204,1156,1,para_llevar,,2025-07-22 19:53:45,cortesia
205,297,5,para_llevar,,2026-02-10 22:39:09,cortesia
206,990,2,en_mesa,12.0,2025-07-15 15:23:17,cortesia
207,1239,2,en_mesa,7.0,2025-08-09 14:21:57,pagada
208,815,4,en_mesa,12.0,2025-10-30 17:31:13,pagada
209,932,4,en_mesa,5.0,2025-11-22 17:40:07,pagada
210,685,4,domicilio,,2025-08-10 18:06:30,pagada
211,1017,3,para_llevar,,2025-11-19 17:09:39,cortesia
212,937,1,en_mesa,11.0,2026-02-13 22:00:10,cortesia
213,1037,3,para_llevar,,2025-06-15 12:31:56,anulada
214,108,3,domicilio,,2025-04-12 12:09:13,pagada
215,1093,3,en_mesa,14.0,2025-05-29 01:50:45,cortesia
216,30,4,para_llevar,,2025-08-15 05:00:59,pagada
217,1027,5,para_llevar,,2025-04-19 16:06:27,cortesia
218,25,2,domicilio,,2026-01-04 02:42:45,anulada
219,908,5,domicilio,,2026-01-12 14:58:40,cortesia
220,617,4,en_mesa,15.0,2025-09-14 07:26:21,cortesia
221,928,1,en_mesa,5.0,2025-12-15 18:15:35,pagada
222,1420,3,domicilio,,2025-11-10 13:48:02,pagada
223,900,2,domicilio,,2025-09-10 16:54:30,cortesia
224,1483,1,domicilio,,2025-06-29 23:50:53,pagada
225,811,2,en_mesa,11.0,2025-06-25 16:55:19,cortesia
226,233,4,domicilio,,2025-11-28 14:10:10,pagada
227,1152,2,domicilio,,2025-11-16 04:54:03,anulada
228,338,5,en_mesa,1.0,2025-04-27 04:55:33,pagada
229,1384,1,para_llevar,,2026-02-10 05:45:58,pagada
230,645,2,para_llevar,,2025-04-05 00:27:13,anulada
231,1099,4,en_mesa,7.0,2026-02-07 19:21:00,pagada
232,336,2,para_llevar,,2025-07-16 23:29:20,pagada
233,1474,2,domicilio,,2026-01-19 09:25:41,pagada
234,1212,5,para_llevar,,2026-03-01 02:29:43,pagada
235,790,3,en_mesa,14.0,2025-07-30 12:02:48,pagada
236,1209,5,para_llevar,,2025-07-15 19:43:55,pagada
237,345,1,en_mesa,10.0,2025-11-30 19:25:49,pagada
238,444,5,domicilio,,2025-11-08 17:25:18,pagada
239,916,2,para_llevar,,2026-03-07 17:01:33,pagada
240,1377,1,para_llevar,,2025-07-13 18:25:37,anulada
241,1265,2,para_llevar,,2025-06-01 14:09:55,cortesia
242,1490,2,para_llevar,,2025-11-28 13:43:15,pagada
243,919,2,para_llevar,,2025-10-01 08:24:18,cortesia
244,920,3,para_llevar,,2025-06-13 02:02:22,pagada
245,226,2,para_llevar,,2025-07-01 11:00:49,pagada
246,683,4,para_llevar,,2025-08-03 10:29:40,anulada
247,1084,4,para_llevar,,2025-11-25 04:16:23,pagada
248,1012,2,domicilio,,2025-12-19 07:12:12,pagada
249,690,4,domicilio,,2025-07-16 13:27:23,pagada
250,269,5,domicilio,,2026-01-14 22:10:17,pagada
251,647,1,en_mesa,5.0,2025-08-19 15:38:01,pagada
252,1100,1,domicilio,,2026-03-05 21:13:21,pagada
253,1223,5,domicilio,,2025-12-10 19:01:56,pagada
254,103,2,domicilio,,2025-05-04 15:12:50,pagada
255,1034,3,en_mesa,8.0,2026-03-11 03:29:14,pagada
256,595,2,domicilio,,2025-12-26 06:03:34,anulada
257,152,2,en_mesa,3.0,2025-10-17 01:33:36,pagada
258,257,3,domicilio,,2026-02-16 19:46:07,pagada
259,594,2,en_mesa,10.0,2025-05-28 23:37:37,pagada
260,1112,5,en_mesa,4.0,2026-02-16 23:38:37,pagada
261,92,3,para_llevar,,2025-05-21 11:58:26,pagada
262,1370,3,en_mesa,6.0,2025-11-23 09:47:53,cortesia
263,1335,1,domicilio,,2025-08-18 10:02:28,cortesia
264,1299,3,en_mesa,1.0,2025-10-19 15:13:03,cortesia
265,1347,4,domicilio,,2026-01-16 09:33:45,pagada
266,900,1,en_mesa,11.0,2025-05-31 06:49:27,pagada
267,283,3,en_mesa,5.0,2025-10-13 16:05:00,cortesia
268,1170,5,en_mesa,15.0,2025-10-30 11:40:33,pagada
269,607,2,en_mesa,13.0,2025-10-13 19:59:04,pagada
270,205,5,domicilio,,2025-08-29 07:06:45,pagada
271,599,2,domicilio,,2026-03-17 01:46:59,pagada
272,1307,4,para_llevar,,2025-04-30 01:16:48,pagada
273,292,5,para_llevar,,2026-03-12 19:30:26,pagada
274,753,2,en_mesa,13.0,2025-08-14 20:02:34,pagada
275,152,2,domicilio,,2025-10-25 02:14:32,pagada
276,1193,2,domicilio,,2025-04-21 17:57:52,pagada
277,1485,2,para_llevar,,2025-05-08 07:01:49,anulada
278,1222,1,en_mesa,6.0,2025-09-27 03:41:53,pagada
279,441,5,para_llevar,,2026-02-17 17:36:24,pagada
280,1477,4,domicilio,,2026-01-12 14:50:01,pagada
281,1266,5,para_llevar,,2025-07-01 12:21:10,cortesia
282,663,2,domicilio,,2026-02-14 00:30:20,pagada
283,405,4,en_mesa,1.0,2025-08-31 00:40:00,pagada
284,423,5,domicilio,,2025-06-01 04:19:41,pagada
285,520,4,en_mesa,1.0,2025-12-24 08:40:03,anulada
286,1227,5,para_llevar,,2025-08-15 21:17:13,pagada
287,693,3,domicilio,,2026-01-07 00:46:17,anulada
288,1242,5,para_llevar,,2025-11-10 03:59:58,anulada
289,1403,5,para_llevar,,2026-02-19 18:39:05,cortesia
290,996,4,en_mesa,12.0,2025-12-24 11:29:00,anulada
291,91,3,para_llevar,,2025-08-31 21:36:04,pagada
292,1006,3,para_llevar,,2025-12-21 18:20:43,cortesia
293,1144,4,para_llevar,,2026-03-15 11:57:43,anulada
294,1365,3,para_llevar,,2026-03-14 20:09:37,pagada
295,595,4,para_llevar,,2026-02-01 07:47:07,anulada
296,653,3,para_llevar,,2025-05-29 18:04:29,pagada
297,55,3,para_llevar,,2026-03-22 12:12:31,pagada
298,41,3,para_llevar,,2025-04-10 07:11:48,cortesia
299,43,3,para_llevar,,2025-06-30 09:12:11,pagada
300,88,3,en_mesa,7.0,2025-04-29 02:34:01,pagada
301,62,5,domicilio,,2026-01-17 15:15:21,pagada
302,1274,5,para_llevar,,2025-12-13 03:48:54,pagada
303,1488,3,en_mesa,5.0,2025-10-07 15:00:17,pagada
304,829,2,en_mesa,7.0,2025-04-01 15:18:34,anulada
305,230,5,para_llevar,,2026-02-03 20:33:02,cortesia
306,65,5,domicilio,,2025-04-09 02:53:37,pagada
307,332,1,para_llevar,,2025-12-13 07:17:12,cortesia
308,1257,4,en_mesa,11.0,2025-04-24 14:19:29,anulada
309,178,4,domicilio,,2025-04-15 23:38:36,pagada
310,699,3,para_llevar,,2025-10-19 20:31:22,pagada
311,237,4,para_llevar,,2025-04-12 02:19:42,pagada
312,494,4,domicilio,,2025-07-21 15:15:41,anulada
313,424,5,domicilio,,2025-07-05 13:53:46,pagada
314,1462,3,en_mesa,6.0,2025-12-15 05:42:55,pagada
315,1253,4,domicilio,,2025-11-25 03:21:18,pagada
316,1137,2,domicilio,,2025-10-18 23:12:07,anulada
317,1132,5,para_llevar,,2025-11-15 15:27:32,cortesia
318,989,3,domicilio,,2026-02-23 04:05:59,pagada
319,1055,5,para_llevar,,2025-10-03 10:18:22,pagada
320,128,5,para_llevar,,2026-02-26 11:24:34,pagada
321,686,1,para_llevar,,2026-01-16 23:13:07,anulada
322,1376,2,domicilio,,2026-01-23 14:50:00,cortesia
323,159,2,domicilio,,2025-09-15 09:36:41,cortesia
324,281,5,en_mesa,8.0,2025-09-24 09:40:15,pagada
325,882,4,en_mesa,5.0,2025-12-14 03:26:03,pagada
326,511,4,en_mesa,2.0,2025-05-21 19:41:14,pagada
327,1337,3,para_llevar,,2025-04-24 23:04:59,cortesia
328,1129,2,en_mesa,8.0,2026-02-05 12:56:19,pagada
329,1348,4,en_mesa,11.0,2025-11-22 12:40:04,anulada
330,465,4,para_llevar,,2025-11-11 08:51:18,cortesia
331,948,1,en_mesa,14.0,2025-07-04 17:26:29,pagada
332,230,5,domicilio,,2025-09-18 19:12:21,pagada
333,1159,2,para_llevar,,2025-10-11 20:26:22,pagada
334,102,4,en_mesa,10.0,2025-10-10 06:14:15,pagada
335,172,1,en_mesa,6.0,2025-08-24 14:34:37,anulada
336,21,5,en_mesa,15.0,2026-03-03 03:27:42,pagada
337,1351,3,domicilio,,2025-08-17 19:48:09,pagada
338,320,5,en_mesa,13.0,2025-09-07 23:27:45,anulada
339,372,1,para_llevar,,2025-06-30 19:54:02,pagada
340,1325,4,en_mesa,2.0,2026-02-19 02:01:14,pagada
341,1494,5,para_llevar,,2025-08-19 16:40:32,pagada
342,1321,3,para_llevar,,2026-01-23 00:27:03,cortesia
343,723,5,en_mesa,12.0,2025-12-13 15:46:28,cortesia
344,350,4,en_mesa,1.0,2025-05-07 14:49:23,pagada
345,909,4,en_mesa,9.0,2025-05-12 15:24:39,pagada
346,863,2,para_llevar,,2026-02-04 19:25:14,pagada
347,1027,3,en_mesa,14.0,2025-08-22 08:18:07,cortesia
348,744,2,para_llevar,,2025-08-26 01:30:28,anulada
349,1472,1,domicilio,,2025-09-26 09:47:33,anulada
350,1103,1,domicilio,,2026-03-24 15:36:39,anulada
351,348,1,en_mesa,2.0,2025-11-05 02:22:44,pagada
352,1167,5,en_mesa,12.0,2026-01-08 16:03:59,pagada
353,512,3,domicilio,,2025-10-25 04:40:05,pagada
354,116,5,en_mesa,13.0,2025-07-15 23:33:57,pagada
355,1313,1,domicilio,,2026-03-08 02:47:39,pagada
356,748,5,para_llevar,,2025-09-22 01:16:47,pagada
357,1398,2,domicilio,,2025-04-17 13:41:34,anulada
358,1070,3,en_mesa,6.0,2025-07-30 11:05:23,pagada
359,1009,2,domicilio,,2026-02-10 16:33:43,anulada
360,997,1,domicilio,,2025-08-03 13:29:42,pagada
361,1428,5,en_mesa,8.0,2025-04-03 21:17:27,cortesia
362,1136,5,para_llevar,,2025-08-13 19:34:37,cortesia
363,813,5,en_mesa,11.0,2025-06-27 05:34:36,pagada
364,273,3,en_mesa,15.0,2026-03-24 16:38:48,pagada
365,380,4,en_mesa,4.0,2025-07-24 17:54:03,cortesia
366,1112,5,en_mesa,3.0,2025-12-09 13:46:19,cortesia
367,171,5,en_mesa,11.0,2025-09-16 00:45:29,anulada
368,768,5,para_llevar,,2025-09-21 15:54:07,pagada
369,597,5,para_llevar,,2026-02-26 02:30:13,pagada
370,1264,4,en_mesa,3.0,2025-11-16 02:05:24,pagada
371,408,2,para_llevar,,2025-11-12 11:51:37,pagada
372,16,1,domicilio,,2025-04-09 04:07:01,anulada
373,871,3,para_llevar,,2026-02-14 23:52:50,pagada
374,889,2,domicilio,,2025-10-12 02:50:29,pagada
375,901,1,para_llevar,,2025-07-16 20:54:10,pagada
376,1320,1,en_mesa,1.0,2025-08-21 07:33:30,pagada
377,1186,1,domicilio,,2025-07-09 18:44:46,pagada
378,935,2,para_llevar,,2025-05-28 17:15:03,pagada
379,483,2,para_llevar,,2025-09-05 02:24:35,pagada
380,1013,2,en_mesa,11.0,2025-05-13 05:42:54,pagada
381,650,2,para_llevar,,2026-02-13 12:05:00,pagada
382,705,1,para_llevar,,2025-06-10 15:50:35,anulada
383,1125,1,en_mesa,15.0,2025-10-04 15:37:16,pagada
384,1425,4,domicilio,,2025-11-06 10:28:45,pagada
385,1250,5,para_llevar,,2025-12-02 00:00:27,pagada
386,133,2,domicilio,,2025-10-24 03:37:42,cortesia
387,146,5,para_llevar,,2025-06-24 16:21:57,pagada
388,424,3,en_mesa,2.0,2025-09-17 09:49:32,pagada
389,815,3,para_llevar,,2025-07-21 10:28:56,pagada
390,1444,2,domicilio,,2025-08-21 22:14:08,pagada
391,491,4,en_mesa,3.0,2025-10-10 21:47:12,anulada
392,1143,1,en_mesa,7.0,2025-10-23 17:13:47,cortesia
393,1303,3,en_mesa,12.0,2025-04-16 11:30:44,cortesia
394,1490,5,para_llevar,,2025-05-08 04:43:29,cortesia
395,309,5,domicilio,,2026-02-18 07:04:55,anulada
396,361,4,para_llevar,,2026-03-20 12:50:29,pagada
397,223,2,para_llevar,,2025-11-10 20:20:25,pagada
398,539,5,para_llevar,,2025-05-20 16:45:01,anulada
399,1076,1,en_mesa,10.0,2026-01-18 15:04:22,pagada
400,882,5,para_llevar,,2025-10-21 09:12:11,anulada
401,515,1,para_llevar,,2026-02-22 09:00:59,cortesia
402,817,5,en_mesa,5.0,2026-01-02 13:10:29,pagada
403,1158,3,domicilio,,2026-02-20 15:32:23,pagada
404,477,4,domicilio,,2025-06-22 16:34:10,cortesia
405,1321,1,domicilio,,2026-03-24 04:20:48,pagada
406,77,2,para_llevar,,2025-07-24 07:20:16,pagada
407,1488,3,para_llevar,,2025-06-01 22:19:03,pagada
408,322,4,en_mesa,4.0,2025-07-06 09:57:59,pagada
409,565,2,domicilio,,2025-05-02 16:13:41,pagada
410,1439,3,domicilio,,2026-03-24 17:56:21,cortesia
411,1439,2,domicilio,,2026-03-14 18:56:33,pagada
412,57,3,domicilio,,2026-03-09 13:01:53,pagada
413,48,2,domicilio,,2026-01-11 05:10:13,pagada
414,901,4,en_mesa,4.0,2025-05-04 22:19:01,pagada
415,868,3,domicilio,,2025-11-16 10:05:33,pagada
416,1405,2,en_mesa,3.0,2026-02-06 17:41:43,pagada
417,974,3,domicilio,,2025-04-05 10:37:54,pagada
418,1420,1,para_llevar,,2025-10-13 18:34:57,cortesia
419,837,4,en_mesa,6.0,2025-04-19 02:14:01,pagada
420,1419,4,para_llevar,,2026-03-24 21:34:56,pagada
421,792,3,domicilio,,2025-11-26 04:41:10,pagada
422,304,2,en_mesa,14.0,2025-06-16 01:22:34,pagada
423,888,1,en_mesa,1.0,2026-03-22 04:10:43,cortesia
424,1454,3,para_llevar,,2026-02-02 08:49:22,pagada
425,497,1,para_llevar,,2025-09-04 23:25:07,pagada
426,1186,4,domicilio,,2026-01-30 15:38:39,anulada
427,726,1,domicilio,,2026-03-09 18:45:07,pagada
428,475,3,para_llevar,,2025-06-30 02:34:11,pagada
429,259,5,en_mesa,7.0,2026-02-16 14:48:48,anulada
430,916,4,para_llevar,,2026-02-22 05:44:55,pagada
431,1192,2,domicilio,,2025-08-31 07:12:36,cortesia
432,201,5,domicilio,,2025-11-08 03:24:55,pagada
433,141,3,para_llevar,,2025-09-04 17:35:08,pagada
434,452,1,en_mesa,1.0,2025-07-25 12:21:36,pagada
435,350,2,domicilio,,2025-04-05 12:42:49,pagada
436,1162,2,en_mesa,5.0,2025-08-05 21:02:47,anulada
437,647,5,para_llevar,,2025-05-02 07:21:36,pagada
438,1121,1,en_mesa,4.0,2025-07-12 00:45:24,cortesia
439,246,4,domicilio,,2026-01-26 14:12:06,anulada
440,231,1,domicilio,,2025-08-14 03:31:47,anulada
441,1415,5,en_mesa,15.0,2025-10-11 19:21:42,cortesia
442,339,1,en_mesa,7.0,2025-08-03 01:15:35,pagada
443,1295,2,en_mesa,13.0,2026-02-16 22:45:19,pagada
444,846,1,domicilio,,2025-06-09 22:56:02,pagada
445,461,3,domicilio,,2026-01-18 19:16:04,cortesia
446,602,2,en_mesa,7.0,2025-04-09 01:37:54,pagada
447,981,3,en_mesa,5.0,2025-04-16 22:17:07,pagada
448,658,5,en_mesa,12.0,2025-11-10 03:05:59,pagada
449,962,3,para_llevar,,2025-06-11 09:10:07,pagada
450,241,3,en_mesa,1.0,2025-06-08 04:21:45,pagada
451,71,5,domicilio,,2026-02-23 12:18:00,pagada
452,815,1,domicilio,,2025-09-01 20:09:25,pagada
453,570,4,en_mesa,8.0,2025-12-01 01:27:53,pagada
454,158,5,domicilio,,2025-09-11 00:14:29,pagada
455,705,5,en_mesa,9.0,2025-11-16 10:29:26,pagada
456,1375,2,en_mesa,13.0,2025-07-09 04:57:04,anulada
457,91,1,en_mesa,4.0,2025-08-09 10:01:12,pagada
458,1442,2,en_mesa,5.0,2026-01-12 04:42:51,cortesia
459,132,1,para_llevar,,2025-08-10 19:52:00,anulada
460,801,4,domicilio,,2025-12-06 10:23:49,pagada
461,618,4,domicilio,,2025-08-07 13:04:52,pagada
462,902,2,domicilio,,2025-10-21 04:37:34,pagada
463,150,5,en_mesa,14.0,2025-06-01 07:09:15,pagada
464,665,5,domicilio,,2025-11-09 19:50:15,anulada
465,1017,5,en_mesa,13.0,2025-05-30 15:23:50,pagada
466,1396,4,para_llevar,,2025-09-10 15:26:09,pagada
467,519,5,en_mesa,10.0,2025-07-19 12:01:45,pagada
468,492,4,domicilio,,2025-05-31 19:36:13,anulada
469,1439,2,para_llevar,,2026-03-10 09:44:40,pagada
470,620,2,en_mesa,13.0,2025-12-07 11:10:17,pagada
471,759,3,en_mesa,4.0,2025-07-26 22:58:24,pagada
472,884,4,domicilio,,2025-09-26 17:53:31,pagada
473,722,3,en_mesa,3.0,2026-03-28 17:44:44,pagada
474,1371,4,domicilio,,2026-01-22 12:14:44,cortesia
475,194,3,para_llevar,,2025-11-19 13:47:32,pagada
476,484,4,para_llevar,,2025-04-24 03:39:38,pagada
477,814,5,para_llevar,,2025-12-01 03:24:02,pagada
478,935,4,para_llevar,,2025-06-13 09:40:49,anulada
479,129,3,en_mesa,1.0,2025-06-05 23:56:01,anulada
480,1042,2,en_mesa,7.0,2025-09-14 10:20:51,cortesia
481,1248,1,domicilio,,2025-11-05 15:20:05,anulada
482,1497,3,domicilio,,2025-08-22 15:21:46,anulada
483,1121,2,en_mesa,7.0,2025-12-07 17:34:15,anulada
484,1463,3,domicilio,,2025-06-10 09:56:04,pagada
485,957,4,domicilio,,2025-11-23 21:41:12,anulada
486,637,3,en_mesa,9.0,2025-09-26 07:10:21,pagada
487,455,1,para_llevar,,2026-03-12 11:54:52,pagada
488,969,1,domicilio,,2025-07-11 21:25:16,pagada
489,37,1,en_mesa,11.0,2025-10-04 21:24:22,pagada
490,1146,2,en_mesa,2.0,2025-07-22 11:40:26,anulada
491,244,1,domicilio,,2025-09-25 21:55:03,cortesia
492,48,1,en_mesa,3.0,2025-09-23 14:30:09,anulada
493,713,1,en_mesa,6.0,2026-03-27 20:27:29,anulada
494,1053,5,para_llevar,,2025-07-12 01:13:59,pagada
495,866,2,para_llevar,,2025-09-16 06:16:50,pagada
496,318,3,domicilio,,2025-05-04 11:20:33,pagada
497,7,3,domicilio,,2025-04-07 03:51:09,pagada
498,118,3,domicilio,,2026-02-13 14:59:47,cortesia
499,1073,2,domicilio,,2026-02-22 08:49:54,anulada
500,1452,2,domicilio,,2026-01-01 10:36:37,cortesia
501,859,5,para_llevar,,2026-02-27 21:35:28,pagada
502,1315,2,domicilio,,2025-11-01 02:48:34,pagada
503,305,5,para_llevar,,2026-01-19 14:55:38,anulada
504,525,4,domicilio,,2025-09-08 01:31:09,cortesia
505,1022,4,para_llevar,,2025-11-18 20:30:33,pagada
506,988,4,domicilio,,2025-07-01 02:07:54,anulada
507,407,5,en_mesa,10.0,2026-02-05 12:33:50,pagada
508,938,4,para_llevar,,2026-02-08 20:49:54,pagada
509,161,2,para_llevar,,2025-09-11 17:58:26,pagada
510,430,5,para_llevar,,2025-09-01 02:34:01,anulada
511,647,2,para_llevar,,2025-04-10 03:27:32,pagada
512,1156,5,domicilio,,2026-03-19 10:23:54,cortesia
513,1168,3,en_mesa,1.0,2025-09-27 03:09:30,pagada
514,196,1,en_mesa,9.0,2025-12-10 02:22:20,pagada
515,1453,3,para_llevar,,2025-08-06 07:46:42,anulada
516,115,5,para_llevar,,2025-06-13 07:32:19,cortesia
517,1193,4,para_llevar,,2025-06-27 14:24:05,anulada
518,1484,3,domicilio,,2025-08-16 18:07:29,cortesia
519,74,3,para_llevar,,2025-04-19 13:19:15,cortesia
520,592,4,para_llevar,,2025-04-26 18:01:35,pagada
521,1451,4,en_mesa,4.0,2025-04-06 02:28:17,pagada
522,747,1,para_llevar,,2026-03-14 03:56:28,pagada
523,34,2,para_llevar,,2025-09-07 05:09:55,pagada
524,1398,2,domicilio,,2025-04-03 00:34:35,anulada
525,1090,3,para_llevar,,2025-06-08 04:49:51,pagada
526,357,5,en_mesa,8.0,2025-10-19 01:46:19,pagada
527,1448,4,para_llevar,,2026-01-06 08:54:17,cortesia
528,565,1,en_mesa,13.0,2026-01-25 12:53:17,anulada
529,1140,5,para_llevar,,2025-07-04 02:42:51,anulada
530,619,1,domicilio,,2026-01-03 20:48:56,pagada
531,660,2,domicilio,,2025-04-10 21:33:43,anulada
532,185,5,para_llevar,,2026-03-20 15:50:16,cortesia
533,1305,1,para_llevar,,2025-06-27 04:54:29,pagada
534,965,1,domicilio,,2026-02-19 15:43:06,pagada
535,985,3,en_mesa,10.0,2025-08-03 18:57:02,pagada
536,826,5,para_llevar,,2026-01-26 21:55:59,pagada
537,627,3,domicilio,,2025-05-15 21:38:19,cortesia
538,1312,1,para_llevar,,2025-08-31 00:53:42,anulada
539,1457,5,para_llevar,,2025-12-25 21:53:35,pagada
540,385,5,para_llevar,,2025-10-14 04:10:24,pagada
541,1400,3,domicilio,,2026-02-06 06:48:43,anulada
542,315,1,para_llevar,,2025-04-23 08:55:38,pagada
543,162,1,para_llevar,,2025-04-06 23:36:32,pagada
544,598,2,para_llevar,,2025-08-20 09:35:14,pagada
545,738,3,domicilio,,2025-05-16 02:52:40,pagada
546,26,1,en_mesa,9.0,2025-10-13 03:46:39,pagada
547,914,3,en_mesa,3.0,2025-10-24 15:34:48,pagada
548,162,4,para_llevar,,2026-02-27 10:13:58,anulada
549,248,3,domicilio,,2025-12-01 11:48:54,pagada
550,918,2,en_mesa,14.0,2025-07-10 03:51:17,cortesia
551,874,2,en_mesa,8.0,2025-05-08 08:37:06,pagada
552,866,3,domicilio,,2026-02-26 04:41:57,pagada
553,263,1,para_llevar,,2025-10-06 02:23:42,pagada
554,569,5,para_llevar,,2025-05-07 03:18:06,pagada
555,481,1,en_mesa,1.0,2026-02-14 08:37:28,cortesia
556,999,1,en_mesa,5.0,2025-09-18 01:29:04,cortesia
557,812,5,en_mesa,4.0,2025-09-08 12:34:28,pagada
558,848,1,en_mesa,8.0,2025-09-27 13:47:45,cortesia
559,1057,1,en_mesa,15.0,2026-01-01 15:58:07,cortesia
560,419,1,en_mesa,8.0,2025-09-23 11:16:46,pagada
561,890,3,domicilio,,2026-02-22 23:58:20,pagada
562,1417,5,domicilio,,2025-09-28 10:21:20,pagada
563,1144,3,para_llevar,,2025-04-13 15:01:37,pagada
564,628,1,en_mesa,13.0,2025-05-11 18:23:44,anulada
565,736,1,para_llevar,,2025-09-10 04:09:48,anulada
566,756,1,en_mesa,15.0,2025-08-18 10:38:31,pagada
567,412,5,domicilio,,2025-11-04 19:21:48,pagada
568,141,5,en_mesa,15.0,2025-10-30 01:49:04,anulada
569,350,4,para_llevar,,2025-07-11 02:42:29,pagada
570,685,5,en_mesa,8.0,2026-03-11 02:18:44,pagada
571,731,1,en_mesa,5.0,2025-09-20 13:19:41,pagada
572,734,1,domicilio,,2025-09-02 01:20:43,pagada
573,393,3,para_llevar,,2025-12-22 10:03:23,anulada
574,569,4,domicilio,,2025-09-19 19:52:47,anulada
575,299,5,en_mesa,8.0,2026-01-16 01:17:54,cortesia
576,960,2,domicilio,,2025-05-27 15:27:40,pagada
577,1451,5,en_mesa,6.0,2025-05-31 13:01:53,pagada
578,401,5,para_llevar,,2025-07-28 08:46:31,pagada
579,285,3,domicilio,,2025-12-04 11:53:34,pagada
580,1338,3,para_llevar,,2025-06-02 09:33:36,pagada
581,1372,3,domicilio,,2025-08-12 07:32:51,cortesia
582,286,4,para_llevar,,2025-04-03 22:18:06,cortesia
583,447,5,para_llevar,,2026-03-14 08:56:30,anulada
584,508,2,para_llevar,,2025-05-18 04:56:31,anulada
585,773,2,para_llevar,,2025-07-31 12:19:18,cortesia
586,657,2,domicilio,,2025-11-22 11:07:55,cortesia
587,646,2,domicilio,,2026-01-26 19:47:46,pagada
588,129,3,en_mesa,2.0,2025-06-20 19:26:03,anulada
589,1042,3,domicilio,,2025-08-08 03:21:38,anulada
590,47,5,para_llevar,,2025-11-09 12:39:29,cortesia
591,907,3,domicilio,,2026-01-12 23:59:29,anulada
592,1260,4,domicilio,,2025-11-18 14:14:30,anulada
593,1494,1,para_llevar,,2025-10-23 03:23:42,pagada
594,1423,2,en_mesa,8.0,2025-06-29 09:20:10,anulada
595,1148,3,en_mesa,4.0,2026-01-09 06:21:49,pagada
596,149,2,para_llevar,,2025-07-04 06:45:37,anulada
597,144,1,domicilio,,2025-11-04 15:20:41,cortesia
598,377,1,para_llevar,,2025-07-24 01:15:40,pagada
599,766,5,en_mesa,3.0,2025-04-14 16:32:51,pagada
600,897,5,para_llevar,,2025-08-13 13:50:29,pagada
601,941,4,para_llevar,,2025-06-20 03:14:25,pagada
602,1287,3,domicilio,,2025-04-23 13:01:30,anulada
603,1014,3,en_mesa,14.0,2026-01-02 10:17:41,pagada
604,239,4,en_mesa,5.0,2025-07-23 11:32:32,pagada
605,663,5,para_llevar,,2026-02-28 17:27:46,pagada
606,1201,2,en_mesa,2.0,2025-09-28 16:27:26,pagada
607,1451,3,para_llevar,,2026-01-24 00:02:30,pagada
608,735,2,en_mesa,13.0,2025-09-26 22:20:45,pagada
609,487,5,para_llevar,,2025-06-26 10:58:09,pagada
610,401,4,en_mesa,11.0,2025-11-18 15:20:24,pagada
611,244,3,para_llevar,,2025-12-16 00:11:28,pagada
612,429,4,en_mesa,5.0,2025-12-04 07:01:00,pagada
613,175,3,domicilio,,2025-06-28 12:22:22,pagada
614,1028,1,para_llevar,,2025-05-20 22:29:12,pagada
615,637,4,en_mesa,15.0,2025-08-21 06:31:10,pagada
616,108,5,para_llevar,,2025-05-12 17:39:03,pagada
617,714,4,en_mesa,11.0,2025-10-08 06:27:08,pagada
618,1285,2,para_llevar,,2025-08-07 23:00:54,pagada
619,55,2,domicilio,,2026-01-06 00:46:51,anulada
620,457,2,para_llevar,,2025-11-19 06:13:25,cortesia
621,1377,2,para_llevar,,2025-06-29 07:15:53,anulada
622,725,3,para_llevar,,2026-01-22 09:07:45,anulada
623,83,2,en_mesa,14.0,2026-02-19 10:22:30,pagada
624,29,1,para_llevar,,2025-07-12 16:19:37,pagada
625,446,1,para_llevar,,2025-05-31 21:49:53,cortesia
626,383,2,para_llevar,,2026-02-09 01:38:08,anulada
627,493,3,en_mesa,5.0,2025-06-28 18:35:48,pagada
628,315,2,domicilio,,2025-05-18 11:10:00,anulada
629,937,5,en_mesa,10.0,2025-07-04 00:42:32,pagada
630,594,2,para_llevar,,2025-07-11 13:36:59,pagada
631,1246,1,domicilio,,2025-10-30 15:55:35,pagada
632,502,2,en_mesa,7.0,2025-05-27 23:34:49,pagada
633,318,3,en_mesa,6.0,2025-06-16 21:40:51,pagada
634,879,3,domicilio,,2025-08-02 07:05:04,pagada
635,571,4,en_mesa,14.0,2025-08-18 11:55:07,pagada
636,1471,1,domicilio,,2026-03-05 16:32:20,pagada
637,456,4,para_llevar,,2025-12-26 04:40:36,cortesia
638,857,5,para_llevar,,2025-08-08 04:09:21,anulada
639,863,5,domicilio,,2025-12-12 16:11:27,anulada
640,1315,4,para_llevar,,2025-09-09 23:19:26,pagada
641,585,3,para_llevar,,2025-08-25 18:16:52,pagada
642,74,5,en_mesa,7.0,2025-10-27 00:55:48,pagada
643,204,4,en_mesa,4.0,2025-07-14 13:32:28,pagada
644,747,4,para_llevar,,2025-08-07 01:47:18,pagada
645,190,5,en_mesa,13.0,2025-10-29 06:16:49,pagada
646,268,3,domicilio,,2025-05-04 16:39:31,pagada
647,598,4,en_mesa,9.0,2026-03-21 09:23:50,pagada
648,1052,1,domicilio,,2025-06-19 21:48:45,anulada
649,123,1,en_mesa,13.0,2026-02-15 05:53:33,anulada
650,609,2,domicilio,,2025-12-18 15:50:57,cortesia
651,727,2,en_mesa,15.0,2025-11-11 10:09:13,anulada
652,1299,1,domicilio,,2026-01-22 21:56:34,anulada
653,1226,5,domicilio,,2025-04-02 03:50:15,anulada
654,892,5,para_llevar,,2025-09-01 12:41:40,anulada
655,801,2,domicilio,,2025-10-18 05:38:41,pagada
656,1243,5,domicilio,,2026-02-13 06:31:44,pagada
657,206,2,en_mesa,5.0,2025-07-22 17:10:05,cortesia
658,718,1,domicilio,,2025-04-08 07:08:54,pagada
659,1288,2,domicilio,,2025-06-04 12:29:48,pagada
660,594,2,en_mesa,4.0,2025-08-08 09:58:35,pagada
661,197,1,domicilio,,2026-03-04 01:36:37,pagada
662,138,5,domicilio,,2025-09-09 03:51:45,pagada
663,1314,4,en_mesa,10.0,2025-12-07 07:21:18,pagada
664,298,3,para_llevar,,2025-10-29 16:26:44,pagada
665,527,2,en_mesa,8.0,2025-09-13 15:43:34,pagada
666,941,5,para_llevar,,2025-07-09 16:27:05,cortesia
667,513,5,domicilio,,2025-12-13 20:16:49,pagada
668,1414,2,domicilio,,2025-05-22 13:54:42,anulada
669,679,1,domicilio,,2025-04-29 22:24:13,anulada
670,69,5,domicilio,,2026-01-22 11:32:15,pagada
671,103,1,para_llevar,,2025-11-23 19:04:19,pagada
672,1420,5,en_mesa,6.0,2025-08-20 18:47:47,pagada
673,1383,1,para_llevar,,2025-07-22 08:09:02,pagada
674,197,2,en_mesa,14.0,2025-04-18 03:38:25,pagada
675,789,3,para_llevar,,2025-09-01 00:40:22,pagada
676,1261,1,para_llevar,,2025-12-12 01:28:49,cortesia
677,1074,3,en_mesa,8.0,2025-09-21 09:13:12,pagada
678,517,5,domicilio,,2025-11-07 03:49:11,cortesia
679,167,1,domicilio,,2025-05-28 07:23:27,cortesia
680,330,2,para_llevar,,2026-02-12 10:31:26,cortesia
681,466,4,para_llevar,,2025-04-05 22:34:40,pagada
682,882,1,domicilio,,2026-02-24 05:55:20,anulada
683,725,2,domicilio,,2026-01-15 08:13:02,pagada
684,1413,5,para_llevar,,2026-02-17 03:28:13,pagada
685,1286,2,para_llevar,,2025-04-06 01:51:44,pagada
686,547,3,domicilio,,2025-06-12 03:06:52,pagada
687,529,2,para_llevar,,2025-10-28 10:23:51,pagada
688,2,5,en_mesa,5.0,2025-08-28 08:00:34,pagada
689,658,5,en_mesa,7.0,2025-07-23 16:29:01,pagada
690,952,5,domicilio,,2026-03-15 14:07:31,anulada
691,1009,2,domicilio,,2026-02-24 08:30:26,cortesia
692,505,3,domicilio,,2025-07-09 02:27:33,cortesia
693,10,2,domicilio,,2025-07-09 01:34:44,anulada
694,1062,1,en_mesa,14.0,2026-03-22 00:03:14,anulada
695,1008,3,para_llevar,,2026-02-21 06:47:16,cortesia
696,1245,4,domicilio,,2026-01-12 00:46:25,anulada
697,506,1,en_mesa,15.0,2025-05-14 07:13:39,pagada
698,1080,1,domicilio,,2025-04-07 18:03:53,pagada
699,29,4,en_mesa,10.0,2026-01-12 00:08:49,cortesia
700,397,5,en_mesa,11.0,2025-06-05 19:31:58,anulada
701,934,4,para_llevar,,2025-05-06 03:23:46,pagada
702,803,5,en_mesa,6.0,2026-03-25 07:49:35,anulada
703,1440,5,para_llevar,,2025-11-29 14:06:56,cortesia
704,1255,2,domicilio,,2026-02-14 10:57:27,pagada
705,992,1,para_llevar,,2025-08-08 04:58:25,pagada
706,1351,2,para_llevar,,2025-05-04 06:13:54,pagada
707,692,4,domicilio,,2025-09-18 03:02:14,cortesia
708,758,3,en_mesa,6.0,2025-08-13 05:01:08,pagada
709,1401,1,domicilio,,2025-05-06 13:51:45,cortesia
710,1062,4,domicilio,,2026-01-19 02:23:23,cortesia
711,1261,4,en_mesa,14.0,2025-08-02 21:52:42,pagada
712,629,2,domicilio,,2025-07-13 08:51:09,cortesia
713,97,4,en_mesa,11.0,2025-05-05 12:23:26,pagada
714,757,1,domicilio,,2026-03-20 18:36:49,cortesia
715,1256,3,para_llevar,,2026-02-04 11:01:53,pagada
716,667,4,en_mesa,9.0,2025-05-15 19:19:53,pagada
717,121,2,domicilio,,2026-01-14 08:14:06,anulada
718,580,3,para_llevar,,2025-07-04 16:58:44,pagada
719,698,3,para_llevar,,2025-06-09 04:56:07,pagada
720,1269,2,para_llevar,,2026-02-17 15:10:12,cortesia
721,351,4,domicilio,,2025-10-12 03:31:55,cortesia
722,893,5,domicilio,,2025-08-01 04:27:02,pagada
723,779,4,en_mesa,14.0,2025-07-24 18:15:01,pagada
724,306,1,domicilio,,2026-01-25 08:07:17,anulada
725,1280,2,para_llevar,,2025-12-17 21:20:39,pagada
726,451,4,en_mesa,5.0,2025-10-29 16:29:35,pagada
727,162,3,para_llevar,,2025-10-16 22:05:44,anulada
728,788,3,domicilio,,2025-09-21 07:24:09,cortesia
729,146,4,en_mesa,3.0,2025-04-28 17:14:27,anulada
730,1460,2,para_llevar,,2026-03-04 04:17:36,pagada
731,1187,2,domicilio,,2025-06-06 12:42:24,pagada
732,752,4,para_llevar,,2025-04-06 08:23:18,cortesia
733,526,1,para_llevar,,2025-05-29 03:55:34,pagada
734,287,1,en_mesa,8.0,2025-11-21 07:39:04,anulada
735,851,3,domicilio,,2025-11-08 02:38:02,pagada
736,504,5,para_llevar,,2026-01-04 06:48:22,pagada
737,334,2,domicilio,,2025-10-12 16:51:25,anulada
738,266,1,para_llevar,,2025-04-07 12:17:15,cortesia
739,1244,2,en_mesa,12.0,2026-01-19 03:25:19,pagada
740,1020,4,en_mesa,6.0,2025-07-29 23:03:39,pagada
741,1288,4,en_mesa,10.0,2026-01-31 08:27:31,cortesia
742,1011,3,para_llevar,,2025-07-13 01:35:52,pagada
743,1119,3,en_mesa,10.0,2025-08-21 23:32:47,pagada
744,71,1,domicilio,,2025-04-10 02:07:41,pagada
745,12,2,en_mesa,10.0,2025-05-31 23:36:44,pagada
746,1459,1,domicilio,,2025-12-07 13:47:23,pagada
747,995,1,en_mesa,10.0,2026-03-07 16:09:18,anulada
748,449,1,para_llevar,,2026-01-05 02:47:37,cortesia
749,874,4,en_mesa,8.0,2025-11-27 02:50:24,anulada
750,1448,4,en_mesa,10.0,2025-12-06 04:29:37,cortesia
751,1255,4,en_mesa,5.0,2025-12-01 11:49:34,pagada
752,1114,1,en_mesa,8.0,2025-03-31 22:33:07,pagada
753,751,1,para_llevar,,2025-04-29 05:38:20,pagada
754,301,1,domicilio,,2025-07-15 08:19:29,pagada
755,1167,1,en_mesa,8.0,2025-12-11 11:17:55,pagada
756,583,3,en_mesa,11.0,2025-06-22 21:48:24,pagada
757,1465,5,para_llevar,,2025-04-08 05:05:44,anulada
758,331,1,en_mesa,8.0,2025-12-06 03:10:33,pagada
759,1014,4,domicilio,,2025-10-01 06:22:11,anulada
760,1369,4,en_mesa,2.0,2026-01-17 02:20:36,pagada
761,752,4,para_llevar,,2025-04-13 15:15:24,anulada
762,838,4,en_mesa,7.0,2026-03-25 07:39:48,cortesia
763,1080,1,domicilio,,2025-10-08 10:06:26,anulada
764,1210,2,domicilio,,2025-12-15 07:26:47,anulada
765,446,4,para_llevar,,2025-08-01 20:22:56,anulada
766,176,1,domicilio,,2025-09-27 23:53:06,pagada
767,423,5,para_llevar,,2025-10-14 17:29:25,pagada
768,206,3,en_mesa,9.0,2026-03-14 19:21:05,anulada
769,479,4,en_mesa,12.0,2025-10-23 12:41:25,pagada
770,218,4,domicilio,,2026-02-13 00:10:44,pagada
771,255,2,domicilio,,2025-05-24 01:45:19,pagada
772,1245,3,para_llevar,,2025-08-17 12:35:06,pagada
773,1324,1,en_mesa,7.0,2026-01-21 05:05:40,cortesia
774,505,4,domicilio,,2025-09-23 07:54:01,cortesia
775,1088,4,para_llevar,,2025-12-14 22:03:09,pagada
776,1089,2,para_llevar,,2025-07-29 18:26:50,anulada
777,50,4,para_llevar,,2025-05-05 15:37:33,pagada
778,898,1,para_llevar,,2026-03-13 09:16:22,pagada
779,298,3,domicilio,,2025-12-22 19:27:08,pagada
780,541,3,domicilio,,2025-06-27 01:19:01,anulada
781,296,3,para_llevar,,2025-05-31 03:00:01,pagada
782,601,5,para_llevar,,2026-03-22 20:45:59,pagada
783,512,5,para_llevar,,2025-04-15 08:19:01,pagada
784,375,1,domicilio,,2026-01-22 04:20:00,pagada
785,760,1,para_llevar,,2025-05-10 21:34:59,pagada
786,53,2,para_llevar,,2025-05-27 18:28:15,anulada
787,713,3,domicilio,,2025-12-12 13:34:59,anulada
788,640,4,en_mesa,14.0,2025-08-11 01:38:07,pagada
789,1355,2,domicilio,,2026-01-27 10:45:39,pagada
790,1434,5,en_mesa,12.0,2025-07-28 11:16:11,anulada
791,736,4,en_mesa,11.0,2026-03-22 18:51:40,pagada
792,1475,2,en_mesa,12.0,2026-03-10 21:30:10,pagada
793,751,4,para_llevar,,2025-11-23 07:09:34,anulada
794,1387,2,domicilio,,2026-01-02 14:47:03,cortesia
795,591,2,para_llevar,,2025-06-22 06:35:34,pagada
796,830,2,en_mesa,4.0,2025-07-07 10:01:56,pagada
797,446,2,domicilio,,2026-01-25 09:44:01,pagada
798,1110,4,para_llevar,,2025-06-12 06:09:38,anulada
799,345,5,en_mesa,6.0,2025-11-04 18:39:14,anulada
800,394,3,domicilio,,2025-10-08 13:22:26,pagada
801,1396,2,para_llevar,,2025-06-27 12:59:10,cortesia
802,1391,4,en_mesa,3.0,2026-02-12 22:27:06,cortesia
803,1048,3,para_llevar,,2026-02-05 08:31:52,pagada
804,463,4,para_llevar,,2025-08-14 15:06:03,anulada
805,775,3,en_mesa,2.0,2025-08-06 07:01:24,pagada
806,1438,4,para_llevar,,2026-01-30 20:34:20,pagada
807,154,5,en_mesa,8.0,2026-01-23 21:24:33,anulada
808,120,5,en_mesa,6.0,2025-05-10 09:13:24,pagada
809,983,2,para_llevar,,2025-05-31 16:07:50,pagada
810,693,2,en_mesa,5.0,2026-03-08 17:26:15,pagada
811,934,4,para_llevar,,2026-03-09 01:56:09,cortesia
812,1273,2,domicilio,,2025-08-11 18:28:02,pagada
813,1206,5,para_llevar,,2025-07-27 17:45:06,cortesia
814,396,3,para_llevar,,2025-11-12 21:27:05,pagada
815,396,1,en_mesa,8.0,2025-05-25 03:27:17,pagada
816,1346,1,domicilio,,2025-04-17 15:09:49,pagada
817,1052,1,para_llevar,,2025-09-20 05:53:26,anulada
818,1304,1,domicilio,,2025-12-11 21:26:50,pagada
819,102,5,domicilio,,2025-07-21 15:33:55,pagada
820,669,4,domicilio,,2025-09-27 20:19:47,pagada
821,1146,1,para_llevar,,2025-10-14 22:30:15,pagada
822,108,1,en_mesa,13.0,2025-11-12 18:37:47,pagada
823,955,2,domicilio,,2025-06-08 08:00:47,pagada
824,24,5,domicilio,,2025-07-30 09:28:48,pagada
825,544,4,domicilio,,2025-05-04 06:55:45,pagada
826,117,2,para_llevar,,2025-12-04 01:28:01,pagada
827,1256,2,domicilio,,2025-06-05 05:41:40,pagada
828,95,5,en_mesa,14.0,2025-10-09 13:15:35,pagada
829,765,2,para_llevar,,2025-07-12 16:04:37,pagada
830,406,4,para_llevar,,2025-04-24 16:47:37,anulada
831,1310,1,en_mesa,13.0,2025-07-26 08:47:29,pagada
832,942,2,domicilio,,2025-11-10 00:57:36,anulada
833,1103,5,en_mesa,12.0,2026-03-09 06:05:01,pagada
834,88,1,para_llevar,,2025-11-26 04:33:06,pagada
835,1383,5,para_llevar,,2025-12-11 00:24:29,pagada
836,541,2,para_llevar,,2026-03-13 23:27:21,pagada
837,658,3,para_llevar,,2026-03-03 20:39:52,pagada
838,889,1,para_llevar,,2025-08-31 01:31:31,cortesia
839,1273,5,para_llevar,,2026-03-30 13:40:44,anulada
840,1485,3,en_mesa,15.0,2026-01-25 19:11:10,pagada
841,456,5,para_llevar,,2025-08-13 23:07:06,pagada
842,262,2,domicilio,,2025-12-31 20:17:40,anulada
843,1197,5,para_llevar,,2025-06-05 12:15:47,pagada
844,693,4,para_llevar,,2026-02-21 03:26:25,cortesia
845,930,4,domicilio,,2025-07-18 21:42:26,anulada
846,1288,2,para_llevar,,2026-01-14 10:09:30,anulada
847,532,4,en_mesa,12.0,2025-09-10 05:28:25,cortesia
848,1481,4,para_llevar,,2026-03-08 01:19:20,pagada
849,608,1,en_mesa,5.0,2025-06-22 09:07:07,cortesia
850,678,3,en_mesa,1.0,2025-08-15 15:39:17,anulada
851,1294,2,para_llevar,,2025-08-26 00:30:03,pagada
852,666,5,domicilio,,2025-08-20 09:57:45,anulada
853,1274,3,en_mesa,11.0,2025-06-13 18:45:33,pagada
854,1431,4,para_llevar,,2025-08-28 17:12:43,pagada
855,1251,4,domicilio,,2025-07-23 06:02:29,pagada
856,431,4,en_mesa,15.0,2026-02-22 01:26:50,anulada
857,811,2,domicilio,,2025-07-01 16:14:35,anulada
858,732,2,domicilio,,2025-04-12 13:18:44,pagada
859,1151,1,domicilio,,2025-09-30 11:53:27,cortesia
860,531,4,domicilio,,2025-12-23 16:46:18,pagada
861,313,2,domicilio,,2025-09-23 09:46:30,pagada
862,254,3,en_mesa,3.0,2025-10-16 03:48:52,pagada
863,826,5,domicilio,,2025-04-13 14:34:40,pagada
864,1162,4,para_llevar,,2025-07-31 19:03:11,anulada
865,493,1,domicilio,,2026-01-27 07:28:22,cortesia
866,1401,2,para_llevar,,2026-01-10 08:44:20,anulada
867,111,5,para_llevar,,2025-07-06 02:13:00,pagada
868,868,1,para_llevar,,2026-01-15 01:07:21,anulada
869,438,5,en_mesa,3.0,2025-11-22 09:00:48,pagada
870,918,3,para_llevar,,2025-10-22 18:40:21,pagada
871,795,3,en_mesa,6.0,2025-06-21 12:14:56,pagada
872,1427,1,en_mesa,12.0,2025-11-04 21:05:06,cortesia
873,1227,2,para_llevar,,2025-11-03 16:37:31,pagada
874,1349,5,para_llevar,,2025-07-19 04:01:35,pagada
875,492,5,para_llevar,,2025-09-17 22:04:02,cortesia
876,1428,1,en_mesa,9.0,2025-07-30 00:39:24,anulada
877,1342,1,en_mesa,12.0,2026-01-07 18:32:33,anulada
878,95,1,domicilio,,2026-02-19 03:07:17,pagada
879,894,2,en_mesa,6.0,2025-05-14 22:38:57,cortesia
880,412,2,en_mesa,13.0,2026-03-03 08:39:26,cortesia
881,1249,5,en_mesa,2.0,2025-10-09 01:35:45,pagada
882,1218,1,en_mesa,13.0,2025-06-18 08:35:18,pagada
883,154,4,para_llevar,,2025-05-07 12:49:38,cortesia
884,394,5,para_llevar,,2025-11-20 12:00:47,pagada
885,923,1,domicilio,,2026-02-21 02:34:03,pagada
886,1150,3,para_llevar,,2026-01-07 13:15:47,pagada
887,106,1,domicilio,,2025-08-08 02:44:57,anulada
888,467,3,domicilio,,2025-12-27 09:55:31,cortesia
889,704,3,en_mesa,10.0,2025-04-13 20:20:28,pagada
890,1495,3,domicilio,,2026-01-13 15:53:24,cortesia
891,688,5,domicilio,,2025-11-09 09:49:54,cortesia
892,1280,2,domicilio,,2025-09-18 07:44:54,pagada
893,1254,4,en_mesa,4.0,2026-03-08 20:04:40,pagada
894,156,2,domicilio,,2025-07-13 12:00:10,pagada
895,263,5,para_llevar,,2025-05-17 08:28:53,pagada
896,619,3,en_mesa,1.0,2025-11-15 08:00:46,anulada
897,777,4,para_llevar,,2025-07-04 18:13:31,pagada
898,324,4,en_mesa,2.0,2025-08-12 23:47:02,pagada
899,63,3,domicilio,,2025-04-18 16:03:46,pagada
900,1348,4,en_mesa,7.0,2025-06-05 06:04:26,cortesia
901,65,2,domicilio,,2025-10-02 18:26:24,cortesia
902,830,5,en_mesa,9.0,2025-05-01 12:35:18,anulada
903,189,4,en_mesa,6.0,2025-09-06 18:14:29,anulada
904,763,5,para_llevar,,2025-08-18 00:12:26,pagada
905,141,3,domicilio,,2026-01-15 07:22:48,pagada
906,1444,3,en_mesa,15.0,2025-06-27 13:36:58,cortesia
907,741,2,domicilio,,2025-11-05 04:38:17,anulada
908,116,3,para_llevar,,2025-06-09 03:24:28,cortesia
909,641,5,para_llevar,,2025-05-21 05:29:13,anulada
910,497,2,domicilio,,2025-11-15 16:08:27,pagada
911,1224,1,domicilio,,2025-12-06 15:27:30,pagada
912,517,5,en_mesa,14.0,2025-06-17 05:17:17,pagada
913,908,1,domicilio,,2025-11-26 01:32:03,pagada
914,1316,3,en_mesa,9.0,2025-05-10 00:10:55,anulada
915,611,5,para_llevar,,2025-12-30 07:35:07,anulada
916,658,3,en_mesa,10.0,2025-09-04 10:54:47,cortesia
917,574,4,domicilio,,2025-07-11 04:32:16,cortesia
918,955,4,para_llevar,,2025-11-28 08:15:56,pagada
919,150,5,en_mesa,15.0,2026-03-18 00:43:50,cortesia
920,288,3,para_llevar,,2025-11-14 08:19:55,anulada
921,1063,2,para_llevar,,2025-05-10 08:23:30,anulada
922,982,3,domicilio,,2026-01-28 23:59:41,pagada
923,851,2,para_llevar,,2025-08-06 12:37:34,pagada
924,585,1,para_llevar,,2025-04-06 14:04:57,pagada
925,272,3,para_llevar,,2025-10-09 06:17:46,anulada
926,780,1,en_mesa,14.0,2025-05-15 19:06:18,anulada
927,862,5,para_llevar,,2025-05-28 03:05:04,pagada
928,28,2,para_llevar,,2025-06-28 00:59:24,pagada
929,85,2,en_mesa,13.0,2025-04-11 20:19:50,pagada
930,617,3,en_mesa,7.0,2025-07-23 09:54:37,cortesia
931,190,2,domicilio,,2026-01-26 03:27:41,anulada
932,1144,5,domicilio,,2025-04-23 02:57:18,cortesia
933,375,4,para_llevar,,2025-08-13 11:28:09,pagada
934,226,2,en_mesa,7.0,2026-03-05 09:20:26,pagada
935,248,3,para_llevar,,2025-04-29 19:19:37,cortesia
936,877,3,domicilio,,2025-07-02 11:30:15,cortesia
937,1332,5,domicilio,,2025-12-05 14:06:01,anulada
938,72,1,para_llevar,,2026-03-26 05:22:38,cortesia
939,1047,5,en_mesa,2.0,2025-04-18 21:02:21,pagada
940,1090,5,en_mesa,6.0,2026-02-07 20:05:55,anulada
941,1152,3,domicilio,,2025-12-16 09:11:06,anulada
942,946,3,en_mesa,5.0,2026-02-09 08:36:47,pagada
943,892,3,domicilio,,2025-06-27 09:43:00,pagada
944,1335,5,domicilio,,2025-07-11 14:51:59,anulada
945,653,5,para_llevar,,2026-03-28 07:30:47,pagada
946,1490,2,para_llevar,,2025-07-09 04:00:56,cortesia
947,1298,5,domicilio,,2026-02-21 13:56:39,anulada
948,919,3,para_llevar,,2025-06-22 22:51:09,pagada
949,550,2,en_mesa,10.0,2026-01-02 22:57:30,pagada
950,1422,1,domicilio,,2026-01-02 03:51:05,pagada
951,658,1,para_llevar,,2026-01-28 17:29:53,pagada
952,302,3,domicilio,,2025-04-01 03:03:14,pagada
953,175,4,domicilio,,2026-02-22 20:32:45,pagada
954,268,4,en_mesa,14.0,2025-10-10 21:28:53,pagada
955,551,2,en_mesa,9.0,2025-07-06 10:11:32,pagada
956,931,4,en_mesa,8.0,2026-03-06 06:35:28,anulada
957,772,4,domicilio,,2025-05-13 21:35:41,pagada
958,843,1,domicilio,,2026-01-10 07:30:10,cortesia
959,259,5,domicilio,,2025-09-21 21:02:39,anulada
960,980,3,domicilio,,2025-09-21 18:18:19,pagada
961,444,2,en_mesa,4.0,2025-08-04 12:12:38,pagada
962,1197,2,domicilio,,2025-04-05 16:40:39,pagada
963,1359,5,para_llevar,,2025-08-23 03:05:39,cortesia
964,193,5,en_mesa,4.0,2025-10-18 00:58:44,anulada
965,1157,1,domicilio,,2025-09-04 00:15:20,pagada
966,1302,2,domicilio,,2025-05-05 16:30:21,pagada
967,1127,2,en_mesa,4.0,2025-12-11 12:29:36,pagada
968,1497,5,domicilio,,2025-08-02 19:09:09,pagada
969,1296,2,para_llevar,,2025-04-10 19:37:01,cortesia
970,1409,5,en_mesa,7.0,2025-06-24 11:58:53,pagada
971,7,4,domicilio,,2025-08-15 01:49:48,anulada
972,1034,1,domicilio,,2025-04-09 23:25:40,pagada
973,1268,5,domicilio,,2025-06-28 16:37:01,pagada
974,582,4,para_llevar,,2025-11-11 12:26:52,cortesia
975,273,2,domicilio,,2026-03-23 23:53:42,cortesia
976,1462,2,para_llevar,,2026-02-20 01:08:30,cortesia
977,682,3,para_llevar,,2025-04-08 22:07:30,anulada
978,1206,3,en_mesa,15.0,2026-01-12 01:03:14,pagada
979,1166,4,para_llevar,,2026-02-01 02:20:41,cortesia
980,753,2,para_llevar,,2025-06-23 03:19:07,cortesia
981,1057,1,para_llevar,,2025-10-24 21:01:31,pagada
982,185,2,en_mesa,15.0,2026-03-24 23:54:16,cortesia
983,236,5,para_llevar,,2025-12-29 06:05:20,pagada
984,338,2,para_llevar,,2025-06-28 10:15:34,anulada
985,466,5,en_mesa,7.0,2025-10-05 19:15:29,pagada
986,1387,2,para_llevar,,2025-06-29 04:06:55,pagada
987,1122,3,en_mesa,13.0,2025-07-26 09:39:42,cortesia
988,1251,4,para_llevar,,2025-09-28 09:34:20,pagada
989,947,3,en_mesa,9.0,2025-06-08 08:46:45,anulada
990,851,4,domicilio,,2025-05-16 05:20:41,pagada
991,202,3,en_mesa,1.0,2026-03-16 21:29:20,anulada
992,862,3,para_llevar,,2025-05-19 20:43:23,pagada
993,362,5,para_llevar,,2025-05-29 19:22:35,cortesia
994,743,3,para_llevar,,2025-07-12 08:19:24,cortesia
995,641,1,para_llevar,,2025-12-15 07:34:12,pagada
996,1340,2,para_llevar,,2026-03-28 00:32:16,pagada
997,251,2,para_llevar,,2026-02-26 05:11:22,pagada
998,1311,4,domicilio,,2025-11-29 22:29:57,cortesia
999,205,2,domicilio,,2025-11-26 08:35:42,pagada
1000,953,1,domicilio,,2025-12-12 05:34:19,pagada
1001,12,5,para_llevar,,2025-07-07 09:14:43,pagada
1002,684,2,domicilio,,2025-07-14 17:14:03,pagada
1003,761,4,domicilio,,2026-03-01 01:48:10,cortesia
1004,1371,3,para_llevar,,2026-03-28 04:28:58,pagada
1005,1142,2,para_llevar,,2025-09-27 18:33:43,pagada
1006,299,4,para_llevar,,2025-07-19 07:26:07,pagada
1007,675,2,en_mesa,6.0,2025-11-19 17:55:06,cortesia
1008,976,4,en_mesa,12.0,2025-08-10 19:25:12,anulada
1009,1262,5,en_mesa,13.0,2025-05-14 16:15:02,pagada
1010,1109,1,en_mesa,14.0,2025-05-30 00:11:52,cortesia
1011,408,4,domicilio,,2025-04-03 20:35:35,pagada
1012,263,2,para_llevar,,2025-04-18 22:39:26,pagada
1013,1397,4,en_mesa,8.0,2026-03-30 05:25:01,pagada
1014,1168,4,en_mesa,12.0,2025-10-09 12:52:33,pagada
1015,871,4,domicilio,,2026-01-19 02:52:37,pagada
1016,562,4,domicilio,,2025-10-02 19:02:07,pagada
1017,697,4,domicilio,,2025-05-08 11:19:49,pagada
1018,1117,2,en_mesa,8.0,2025-12-10 07:11:16,pagada
1019,1031,4,en_mesa,14.0,2025-08-07 19:28:03,anulada
1020,393,4,para_llevar,,2025-11-18 04:01:18,pagada
1021,46,1,domicilio,,2026-02-15 05:13:54,pagada
1022,1065,1,en_mesa,4.0,2025-05-04 08:57:25,pagada
1023,863,2,en_mesa,10.0,2025-12-24 08:47:00,anulada
1024,1315,1,domicilio,,2025-11-03 19:42:09,pagada
1025,134,5,domicilio,,2025-12-18 08:17:22,pagada
1026,670,1,en_mesa,3.0,2026-03-13 02:00:55,pagada
1027,954,1,para_llevar,,2025-06-11 12:01:02,pagada
1028,474,1,para_llevar,,2025-10-16 22:56:10,pagada
1029,500,3,para_llevar,,2025-07-01 21:35:45,pagada
1030,395,1,para_llevar,,2025-10-26 10:24:24,pagada
1031,192,1,para_llevar,,2025-04-10 02:44:41,cortesia
1032,1223,5,domicilio,,2026-02-03 11:32:13,pagada
1033,658,4,para_llevar,,2025-12-15 22:11:33,pagada
1034,672,1,para_llevar,,2025-09-12 10:49:09,anulada
1035,754,1,en_mesa,1.0,2026-02-15 14:49:35,cortesia
1036,798,2,domicilio,,2025-05-09 08:03:57,cortesia
1037,268,1,para_llevar,,2025-09-17 05:53:37,cortesia
1038,576,3,en_mesa,6.0,2026-01-24 15:01:15,cortesia
1039,115,5,domicilio,,2025-05-02 05:56:01,pagada
1040,1116,1,en_mesa,12.0,2025-07-23 01:28:20,pagada
1041,1123,1,para_llevar,,2025-06-01 10:00:39,cortesia
1042,1199,4,en_mesa,14.0,2025-06-25 13:16:14,pagada
1043,1160,3,para_llevar,,2025-05-05 13:27:56,pagada
1044,1122,3,para_llevar,,2025-07-03 04:21:14,pagada
1045,988,4,en_mesa,3.0,2025-04-19 06:31:12,pagada
1046,1239,1,para_llevar,,2025-07-20 15:53:59,pagada
1047,151,5,domicilio,,2025-12-21 17:38:42,pagada
1048,989,5,en_mesa,1.0,2025-04-26 21:04:17,pagada
1049,844,3,para_llevar,,2025-10-25 19:58:55,anulada
1050,890,5,para_llevar,,2025-05-09 23:14:53,anulada
1051,1031,5,para_llevar,,2025-09-21 17:51:51,pagada
1052,1058,2,para_llevar,,2025-06-05 15:46:59,pagada
1053,127,1,en_mesa,11.0,2025-06-06 16:51:22,cortesia
1054,1060,4,para_llevar,,2025-11-02 23:37:37,pagada
1055,1342,5,en_mesa,6.0,2025-10-30 18:06:24,anulada
1056,765,2,para_llevar,,2025-05-10 08:08:24,pagada
1057,1016,1,en_mesa,4.0,2025-08-11 14:09:57,pagada
1058,811,3,para_llevar,,2025-08-06 02:58:08,cortesia
1059,775,2,domicilio,,2026-01-14 19:31:37,pagada
1060,1406,5,domicilio,,2025-10-25 21:16:14,pagada
1061,267,4,en_mesa,12.0,2025-07-12 20:39:21,pagada
1062,118,3,en_mesa,10.0,2025-11-18 01:28:49,pagada
1063,221,4,para_llevar,,2025-09-04 02:30:21,anulada
1064,1366,3,en_mesa,8.0,2026-01-25 17:38:02,cortesia
1065,106,4,para_llevar,,2026-01-22 16:15:40,pagada
1066,885,4,para_llevar,,2025-07-19 16:55:56,anulada
1067,1496,1,para_llevar,,2025-12-23 04:16:07,pagada
1068,391,1,domicilio,,2026-02-10 20:42:11,pagada
1069,292,1,domicilio,,2025-09-03 05:20:25,anulada
1070,1245,4,para_llevar,,2026-01-11 19:05:06,pagada
1071,681,5,domicilio,,2025-10-18 20:05:53,anulada
1072,138,2,para_llevar,,2026-01-17 18:48:14,pagada
1073,24,5,para_llevar,,2026-02-05 05:20:57,pagada
1074,1430,4,en_mesa,12.0,2025-06-20 22:56:30,cortesia
1075,809,4,en_mesa,10.0,2026-01-01 02:50:42,pagada
1076,1198,5,domicilio,,2025-08-01 18:47:13,pagada
1077,1496,2,para_llevar,,2026-02-15 02:21:59,pagada
1078,1134,5,en_mesa,5.0,2025-05-07 16:26:25,anulada
1079,340,3,domicilio,,2025-04-03 23:21:40,pagada
1080,72,2,domicilio,,2026-01-20 16:47:29,pagada
1081,1348,5,en_mesa,15.0,2025-12-30 08:50:40,pagada
1082,1314,4,para_llevar,,2025-12-04 13:51:54,pagada
1083,1032,1,para_llevar,,2025-04-08 07:58:59,cortesia
1084,102,4,domicilio,,2025-09-10 10:03:26,pagada
1085,82,4,domicilio,,2025-10-07 18:10:09,cortesia
1086,1378,2,para_llevar,,2026-03-03 18:22:43,cortesia
1087,955,5,para_llevar,,2025-06-04 23:21:01,anulada
1088,1066,2,en_mesa,14.0,2025-12-02 19:12:03,anulada
1089,660,4,domicilio,,2025-07-07 22:52:34,cortesia
1090,1333,1,domicilio,,2025-09-25 08:43:35,pagada
1091,878,3,en_mesa,5.0,2025-05-13 08:05:56,pagada
1092,627,3,para_llevar,,2025-10-22 08:01:05,pagada
1093,780,1,para_llevar,,2025-06-05 10:54:33,pagada
1094,1215,2,para_llevar,,2025-12-08 20:09:35,pagada
1095,894,4,domicilio,,2025-08-29 08:57:26,cortesia
1096,238,5,domicilio,,2025-12-04 09:46:54,pagada
1097,628,3,domicilio,,2025-10-03 03:58:16,cortesia
1098,774,3,en_mesa,3.0,2026-03-04 12:38:06,pagada
1099,747,3,en_mesa,14.0,2026-01-20 22:15:38,anulada
1100,37,3,para_llevar,,2025-09-17 13:14:25,pagada
1101,449,2,domicilio,,2025-12-10 06:18:51,anulada
1102,1086,4,en_mesa,1.0,2025-11-19 05:51:28,pagada
1103,674,5,para_llevar,,2025-10-06 20:23:28,pagada
1104,1420,2,para_llevar,,2025-05-22 00:10:10,pagada
1105,1104,5,domicilio,,2025-11-04 10:44:31,anulada
1106,1175,2,en_mesa,12.0,2025-09-25 03:03:34,anulada
1107,1264,5,domicilio,,2026-02-04 00:22:22,anulada
1108,423,4,en_mesa,1.0,2026-01-11 12:10:11,anulada
1109,1254,4,para_llevar,,2025-12-29 16:27:38,anulada
1110,1154,5,en_mesa,13.0,2025-06-20 20:02:52,cortesia
1111,532,3,para_llevar,,2025-08-06 09:52:08,cortesia
1112,1107,3,en_mesa,12.0,2026-03-27 10:43:05,anulada
1113,1117,1,para_llevar,,2025-10-16 10:12:29,pagada
1114,1349,4,domicilio,,2026-03-10 05:42:50,anulada
1115,983,2,para_llevar,,2025-08-31 06:22:20,pagada
1116,764,2,domicilio,,2025-06-21 22:53:58,anulada
1117,1462,4,para_llevar,,2025-08-02 06:30:48,pagada
1118,252,1,en_mesa,8.0,2025-07-02 01:44:26,pagada
1119,114,4,para_llevar,,2025-09-17 07:01:37,pagada
1120,970,5,domicilio,,2025-11-03 16:23:15,pagada
1121,718,1,en_mesa,8.0,2025-09-09 00:40:38,pagada
1122,813,4,domicilio,,2025-09-25 06:54:48,pagada
1123,1093,2,en_mesa,1.0,2026-01-02 02:05:54,pagada
1124,834,4,para_llevar,,2026-03-10 06:33:41,anulada
1125,789,4,domicilio,,2025-07-15 11:49:39,pagada
1126,1273,5,para_llevar,,2026-01-30 21:02:32,pagada
1127,1404,5,domicilio,,2025-04-27 22:21:44,cortesia
1128,466,1,domicilio,,2026-01-16 02:00:17,pagada
1129,1158,1,para_llevar,,2025-06-17 08:10:31,cortesia
1130,106,2,domicilio,,2025-10-21 01:39:08,anulada
1131,463,5,para_llevar,,2025-05-30 13:36:35,pagada
1132,161,2,domicilio,,2025-10-17 19:32:47,cortesia
1133,1490,2,para_llevar,,2025-08-15 08:35:22,pagada
1134,1326,4,en_mesa,10.0,2025-07-10 08:04:29,pagada
1135,492,1,para_llevar,,2025-08-05 22:32:11,pagada
1136,220,4,para_llevar,,2025-07-26 04:22:05,anulada
1137,872,2,domicilio,,2025-06-02 11:49:53,pagada
1138,13,4,domicilio,,2025-05-26 09:27:16,pagada
1139,1471,5,para_llevar,,2025-06-19 00:02:47,pagada
1140,1210,1,en_mesa,12.0,2026-01-13 16:52:43,pagada
1141,79,5,domicilio,,2025-12-06 17:15:41,pagada
1142,1247,3,domicilio,,2025-09-24 01:17:59,cortesia
1143,809,3,en_mesa,12.0,2025-10-14 08:01:05,pagada
1144,416,4,para_llevar,,2025-05-24 01:04:11,anulada
1145,595,1,en_mesa,11.0,2025-09-25 01:54:45,pagada
1146,1383,3,domicilio,,2025-11-22 13:47:53,cortesia
1147,506,4,en_mesa,2.0,2025-10-25 07:44:10,pagada
1148,455,1,en_mesa,13.0,2025-04-08 19:34:25,pagada
1149,80,1,para_llevar,,2026-02-19 00:54:58,pagada
1150,1185,1,en_mesa,3.0,2025-05-30 00:43:49,cortesia
1151,1236,5,en_mesa,13.0,2025-11-12 17:33:30,pagada
1152,747,3,en_mesa,5.0,2025-06-16 19:19:24,cortesia
1153,803,5,domicilio,,2025-10-27 15:21:07,pagada
1154,1039,2,domicilio,,2025-05-24 12:56:57,pagada
1155,82,4,domicilio,,2025-11-03 16:24:25,pagada
1156,79,3,para_llevar,,2025-07-23 12:46:35,pagada
1157,809,5,para_llevar,,2025-11-22 06:09:49,anulada
1158,287,4,domicilio,,2025-09-21 14:24:49,cortesia
1159,932,1,para_llevar,,2025-12-18 15:39:46,pagada
1160,1251,5,en_mesa,14.0,2025-04-27 00:59:07,anulada
1161,734,1,domicilio,,2025-08-11 20:10:30,cortesia
1162,280,4,para_llevar,,2025-06-28 11:55:11,pagada
1163,1458,2,domicilio,,2025-08-25 16:11:22,pagada
1164,705,3,para_llevar,,2025-07-30 08:37:14,pagada
1165,293,1,en_mesa,12.0,2026-03-27 19:55:16,pagada
1166,203,2,domicilio,,2025-10-01 22:32:21,pagada
1167,909,4,domicilio,,2025-04-22 17:47:09,pagada
1168,923,4,en_mesa,4.0,2025-06-11 10:01:47,pagada
1169,1252,5,para_llevar,,2026-03-14 08:18:09,cortesia
1170,1436,2,en_mesa,5.0,2025-09-24 10:45:34,anulada
1171,229,4,domicilio,,2025-11-21 09:39:27,anulada
1172,1256,4,para_llevar,,2025-09-30 01:30:49,pagada
1173,752,2,domicilio,,2025-06-27 22:53:50,pagada
1174,1054,3,domicilio,,2025-11-07 20:10:14,anulada
1175,808,2,domicilio,,2025-05-31 20:06:52,pagada
1176,1180,4,en_mesa,13.0,2025-06-20 01:23:12,anulada
1177,811,3,para_llevar,,2025-10-15 06:58:38,pagada
1178,1266,3,para_llevar,,2026-02-07 15:52:22,pagada
1179,747,2,en_mesa,7.0,2025-04-03 15:29:52,anulada
1180,1157,1,domicilio,,2026-03-07 05:18:16,pagada
1181,275,5,para_llevar,,2025-09-18 17:19:09,pagada
1182,91,4,domicilio,,2025-11-01 01:47:47,anulada
1183,1020,2,para_llevar,,2025-09-02 21:37:42,cortesia
1184,22,3,domicilio,,2026-02-21 08:30:06,pagada
1185,1169,2,para_llevar,,2026-03-10 00:47:16,anulada
1186,604,3,en_mesa,1.0,2025-10-28 02:39:35,pagada
1187,1461,1,para_llevar,,2025-11-29 20:15:01,pagada
1188,349,5,en_mesa,2.0,2025-05-10 22:16:43,pagada
1189,483,4,domicilio,,2025-06-18 04:35:43,anulada
1190,292,1,en_mesa,4.0,2026-03-03 22:40:15,cortesia
1191,3,2,en_mesa,9.0,2025-12-28 06:49:04,anulada
1192,298,4,domicilio,,2025-12-27 01:35:41,pagada
1193,443,3,domicilio,,2026-02-18 10:41:45,pagada
1194,271,4,en_mesa,13.0,2025-12-15 03:51:19,pagada
1195,1411,3,domicilio,,2026-01-13 17:32:28,pagada
1196,1460,5,para_llevar,,2025-11-02 01:48:23,pagada
1197,23,3,para_llevar,,2025-10-28 14:59:39,cortesia
1198,734,3,domicilio,,2026-03-03 17:24:29,pagada
1199,1146,1,domicilio,,2026-02-27 17:58:20,pagada
1200,30,4,domicilio,,2025-04-22 10:42:44,cortesia
1201,312,4,en_mesa,14.0,2025-11-09 15:28:19,cortesia
1202,1332,2,domicilio,,2025-07-01 18:47:29,pagada
1203,312,2,en_mesa,14.0,2025-10-13 09:58:52,pagada
1204,60,5,en_mesa,1.0,2025-06-04 08:45:13,anulada
1205,565,4,domicilio,,2025-09-30 15:35:21,pagada
1206,520,5,domicilio,,2026-03-25 16:41:12,pagada
1207,1033,4,domicilio,,2026-03-25 08:50:30,pagada
1208,1137,1,domicilio,,2025-08-26 19:26:31,pagada
1209,1449,4,en_mesa,13.0,2025-07-02 15:22:20,anulada
1210,1260,1,en_mesa,13.0,2026-03-22 11:06:11,pagada
1211,1178,1,domicilio,,2025-12-28 00:29:27,pagada
1212,400,4,en_mesa,12.0,2025-09-16 22:07:13,pagada
1213,777,4,domicilio,,2025-10-21 14:38:41,anulada
1214,24,1,domicilio,,2025-11-01 11:07:44,pagada
1215,1351,4,para_llevar,,2025-08-06 01:41:22,pagada
1216,421,2,en_mesa,15.0,2025-09-07 13:22:10,cortesia
1217,556,4,para_llevar,,2025-07-13 23:21:44,anulada
1218,46,5,para_llevar,,2025-08-29 20:44:30,pagada
1219,552,4,domicilio,,2025-07-16 10:24:38,pagada
1220,757,1,en_mesa,2.0,2025-05-14 01:59:03,pagada
1221,701,2,para_llevar,,2025-05-06 22:59:35,cortesia
1222,936,2,en_mesa,6.0,2025-11-15 23:00:00,pagada
1223,955,5,domicilio,,2026-02-16 04:24:55,pagada
1224,694,2,en_mesa,6.0,2025-09-16 07:23:55,pagada
1225,1122,5,para_llevar,,2025-06-19 10:50:14,anulada
1226,593,4,domicilio,,2025-12-01 01:40:56,pagada
1227,1115,4,domicilio,,2025-05-03 14:38:48,pagada
1228,1051,3,domicilio,,2025-07-05 00:50:58,pagada
1229,956,3,domicilio,,2025-12-19 03:04:30,pagada
1230,678,2,en_mesa,15.0,2025-06-01 17:26:24,anulada
1231,437,3,en_mesa,11.0,2025-07-30 02:41:21,pagada
1232,726,4,en_mesa,13.0,2025-07-21 16:25:43,anulada
1233,351,5,para_llevar,,2025-05-01 21:51:05,pagada
1234,1064,4,en_mesa,14.0,2025-05-20 01:08:41,cortesia
1235,1448,1,para_llevar,,2025-10-07 12:30:39,cortesia
1236,205,2,para_llevar,,2025-05-29 11:25:17,anulada
1237,813,5,para_llevar,,2025-07-16 08:45:24,cortesia
1238,558,4,domicilio,,2025-12-16 18:19:14,pagada
1239,1330,1,para_llevar,,2026-02-10 20:22:08,cortesia
1240,795,3,en_mesa,10.0,2026-03-11 09:15:08,pagada
1241,604,3,en_mesa,6.0,2025-06-05 23:59:08,pagada
1242,1022,3,en_mesa,8.0,2025-07-14 07:50:41,anulada
1243,388,2,para_llevar,,2025-07-19 06:25:53,anulada
1244,208,1,domicilio,,2025-08-07 21:06:08,pagada
1245,401,5,en_mesa,13.0,2025-05-19 20:45:30,anulada
1246,1005,4,en_mesa,15.0,2026-03-27 22:38:22,pagada
1247,186,2,para_llevar,,2025-12-08 18:56:31,pagada
1248,447,4,para_llevar,,2025-12-29 11:53:53,cortesia
1249,358,2,domicilio,,2025-05-15 10:25:11,anulada
1250,993,3,para_llevar,,2025-08-06 15:37:18,anulada
1251,1028,1,para_llevar,,2025-10-23 09:38:44,anulada
1252,1042,1,en_mesa,15.0,2025-12-16 22:43:17,anulada
1253,1009,4,para_llevar,,2025-10-24 16:19:49,pagada
1254,1104,1,en_mesa,11.0,2025-10-01 11:32:11,pagada
1255,1131,4,domicilio,,2025-06-02 03:15:24,pagada
1256,197,3,en_mesa,15.0,2026-01-07 19:10:35,pagada
1257,1123,1,domicilio,,2025-08-29 15:59:10,pagada
1258,671,3,domicilio,,2025-10-15 10:28:42,pagada
1259,749,2,domicilio,,2025-04-03 13:33:20,pagada
1260,903,5,para_llevar,,2025-07-18 16:07:42,pagada
1261,1342,4,para_llevar,,2025-04-08 06:57:31,pagada
1262,835,5,domicilio,,2025-12-19 02:42:39,pagada
1263,1174,3,domicilio,,2026-02-12 04:31:03,cortesia
1264,1416,2,en_mesa,5.0,2026-03-30 17:15:24,pagada
1265,414,1,para_llevar,,2025-11-17 13:09:30,pagada
1266,617,1,en_mesa,5.0,2026-02-07 06:43:45,anulada
1267,598,3,para_llevar,,2025-05-17 02:38:31,pagada
1268,121,2,domicilio,,2025-12-08 15:25:39,cortesia
1269,1221,3,en_mesa,7.0,2026-01-10 15:13:47,anulada
1270,602,3,para_llevar,,2025-08-04 14:17:01,cortesia
1271,583,3,para_llevar,,2026-02-17 14:54:18,pagada
1272,253,4,para_llevar,,2025-08-28 11:24:57,pagada
1273,1069,2,en_mesa,10.0,2025-10-09 02:52:48,anulada
1274,1411,5,en_mesa,15.0,2025-07-10 22:58:29,pagada
1275,281,5,en_mesa,4.0,2026-02-10 03:07:25,anulada
1276,428,5,para_llevar,,2025-08-12 10:27:02,anulada
1277,468,1,domicilio,,2026-03-16 13:38:41,cortesia
1278,1456,1,en_mesa,3.0,2025-10-26 19:48:56,cortesia
1279,669,4,domicilio,,2025-06-30 18:44:36,anulada
1280,1487,4,para_llevar,,2025-07-28 03:40:54,pagada
1281,957,2,domicilio,,2026-01-13 04:33:10,anulada
1282,864,2,domicilio,,2026-03-20 10:24:40,pagada
1283,1060,1,en_mesa,3.0,2026-02-17 07:06:12,pagada
1284,1055,1,en_mesa,8.0,2025-04-15 22:35:40,cortesia
1285,827,2,en_mesa,11.0,2025-11-09 05:52:10,anulada
1286,55,4,en_mesa,10.0,2026-01-28 01:10:22,pagada
1287,1276,3,en_mesa,14.0,2025-04-18 08:12:47,pagada
1288,880,1,domicilio,,2026-01-20 15:11:05,anulada
1289,817,1,domicilio,,2025-05-06 05:38:16,cortesia
1290,1217,3,domicilio,,2025-09-27 11:28:11,anulada
1291,359,4,para_llevar,,2026-02-01 00:27:21,pagada
1292,572,5,domicilio,,2025-10-16 23:12:19,pagada
1293,1440,5,en_mesa,7.0,2025-08-25 09:50:07,pagada
1294,1069,4,domicilio,,2025-10-27 07:49:41,pagada
1295,128,3,en_mesa,4.0,2026-02-22 16:02:33,pagada
1296,1447,1,domicilio,,2025-11-30 22:23:15,anulada
1297,776,3,en_mesa,2.0,2025-10-01 10:55:09,pagada
1298,1363,5,para_llevar,,2025-09-06 05:45:52,pagada
1299,1415,2,para_llevar,,2026-03-02 15:47:08,pagada
1300,779,3,para_llevar,,2026-03-04 03:05:37,cortesia
1301,1497,4,para_llevar,,2025-04-07 08:51:04,pagada
1302,116,4,en_mesa,10.0,2025-06-26 17:15:15,anulada
1303,646,5,domicilio,,2025-11-15 11:16:06,pagada
1304,32,3,en_mesa,10.0,2025-12-15 22:39:26,anulada
1305,1354,5,domicilio,,2025-07-22 19:49:13,pagada
1306,1476,2,para_llevar,,2025-08-04 03:07:45,pagada
1307,662,2,en_mesa,1.0,2025-08-14 05:22:24,cortesia
1308,205,2,para_llevar,,2025-04-18 14:31:06,pagada
1309,1147,2,en_mesa,14.0,2025-06-13 21:49:07,cortesia
1310,295,4,para_llevar,,2026-01-13 16:54:18,pagada
1311,737,2,para_llevar,,2026-02-20 05:51:52,anulada
1312,477,3,para_llevar,,2026-02-04 01:59:36,pagada
1313,529,4,en_mesa,2.0,2025-10-17 10:40:11,pagada
1314,494,1,para_llevar,,2025-10-19 05:01:35,anulada
1315,248,2,para_llevar,,2025-11-26 22:41:07,anulada
1316,1250,2,domicilio,,2026-01-27 06:51:55,cortesia
1317,795,5,para_llevar,,2025-11-23 07:00:20,cortesia
1318,147,4,para_llevar,,2025-05-13 02:06:29,anulada
1319,45,5,domicilio,,2026-03-12 03:55:40,cortesia
1320,843,2,para_llevar,,2025-04-18 08:13:15,cortesia
1321,239,2,para_llevar,,2026-02-21 00:38:08,cortesia
1322,362,3,domicilio,,2025-08-15 09:30:51,pagada
1323,1351,3,en_mesa,4.0,2025-04-15 01:45:34,pagada
1324,501,2,en_mesa,5.0,2026-03-09 23:23:01,pagada
1325,1412,1,domicilio,,2026-03-19 18:35:24,pagada
1326,1288,3,para_llevar,,2025-09-10 18:52:42,anulada
1327,22,2,en_mesa,5.0,2025-11-23 13:06:30,pagada
1328,486,4,en_mesa,8.0,2025-05-11 06:23:16,anulada
1329,768,2,para_llevar,,2025-04-02 11:50:45,pagada
1330,732,5,para_llevar,,2025-09-09 12:10:32,pagada
1331,1092,4,para_llevar,,2025-05-11 21:47:15,anulada
1332,549,3,domicilio,,2025-10-18 17:36:41,pagada
1333,1221,2,en_mesa,1.0,2025-08-29 07:25:08,pagada
1334,512,2,domicilio,,2026-01-22 18:03:39,pagada
1335,368,4,en_mesa,7.0,2025-04-07 11:56:28,pagada
1336,742,2,para_llevar,,2025-11-25 19:53:37,pagada
1337,1191,5,en_mesa,9.0,2025-10-16 18:16:33,pagada
1338,340,2,en_mesa,10.0,2025-05-31 19:02:42,pagada
1339,597,3,domicilio,,2025-05-11 19:32:50,pagada
1340,761,4,para_llevar,,2025-04-24 06:59:40,pagada
1341,559,1,en_mesa,9.0,2025-07-22 20:05:15,pagada
1342,942,4,en_mesa,10.0,2025-08-27 21:58:51,cortesia
1343,252,1,para_llevar,,2025-04-24 11:43:28,pagada
1344,364,2,en_mesa,6.0,2025-09-07 11:16:40,pagada
1345,892,5,en_mesa,3.0,2025-06-09 05:16:28,cortesia
1346,1304,5,en_mesa,4.0,2026-03-17 11:10:48,anulada
1347,43,4,domicilio,,2025-06-15 14:39:13,pagada
1348,1142,2,en_mesa,8.0,2025-09-26 08:01:17,pagada
1349,512,3,domicilio,,2025-05-14 11:22:25,pagada
1350,1218,2,para_llevar,,2025-08-08 21:44:02,anulada
1351,296,1,para_llevar,,2025-04-19 20:22:39,cortesia
1352,1344,4,para_llevar,,2025-05-06 20:06:45,pagada
1353,245,1,para_llevar,,2025-09-18 07:24:47,cortesia
1354,1357,3,domicilio,,2025-05-01 12:28:35,cortesia
1355,449,2,para_llevar,,2025-09-29 08:25:47,pagada
1356,1442,4,para_llevar,,2025-05-20 00:28:10,pagada
1357,1360,3,para_llevar,,2025-04-17 14:03:51,pagada
1358,53,5,domicilio,,2026-03-21 17:10:23,anulada
1359,279,4,para_llevar,,2025-09-08 05:41:15,cortesia
1360,23,4,domicilio,,2025-11-08 14:20:23,pagada
1361,493,2,en_mesa,7.0,2025-04-19 20:16:53,pagada
1362,726,1,domicilio,,2025-08-18 15:24:07,pagada
1363,635,4,en_mesa,4.0,2025-08-01 05:43:35,cortesia
1364,921,3,para_llevar,,2025-04-26 09:32:10,pagada
1365,1255,4,para_llevar,,2026-03-28 17:44:51,pagada
1366,1257,3,para_llevar,,2025-11-29 12:19:28,pagada
1367,79,2,domicilio,,2026-02-25 02:32:40,pagada
1368,523,1,en_mesa,10.0,2025-09-19 13:06:13,pagada
1369,860,3,en_mesa,10.0,2025-07-03 17:04:20,pagada
1370,699,5,domicilio,,2026-01-20 18:19:55,pagada
1371,815,3,domicilio,,2025-05-27 05:04:24,pagada
1372,1049,5,en_mesa,2.0,2025-09-23 13:54:17,pagada
1373,1489,5,en_mesa,11.0,2026-02-21 17:00:05,cortesia
1374,615,1,para_llevar,,2026-03-24 12:04:00,pagada
1375,314,1,domicilio,,2025-04-05 02:16:20,pagada
1376,540,3,para_llevar,,2025-08-22 12:23:15,pagada
1377,795,1,en_mesa,2.0,2025-11-19 12:40:53,cortesia
1378,1190,2,domicilio,,2026-02-08 05:42:17,pagada
1379,902,2,domicilio,,2026-01-08 17:23:20,anulada
1380,182,4,para_llevar,,2025-04-15 15:33:20,anulada
1381,1426,2,para_llevar,,2026-01-19 02:42:26,pagada
1382,418,4,para_llevar,,2025-10-15 11:45:48,cortesia
1383,926,4,en_mesa,2.0,2026-03-06 00:32:32,pagada
1384,400,3,para_llevar,,2025-05-20 17:59:35,pagada
1385,967,5,para_llevar,,2025-07-04 13:27:59,pagada
1386,1111,5,domicilio,,2025-10-12 14:22:59,pagada
1387,135,2,en_mesa,14.0,2026-02-07 23:11:51,pagada
1388,666,5,para_llevar,,2025-07-21 12:36:36,cortesia
1389,738,4,para_llevar,,2026-01-13 13:07:46,anulada
1390,126,1,domicilio,,2025-09-26 13:53:11,pagada
1391,1285,5,en_mesa,14.0,2026-03-20 20:22:57,anulada
1392,1375,3,en_mesa,12.0,2025-12-20 05:51:52,pagada
1393,1248,5,para_llevar,,2025-04-08 07:22:54,pagada
1394,170,2,para_llevar,,2026-01-13 02:29:49,pagada
1395,979,5,para_llevar,,2026-03-10 10:19:52,pagada
1396,1240,1,en_mesa,6.0,2025-06-29 09:28:02,anulada
1397,846,2,en_mesa,5.0,2025-11-10 02:22:37,pagada
1398,1077,5,domicilio,,2026-02-28 08:10:30,cortesia
1399,835,4,domicilio,,2025-11-18 07:52:21,pagada
1400,638,3,para_llevar,,2025-09-03 22:46:32,anulada
1401,1380,2,para_llevar,,2025-07-28 12:44:10,pagada
1402,171,1,en_mesa,11.0,2025-05-15 16:59:35,pagada
1403,213,5,en_mesa,13.0,2025-12-27 14:24:31,anulada
1404,21,4,para_llevar,,2025-07-31 07:24:26,anulada
1405,1343,4,en_mesa,14.0,2025-12-14 07:21:38,pagada
1406,1039,3,para_llevar,,2026-02-05 13:52:45,pagada
1407,764,5,para_llevar,,2025-06-28 09:11:03,anulada
1408,449,4,para_llevar,,2025-07-14 04:17:26,cortesia
1409,284,4,domicilio,,2025-07-29 23:24:18,anulada
1410,1474,1,para_llevar,,2026-01-02 07:06:36,pagada
1411,384,1,domicilio,,2025-07-23 05:21:12,cortesia
1412,192,3,domicilio,,2025-12-16 13:22:35,pagada
1413,1479,4,en_mesa,11.0,2026-03-15 15:24:39,cortesia
1414,1026,2,para_llevar,,2026-03-02 22:54:04,cortesia
1415,1398,5,en_mesa,1.0,2025-07-03 00:08:35,pagada
1416,559,2,para_llevar,,2025-10-26 20:59:50,pagada
1417,977,4,en_mesa,11.0,2025-11-10 02:34:47,cortesia
1418,511,3,para_llevar,,2026-02-02 11:18:20,pagada
1419,1488,4,domicilio,,2025-04-12 00:48:55,pagada
1420,386,3,en_mesa,6.0,2025-06-08 20:38:34,cortesia
1421,521,4,en_mesa,5.0,2025-04-01 06:00:32,pagada
1422,314,4,para_llevar,,2025-08-15 07:39:52,pagada
1423,561,1,para_llevar,,2025-12-01 02:04:40,pagada
1424,1344,5,en_mesa,6.0,2025-09-20 20:59:38,cortesia
1425,506,3,en_mesa,1.0,2025-06-23 16:39:22,anulada
1426,929,1,domicilio,,2026-01-08 15:15:40,pagada
1427,1152,4,en_mesa,1.0,2025-04-08 00:56:56,pagada
1428,918,2,para_llevar,,2025-09-15 22:49:27,pagada
1429,228,4,en_mesa,7.0,2026-01-14 20:39:01,pagada
1430,769,4,domicilio,,2025-07-30 22:06:22,pagada
1431,600,4,para_llevar,,2025-06-20 12:59:14,anulada
1432,210,5,en_mesa,8.0,2025-08-10 00:36:22,anulada
1433,414,4,para_llevar,,2025-05-28 19:28:39,pagada
1434,1470,5,domicilio,,2025-05-01 16:16:48,cortesia
1435,190,1,domicilio,,2025-11-03 12:05:35,anulada
1436,1403,5,en_mesa,5.0,2025-12-22 08:51:32,pagada
1437,1127,1,domicilio,,2025-06-04 01:33:10,pagada
1438,1340,2,para_llevar,,2025-04-09 02:47:12,cortesia
1439,1024,4,domicilio,,2026-03-12 00:16:49,pagada
1440,856,5,para_llevar,,2026-01-07 02:25:18,cortesia
1441,653,2,en_mesa,2.0,2025-12-05 02:42:43,pagada
1442,1391,4,domicilio,,2026-03-29 15:11:13,pagada
1443,251,4,domicilio,,2026-01-14 07:27:54,anulada
1444,563,1,domicilio,,2025-05-13 12:30:49,pagada
1445,1263,4,domicilio,,2026-01-03 07:20:45,anulada
1446,1009,4,en_mesa,12.0,2025-12-09 20:17:00,anulada
1447,791,4,domicilio,,2025-06-03 18:38:42,anulada
1448,1089,3,para_llevar,,2025-06-12 18:35:57,pagada
1449,196,2,para_llevar,,2025-07-06 18:40:18,anulada
1450,15,5,domicilio,,2025-12-18 09:06:36,pagada
1451,1311,3,domicilio,,2025-09-09 13:03:18,anulada
1452,1345,5,en_mesa,7.0,2026-01-04 20:17:07,pagada
1453,977,1,domicilio,,2025-05-02 22:57:24,pagada
1454,372,4,en_mesa,13.0,2025-03-30 14:35:55,pagada
1455,794,5,domicilio,,2025-11-02 07:26:02,pagada
1456,718,2,domicilio,,2025-05-18 04:21:14,pagada
1457,141,1,para_llevar,,2026-03-16 06:12:58,pagada
1458,1275,4,en_mesa,12.0,2025-05-07 18:37:58,pagada
1459,680,1,en_mesa,8.0,2025-09-16 17:05:53,pagada
1460,1041,3,en_mesa,1.0,2025-12-27 23:03:33,pagada
1461,15,4,domicilio,,2025-05-26 00:33:12,pagada
1462,132,4,domicilio,,2025-12-30 19:20:42,anulada
1463,1097,4,domicilio,,2025-11-06 12:34:49,pagada
1464,284,1,para_llevar,,2025-10-21 16:10:04,pagada
1465,1268,1,domicilio,,2026-03-27 20:50:13,pagada
1466,635,3,en_mesa,5.0,2026-01-09 23:17:26,anulada
1467,1195,3,en_mesa,4.0,2025-12-07 01:56:28,pagada
1468,1389,5,para_llevar,,2025-12-19 22:51:54,pagada
1469,1205,1,para_llevar,,2026-03-28 16:03:02,cortesia
1470,1437,3,en_mesa,15.0,2025-08-31 04:10:17,pagada
1471,317,4,en_mesa,11.0,2026-01-23 00:52:23,pagada
1472,843,3,para_llevar,,2025-08-07 20:08:06,pagada
1473,155,2,para_llevar,,2026-03-13 03:18:50,pagada
1474,1402,4,en_mesa,4.0,2026-02-07 15:00:41,pagada
1475,294,1,en_mesa,6.0,2025-09-30 15:13:00,cortesia
1476,486,4,para_llevar,,2025-09-15 10:20:18,anulada
1477,205,1,en_mesa,5.0,2025-08-22 23:30:47,pagada
1478,169,3,domicilio,,2025-07-03 02:37:06,pagada
1479,1101,1,en_mesa,14.0,2025-10-06 00:06:29,pagada
1480,996,4,en_mesa,14.0,2026-03-08 19:39:24,pagada
1481,667,1,para_llevar,,2025-11-13 00:00:20,pagada
1482,618,2,para_llevar,,2025-08-31 19:10:23,pagada
1483,961,2,domicilio,,2026-02-10 15:56:26,anulada
1484,675,3,para_llevar,,2025-12-14 08:08:09,anulada
1485,87,2,en_mesa,3.0,2025-12-09 13:12:54,pagada
1486,762,2,en_mesa,14.0,2025-04-15 17:30:36,pagada
1487,400,2,domicilio,,2025-09-17 05:09:44,anulada
1488,2,3,para_llevar,,2025-05-05 03:24:53,pagada
1489,207,2,domicilio,,2025-07-10 14:14:12,pagada
1490,889,5,para_llevar,,2025-06-14 15:02:05,pagada
1491,572,2,domicilio,,2025-12-02 12:41:10,cortesia
1492,943,3,en_mesa,11.0,2025-06-03 17:50:07,pagada
1493,594,2,para_llevar,,2026-01-18 00:06:23,pagada
1494,1347,1,en_mesa,14.0,2025-04-17 22:35:57,cortesia
1495,1315,1,domicilio,,2025-05-21 09:31:24,pagada
1496,643,4,en_mesa,10.0,2025-07-10 08:51:01,pagada
1497,207,3,en_mesa,9.0,2025-06-19 16:48:42,pagada
1498,726,4,en_mesa,5.0,2025-10-02 05:36:29,anulada
1499,939,3,en_mesa,14.0,2025-12-02 19:13:38,pagada
1500,609,4,domicilio,,2026-02-04 04:24:17,anulada
1501,1424,4,domicilio,,2025-08-28 17:34:54,pagada
1502,333,3,para_llevar,,2026-03-27 15:40:31,cortesia
1503,100,1,para_llevar,,2025-09-02 23:48:57,anulada
1504,23,1,para_llevar,,2025-07-02 11:45:12,cortesia
1505,295,5,para_llevar,,2025-05-11 02:19:31,anulada
1506,1247,1,en_mesa,5.0,2025-05-02 12:48:42,cortesia
1507,1364,2,en_mesa,2.0,2026-02-28 19:15:09,pagada
1508,888,5,en_mesa,11.0,2025-08-29 06:43:02,anulada
1509,1060,5,en_mesa,2.0,2025-04-25 06:47:37,pagada
1510,1409,4,en_mesa,6.0,2025-06-07 10:02:59,anulada
1511,1384,2,para_llevar,,2026-02-24 05:23:40,pagada
1512,852,4,en_mesa,8.0,2025-08-11 22:00:32,cortesia
1513,922,5,para_llevar,,2025-12-19 04:41:17,pagada
1514,783,2,domicilio,,2025-11-03 18:43:37,pagada
1515,573,5,para_llevar,,2025-10-05 12:53:41,pagada
1516,971,3,para_llevar,,2025-09-17 07:00:34,cortesia
1517,1195,3,en_mesa,9.0,2025-08-28 20:48:55,pagada
1518,1436,2,domicilio,,2025-07-04 08:44:10,pagada
1519,65,5,en_mesa,4.0,2025-07-16 00:32:48,anulada
1520,821,1,en_mesa,5.0,2025-06-21 06:18:48,anulada
1521,627,3,domicilio,,2025-04-07 06:58:59,pagada
1522,461,5,para_llevar,,2025-04-03 17:41:21,anulada
1523,1276,1,en_mesa,7.0,2026-03-08 01:11:35,pagada
1524,501,1,en_mesa,5.0,2025-06-25 03:47:43,pagada
1525,684,3,para_llevar,,2025-05-04 16:08:28,pagada
1526,256,5,en_mesa,2.0,2025-11-22 08:44:16,pagada
1527,622,4,domicilio,,2025-05-25 10:43:10,pagada
1528,327,1,domicilio,,2025-05-09 14:24:36,pagada
1529,800,4,para_llevar,,2025-06-26 06:23:37,pagada
1530,756,3,para_llevar,,2025-12-11 10:16:13,pagada
1531,186,4,para_llevar,,2025-12-09 12:32:42,pagada
1532,553,1,en_mesa,4.0,2025-08-19 12:08:10,pagada
1533,1478,5,en_mesa,8.0,2025-08-31 13:55:14,pagada
1534,922,3,para_llevar,,2026-01-24 11:45:54,pagada
1535,10,2,en_mesa,13.0,2025-07-06 10:27:55,anulada
1536,886,5,domicilio,,2026-01-29 16:12:00,anulada
1537,122,3,domicilio,,2026-01-24 15:22:21,cortesia
1538,579,5,para_llevar,,2026-02-05 08:28:20,anulada
1539,918,2,en_mesa,10.0,2025-12-22 09:58:54,cortesia
1540,1081,2,para_llevar,,2025-06-30 21:54:27,anulada
1541,78,3,para_llevar,,2025-05-05 14:42:59,pagada
1542,1315,4,para_llevar,,2025-10-12 17:01:35,pagada
1543,1221,4,domicilio,,2025-05-08 01:27:41,anulada
1544,623,2,domicilio,,2025-05-15 01:11:00,pagada
1545,142,5,para_llevar,,2025-08-27 10:58:40,pagada
1546,831,1,domicilio,,2025-06-06 12:58:39,cortesia
1547,791,4,en_mesa,7.0,2026-03-22 22:56:36,cortesia
1548,411,4,en_mesa,9.0,2025-11-24 03:19:27,pagada
1549,105,1,para_llevar,,2025-09-26 22:13:28,cortesia
1550,86,3,domicilio,,2025-05-15 21:57:32,pagada
1551,1063,2,para_llevar,,2025-07-03 07:24:38,pagada
1552,877,5,para_llevar,,2026-01-28 13:41:42,pagada
1553,456,1,para_llevar,,2026-02-26 17:02:38,pagada
1554,1386,1,domicilio,,2026-01-01 09:53:27,pagada
1555,455,3,en_mesa,15.0,2025-07-02 13:10:15,pagada
1556,1060,1,domicilio,,2025-06-21 13:22:10,pagada
1557,123,3,domicilio,,2025-05-16 13:47:54,cortesia
1558,590,5,para_llevar,,2026-01-14 15:49:54,anulada
1559,1369,2,domicilio,,2025-07-21 17:02:47,pagada
1560,531,5,en_mesa,8.0,2025-08-10 19:55:47,cortesia
1561,1137,1,para_llevar,,2026-02-08 16:47:23,cortesia
1562,810,2,para_llevar,,2025-10-11 03:37:49,pagada
1563,572,3,domicilio,,2025-11-27 22:43:44,pagada
1564,1092,3,en_mesa,4.0,2025-12-25 06:18:07,cortesia
1565,783,2,para_llevar,,2025-07-16 14:33:11,pagada
1566,1485,1,domicilio,,2026-02-07 08:39:18,pagada
1567,953,1,para_llevar,,2025-07-07 06:33:52,pagada
1568,636,4,para_llevar,,2025-09-10 00:34:41,pagada
1569,902,3,en_mesa,1.0,2026-01-06 02:49:18,cortesia
1570,1324,1,en_mesa,5.0,2025-11-12 19:44:43,pagada
1571,580,1,domicilio,,2025-12-18 08:00:45,pagada
1572,393,4,para_llevar,,2025-10-23 23:34:32,pagada
1573,1479,3,domicilio,,2025-11-04 11:03:24,cortesia
1574,280,5,para_llevar,,2026-01-27 10:08:25,pagada
1575,1156,1,domicilio,,2025-07-21 03:43:15,cortesia
1576,925,1,para_llevar,,2026-01-05 09:43:50,pagada
1577,1090,1,domicilio,,2025-07-05 03:10:57,pagada
1578,515,1,en_mesa,2.0,2026-02-23 19:15:44,anulada
1579,617,2,para_llevar,,2025-06-08 03:35:54,pagada
1580,843,5,domicilio,,2026-02-05 10:17:13,cortesia
1581,609,3,en_mesa,9.0,2025-07-17 02:50:43,pagada
1582,363,2,domicilio,,2026-02-04 01:23:13,pagada
1583,304,5,para_llevar,,2025-04-26 17:36:31,anulada
1584,231,3,domicilio,,2025-10-16 03:10:43,pagada
1585,297,1,para_llevar,,2025-11-17 18:01:08,pagada
1586,357,5,para_llevar,,2025-12-13 17:55:25,pagada
1587,168,5,en_mesa,14.0,2026-02-11 23:17:30,pagada
1588,125,3,en_mesa,13.0,2025-04-22 20:27:06,pagada
1589,299,2,en_mesa,2.0,2025-11-06 06:23:21,anulada
1590,39,3,domicilio,,2025-04-15 15:15:35,pagada
1591,1049,4,en_mesa,11.0,2025-07-17 05:56:31,pagada
1592,1309,5,en_mesa,14.0,2025-08-29 18:54:04,anulada
1593,379,5,en_mesa,10.0,2025-07-16 03:00:59,cortesia
1594,1327,5,en_mesa,2.0,2026-01-19 13:32:02,pagada
1595,202,2,domicilio,,2026-01-14 04:09:46,pagada
1596,444,1,para_llevar,,2025-10-11 09:47:59,pagada
1597,1397,2,domicilio,,2025-07-04 16:39:32,pagada
1598,1448,3,domicilio,,2025-07-18 17:08:00,pagada
1599,724,4,para_llevar,,2025-08-14 23:00:51,cortesia
1600,146,1,para_llevar,,2026-03-06 06:53:52,pagada
1601,232,4,para_llevar,,2025-09-20 22:40:20,cortesia
1602,32,1,en_mesa,11.0,2025-05-09 00:14:04,anulada
1603,389,4,domicilio,,2025-11-02 03:04:19,pagada
1604,938,5,domicilio,,2026-03-12 15:59:26,pagada
1605,156,5,para_llevar,,2025-11-08 10:02:37,anulada
1606,618,5,domicilio,,2025-07-19 12:52:21,pagada
1607,79,4,para_llevar,,2025-05-13 05:06:00,pagada
1608,1076,2,en_mesa,1.0,2025-09-24 00:48:46,anulada
1609,581,2,para_llevar,,2025-07-28 04:31:58,cortesia
1610,1227,3,en_mesa,1.0,2025-12-05 12:08:45,pagada
1611,723,3,en_mesa,8.0,2025-11-09 13:25:51,anulada
1612,16,4,para_llevar,,2025-11-19 09:20:17,anulada
1613,565,2,para_llevar,,2025-06-14 18:53:44,pagada
1614,746,3,en_mesa,7.0,2025-11-10 22:40:46,anulada
1615,1317,4,en_mesa,15.0,2025-11-19 09:40:03,pagada
1616,1295,4,domicilio,,2026-02-27 13:06:37,pagada
1617,501,1,domicilio,,2025-11-19 11:02:30,anulada
1618,1102,1,domicilio,,2025-10-07 14:19:27,pagada
1619,307,3,domicilio,,2025-08-07 21:58:54,cortesia
1620,1266,5,en_mesa,11.0,2025-04-27 15:14:10,pagada
1621,1394,5,en_mesa,2.0,2025-10-21 19:11:26,cortesia
1622,427,3,en_mesa,6.0,2025-08-04 19:44:21,anulada
1623,354,2,para_llevar,,2025-08-09 12:22:44,anulada
1624,1461,5,para_llevar,,2026-03-05 00:43:46,anulada
1625,830,5,para_llevar,,2025-11-16 11:30:55,cortesia
1626,77,3,domicilio,,2025-08-18 12:59:22,cortesia
1627,1120,2,en_mesa,6.0,2025-04-07 05:24:30,pagada
1628,477,2,para_llevar,,2025-09-01 13:32:24,cortesia
1629,734,4,domicilio,,2026-01-23 20:19:00,cortesia
1630,1214,2,en_mesa,3.0,2025-10-06 00:04:29,pagada
1631,1081,5,en_mesa,5.0,2025-05-26 10:01:36,cortesia
1632,142,5,domicilio,,2025-04-02 23:07:39,pagada
1633,83,1,domicilio,,2025-05-09 17:21:02,anulada
1634,535,5,domicilio,,2025-08-09 10:26:56,pagada
1635,1078,2,domicilio,,2025-05-16 07:29:31,pagada
1636,702,4,para_llevar,,2026-01-18 13:22:20,cortesia
1637,239,3,para_llevar,,2025-10-30 08:08:12,pagada
1638,1234,4,para_llevar,,2025-12-13 06:54:28,anulada
1639,1296,5,domicilio,,2026-02-23 02:14:51,pagada
1640,1010,4,domicilio,,2025-08-17 14:01:25,pagada
1641,1181,5,para_llevar,,2025-07-02 16:56:44,anulada
1642,881,2,en_mesa,11.0,2025-07-15 11:00:26,pagada
1643,891,2,domicilio,,2025-11-23 18:01:26,anulada
1644,483,2,domicilio,,2025-05-20 08:54:49,pagada
1645,1374,5,en_mesa,4.0,2025-06-24 07:57:35,anulada
1646,180,2,para_llevar,,2025-07-21 15:03:38,pagada
1647,1200,5,en_mesa,9.0,2025-11-01 23:27:50,pagada
1648,14,3,domicilio,,2025-07-15 02:34:59,cortesia
1649,712,5,para_llevar,,2025-12-11 11:01:55,cortesia
1650,97,2,domicilio,,2025-12-11 21:05:02,pagada
1651,976,1,en_mesa,1.0,2025-09-25 14:53:34,cortesia
1652,1008,5,en_mesa,2.0,2026-02-07 08:16:14,anulada
1653,163,5,para_llevar,,2025-04-03 23:55:43,pagada
1654,297,3,en_mesa,2.0,2025-07-22 01:45:23,pagada
1655,977,1,en_mesa,4.0,2025-05-12 19:55:35,anulada
1656,1022,4,para_llevar,,2025-04-25 13:52:35,cortesia
1657,1216,4,para_llevar,,2025-10-26 10:37:29,pagada
1658,1382,1,en_mesa,5.0,2026-01-02 21:37:26,pagada
1659,93,5,para_llevar,,2026-01-11 17:59:39,pagada
1660,77,3,domicilio,,2026-02-01 14:10:37,cortesia
1661,1209,1,domicilio,,2025-04-20 16:30:24,pagada
1662,998,2,domicilio,,2025-07-23 05:24:11,cortesia
1663,725,2,para_llevar,,2025-12-15 00:11:48,pagada
1664,108,2,en_mesa,1.0,2025-11-01 17:23:37,pagada
1665,113,3,en_mesa,6.0,2025-10-26 19:42:06,pagada
1666,256,4,para_llevar,,2025-08-17 20:41:57,pagada
1667,984,3,en_mesa,9.0,2025-10-19 08:54:06,pagada
1668,1058,1,domicilio,,2025-04-10 02:13:10,pagada
1669,798,3,en_mesa,8.0,2026-01-15 17:14:47,cortesia
1670,517,3,domicilio,,2025-12-15 15:52:30,pagada
1671,1253,1,en_mesa,11.0,2025-12-21 02:10:30,pagada
1672,167,4,en_mesa,9.0,2025-04-06 21:31:45,anulada
1673,469,3,para_llevar,,2025-06-16 12:06:55,pagada
1674,1282,2,en_mesa,6.0,2025-05-22 07:38:21,pagada
1675,726,5,para_llevar,,2026-02-18 16:08:24,cortesia
1676,451,3,en_mesa,3.0,2025-09-04 21:12:01,pagada
1677,954,4,en_mesa,3.0,2025-06-09 07:34:17,pagada
1678,1408,2,domicilio,,2025-10-27 11:57:45,pagada
1679,77,5,en_mesa,15.0,2025-04-06 09:04:10,anulada
1680,1112,4,en_mesa,12.0,2025-04-03 01:00:29,cortesia
1681,321,3,domicilio,,2025-11-20 16:28:23,pagada
1682,1351,3,domicilio,,2026-02-22 21:46:13,pagada
1683,571,1,en_mesa,13.0,2025-05-17 12:55:18,pagada
1684,1228,1,para_llevar,,2025-05-08 18:50:08,anulada
1685,1401,5,para_llevar,,2025-08-16 05:03:05,pagada
1686,581,3,para_llevar,,2026-01-07 13:17:30,anulada
1687,327,4,para_llevar,,2026-01-17 17:07:06,anulada
1688,1176,4,en_mesa,10.0,2025-10-15 15:24:44,anulada
1689,212,3,domicilio,,2025-12-28 02:43:27,cortesia
1690,1197,5,domicilio,,2025-05-24 10:09:07,anulada
1691,976,1,domicilio,,2025-07-26 14:26:42,pagada
1692,1332,4,en_mesa,11.0,2025-10-03 08:31:45,anulada
1693,1287,5,domicilio,,2025-12-18 22:43:02,cortesia
1694,705,1,para_llevar,,2025-12-14 08:51:07,anulada
1695,121,3,para_llevar,,2026-03-12 14:30:18,pagada
1696,425,1,en_mesa,11.0,2025-11-26 02:18:07,anulada
1697,1354,3,domicilio,,2025-11-13 15:58:43,anulada
1698,1034,1,domicilio,,2025-08-15 14:57:56,pagada
1699,555,1,domicilio,,2025-12-03 14:13:15,pagada
1700,612,3,en_mesa,9.0,2025-11-02 13:32:01,pagada
1701,459,5,domicilio,,2025-11-27 04:05:27,anulada
1702,403,2,domicilio,,2025-11-17 04:05:05,pagada
1703,241,3,en_mesa,9.0,2025-06-27 20:06:06,pagada
1704,626,3,domicilio,,2025-04-20 21:45:50,pagada
1705,473,3,para_llevar,,2025-04-08 03:23:23,pagada
1706,376,4,para_llevar,,2025-09-17 22:45:35,pagada
1707,969,3,en_mesa,10.0,2025-07-29 23:46:11,cortesia
1708,1328,3,domicilio,,2025-12-11 23:41:04,anulada
1709,536,1,domicilio,,2025-05-16 16:36:20,pagada
1710,1407,1,para_llevar,,2025-07-05 22:32:26,cortesia
1711,878,5,para_llevar,,2026-03-15 05:31:33,cortesia
1712,608,2,domicilio,,2025-04-20 12:32:45,pagada
1713,254,2,domicilio,,2025-12-05 05:58:02,anulada
1714,150,2,para_llevar,,2025-07-22 10:27:36,anulada
1715,814,2,en_mesa,1.0,2025-08-26 11:27:52,pagada
1716,977,4,en_mesa,10.0,2025-05-05 19:12:39,pagada
1717,295,2,en_mesa,6.0,2026-02-26 09:04:03,anulada
1718,730,2,en_mesa,2.0,2025-08-03 15:22:40,anulada
1719,274,2,en_mesa,7.0,2025-12-03 16:34:25,cortesia
1720,1152,4,en_mesa,14.0,2025-09-15 23:10:38,pagada
1721,583,3,domicilio,,2025-06-22 08:18:31,pagada
1722,279,4,en_mesa,5.0,2025-09-05 19:37:46,anulada
1723,347,1,en_mesa,7.0,2025-07-22 01:54:16,pagada
1724,360,1,para_llevar,,2025-07-25 02:26:34,pagada
1725,786,4,en_mesa,9.0,2026-01-06 00:48:17,anulada
1726,917,2,domicilio,,2025-05-20 04:55:35,pagada
1727,689,5,domicilio,,2025-11-19 11:53:19,cortesia
1728,1298,5,en_mesa,5.0,2025-05-31 04:19:49,pagada
1729,164,5,en_mesa,4.0,2026-01-26 05:19:48,pagada
1730,528,2,para_llevar,,2025-08-31 20:06:43,pagada
1731,601,5,domicilio,,2025-05-11 17:47:00,pagada
1732,1362,3,para_llevar,,2025-09-24 17:54:45,pagada
1733,1056,4,domicilio,,2025-12-17 20:15:29,pagada
1734,364,1,domicilio,,2025-12-03 16:32:35,pagada
1735,229,5,para_llevar,,2025-09-14 20:08:35,cortesia
1736,228,5,domicilio,,2025-11-02 00:04:14,cortesia
1737,960,5,domicilio,,2025-09-06 03:06:22,cortesia
1738,1380,5,en_mesa,11.0,2025-06-04 20:10:05,cortesia
1739,1035,1,domicilio,,2026-03-07 01:00:05,anulada
1740,1403,5,para_llevar,,2025-12-05 13:32:51,cortesia
1741,1340,4,en_mesa,15.0,2026-02-02 22:47:55,pagada
1742,128,2,en_mesa,6.0,2026-03-26 22:58:03,pagada
1743,330,3,domicilio,,2025-07-07 23:15:35,pagada
1744,448,4,domicilio,,2025-11-01 10:45:05,pagada
1745,832,2,en_mesa,5.0,2025-06-15 02:15:51,pagada
1746,1316,2,domicilio,,2025-04-22 01:39:20,pagada
1747,516,3,para_llevar,,2025-11-20 17:26:45,anulada
1748,890,2,domicilio,,2026-02-08 13:51:45,pagada
1749,236,1,domicilio,,2025-09-18 11:47:35,pagada
1750,1090,2,en_mesa,11.0,2025-05-26 22:58:05,pagada
1751,474,3,para_llevar,,2025-10-10 00:13:15,pagada
1752,888,2,domicilio,,2025-10-27 09:10:38,anulada
1753,194,5,domicilio,,2025-07-21 14:13:21,pagada
1754,132,5,en_mesa,4.0,2025-10-14 23:39:49,pagada
1755,80,1,domicilio,,2026-03-12 12:51:51,pagada
1756,1115,1,en_mesa,10.0,2025-11-01 12:00:50,pagada
1757,384,2,domicilio,,2026-02-10 10:37:29,anulada
1758,227,4,para_llevar,,2026-01-18 03:14:22,pagada
1759,1021,4,para_llevar,,2025-09-29 02:24:05,cortesia
1760,206,3,en_mesa,5.0,2026-03-24 03:15:00,pagada
1761,1137,2,domicilio,,2026-02-15 08:52:34,pagada
1762,756,3,en_mesa,8.0,2025-12-25 15:10:43,pagada
1763,118,3,en_mesa,2.0,2026-03-05 20:25:27,pagada
1764,1142,1,en_mesa,11.0,2026-03-20 02:32:08,cortesia
1765,776,5,domicilio,,2025-04-03 03:46:58,anulada
1766,1337,5,domicilio,,2026-01-04 16:58:12,anulada
1767,615,4,en_mesa,11.0,2025-11-04 07:52:08,pagada
1768,177,2,en_mesa,3.0,2025-10-15 10:09:41,anulada
1769,1277,1,en_mesa,5.0,2025-09-23 23:43:31,anulada
1770,412,5,para_llevar,,2025-06-02 17:35:21,anulada
1771,415,1,en_mesa,8.0,2025-06-02 16:32:02,cortesia
1772,321,1,en_mesa,13.0,2025-12-22 03:25:41,pagada
1773,1221,5,para_llevar,,2025-05-16 18:53:24,anulada
1774,568,5,en_mesa,8.0,2026-03-26 02:01:50,pagada
1775,1076,5,en_mesa,8.0,2025-08-29 00:54:29,pagada
1776,718,2,para_llevar,,2025-08-21 18:58:52,cortesia
1777,798,1,en_mesa,12.0,2025-06-19 08:03:21,pagada
1778,1188,2,domicilio,,2025-04-05 04:49:47,pagada
1779,400,5,para_llevar,,2025-07-20 00:23:05,anulada
1780,1037,1,para_llevar,,2025-04-22 22:09:57,pagada
1781,1339,3,domicilio,,2025-04-03 07:07:34,pagada
1782,919,5,en_mesa,6.0,2025-08-17 06:05:51,cortesia
1783,1369,2,domicilio,,2026-01-11 07:14:37,pagada
1784,162,1,domicilio,,2026-01-20 13:21:57,cortesia
1785,950,2,para_llevar,,2025-06-07 13:51:19,pagada
1786,99,1,en_mesa,6.0,2026-02-08 18:19:41,anulada
1787,1345,2,domicilio,,2025-06-03 09:43:23,cortesia
1788,966,1,en_mesa,15.0,2025-06-25 01:22:57,pagada
1789,506,5,domicilio,,2025-11-15 17:52:41,pagada
1790,196,4,domicilio,,2025-10-03 00:47:47,anulada
1791,1496,4,domicilio,,2025-05-12 02:04:08,cortesia
1792,1307,2,para_llevar,,2025-09-18 17:01:28,cortesia
1793,438,2,domicilio,,2025-12-23 21:31:40,pagada
1794,570,5,en_mesa,10.0,2026-03-04 05:34:35,anulada
1795,838,3,domicilio,,2025-12-29 19:06:23,anulada
1796,728,4,para_llevar,,2026-02-14 14:26:49,pagada
1797,1486,2,para_llevar,,2025-10-04 19:43:12,pagada
1798,213,3,para_llevar,,2025-04-13 13:43:57,anulada
1799,154,4,domicilio,,2026-01-30 15:58:59,pagada
1800,1475,2,en_mesa,4.0,2026-02-13 20:15:36,cortesia
1801,1203,3,domicilio,,2025-11-07 05:48:17,cortesia
1802,856,2,domicilio,,2025-07-24 10:45:56,pagada
1803,1264,1,en_mesa,15.0,2025-07-01 10:37:21,pagada
1804,167,1,en_mesa,3.0,2025-06-19 13:57:28,pagada
1805,320,4,en_mesa,14.0,2025-12-13 18:27:29,pagada
1806,155,5,en_mesa,3.0,2025-11-29 02:32:18,cortesia
1807,518,1,domicilio,,2025-09-22 11:53:07,pagada
1808,1347,2,en_mesa,13.0,2025-06-15 03:00:44,pagada
1809,1176,1,para_llevar,,2025-08-26 19:52:17,pagada
1810,612,5,domicilio,,2025-09-08 15:36:12,pagada
1811,58,1,para_llevar,,2025-06-11 19:02:50,pagada
1812,668,5,en_mesa,11.0,2025-07-14 01:36:54,pagada
1813,977,3,en_mesa,14.0,2025-04-02 00:42:16,cortesia
1814,58,1,para_llevar,,2025-04-29 10:59:52,pagada
1815,841,2,para_llevar,,2025-07-30 21:24:25,cortesia
1816,178,5,en_mesa,8.0,2025-09-05 15:12:48,pagada
1817,1435,5,domicilio,,2025-12-30 10:08:33,cortesia
1818,899,4,en_mesa,15.0,2025-12-30 07:01:34,cortesia
1819,252,1,domicilio,,2025-07-10 12:46:13,anulada
1820,264,3,para_llevar,,2025-07-30 22:12:29,cortesia
1821,1390,5,domicilio,,2025-04-07 18:13:43,pagada
1822,377,2,para_llevar,,2025-12-13 09:11:33,pagada
1823,933,2,para_llevar,,2025-10-04 00:31:50,pagada
1824,893,2,en_mesa,9.0,2025-10-15 05:48:15,pagada
1825,583,3,en_mesa,8.0,2026-03-25 23:20:13,pagada
1826,695,3,domicilio,,2026-03-04 22:27:12,pagada
1827,429,2,domicilio,,2026-02-01 00:38:48,anulada
1828,617,5,para_llevar,,2025-10-21 16:34:18,anulada
1829,243,5,en_mesa,7.0,2025-08-08 19:46:00,pagada
1830,420,3,para_llevar,,2025-09-17 16:53:15,cortesia
1831,1234,5,para_llevar,,2026-02-25 22:22:04,pagada
1832,1147,1,domicilio,,2025-11-15 06:33:32,pagada
1833,1354,1,para_llevar,,2026-02-08 00:21:45,pagada
1834,208,2,en_mesa,6.0,2025-09-26 21:52:40,pagada
1835,1276,3,para_llevar,,2025-10-11 12:48:04,cortesia
1836,804,3,en_mesa,5.0,2025-12-22 09:11:14,anulada
1837,216,4,domicilio,,2025-04-30 07:41:52,anulada
1838,1032,4,para_llevar,,2025-10-31 12:10:27,pagada
1839,719,4,para_llevar,,2025-04-12 20:24:41,cortesia
1840,1070,5,para_llevar,,2025-10-06 23:17:53,pagada
1841,451,5,domicilio,,2025-04-29 03:37:26,pagada
1842,902,2,en_mesa,13.0,2025-09-16 13:25:28,anulada
1843,79,5,para_llevar,,2025-09-24 15:02:54,anulada
1844,543,4,domicilio,,2026-03-09 11:02:39,pagada
1845,242,1,para_llevar,,2025-08-16 22:13:15,pagada
1846,57,2,para_llevar,,2025-11-13 06:25:40,pagada
1847,559,1,para_llevar,,2025-12-28 15:54:35,pagada
1848,127,5,domicilio,,2025-06-22 05:01:45,pagada
1849,1407,2,domicilio,,2026-02-19 15:19:49,pagada
1850,1115,1,domicilio,,2025-11-14 11:58:02,pagada
1851,777,2,en_mesa,6.0,2025-12-06 14:12:26,pagada
1852,706,4,domicilio,,2026-01-03 08:27:48,pagada
1853,201,3,para_llevar,,2025-08-22 14:31:10,pagada
1854,1121,1,domicilio,,2025-08-21 15:14:50,anulada
1855,427,2,en_mesa,11.0,2026-01-29 16:47:31,cortesia
1856,347,2,domicilio,,2025-10-16 13:55:58,pagada
1857,1443,2,para_llevar,,2025-11-08 20:21:07,pagada
1858,1,5,en_mesa,7.0,2025-09-08 11:31:43,cortesia
1859,72,4,para_llevar,,2025-04-13 11:01:19,pagada
1860,1395,4,domicilio,,2025-04-13 02:39:34,pagada
1861,833,3,para_llevar,,2025-09-13 03:10:23,pagada
1862,51,5,para_llevar,,2026-02-19 15:39:51,pagada
1863,398,4,para_llevar,,2025-04-06 18:37:04,pagada
1864,791,5,domicilio,,2026-01-02 20:13:47,cortesia
1865,1141,5,domicilio,,2025-09-15 16:24:28,cortesia
1866,864,4,para_llevar,,2025-04-11 13:31:05,pagada
1867,414,3,domicilio,,2025-07-27 20:40:04,anulada
1868,370,3,para_llevar,,2026-01-01 11:44:40,pagada
1869,756,2,domicilio,,2025-06-06 07:31:53,anulada
1870,1433,3,para_llevar,,2026-03-23 01:16:38,pagada
1871,787,3,domicilio,,2025-08-23 15:44:33,pagada
1872,782,5,domicilio,,2025-07-20 00:34:48,pagada
1873,352,3,domicilio,,2025-10-05 17:45:03,cortesia
1874,1465,2,en_mesa,10.0,2026-02-03 19:04:27,pagada
1875,102,4,para_llevar,,2025-05-16 12:21:20,pagada
1876,907,1,para_llevar,,2026-01-17 07:06:56,pagada
1877,1465,3,domicilio,,2025-05-08 12:57:37,pagada
1878,388,5,domicilio,,2025-06-08 12:28:39,anulada
1879,117,3,domicilio,,2026-02-15 15:04:44,pagada
1880,1014,5,en_mesa,15.0,2026-02-27 04:42:13,pagada
1881,266,4,para_llevar,,2025-07-23 04:27:09,cortesia
1882,944,1,en_mesa,9.0,2025-11-25 10:46:38,pagada
1883,522,1,para_llevar,,2026-01-30 22:00:56,anulada
1884,1194,4,en_mesa,11.0,2025-07-05 15:43:20,anulada
1885,16,1,domicilio,,2025-06-29 17:31:55,pagada
1886,794,5,para_llevar,,2025-11-27 15:38:59,anulada
1887,511,2,para_llevar,,2026-03-14 04:33:40,pagada
1888,523,5,domicilio,,2025-08-24 20:21:32,pagada
1889,490,2,en_mesa,13.0,2025-05-23 20:03:29,pagada
1890,1373,1,domicilio,,2025-08-10 16:59:22,pagada
1891,625,4,para_llevar,,2025-06-14 23:43:47,pagada
1892,732,4,para_llevar,,2025-06-27 08:16:13,pagada
1893,1337,5,para_llevar,,2025-12-10 19:47:33,pagada
1894,114,2,en_mesa,3.0,2026-01-18 20:12:40,pagada
1895,306,4,domicilio,,2025-10-29 01:35:46,pagada
1896,798,2,para_llevar,,2025-10-12 21:17:16,cortesia
1897,784,4,en_mesa,14.0,2025-11-01 01:51:23,pagada
1898,709,3,en_mesa,13.0,2025-12-07 22:23:49,anulada
1899,1497,3,en_mesa,11.0,2026-01-13 16:35:15,anulada
1900,1095,4,para_llevar,,2025-05-21 17:32:11,anulada
1901,1202,2,domicilio,,2025-12-08 11:07:15,anulada
1902,126,4,en_mesa,8.0,2025-04-26 22:49:49,anulada
1903,388,2,domicilio,,2026-03-29 20:01:14,pagada
1904,418,2,en_mesa,14.0,2025-10-11 21:31:42,pagada
1905,1332,2,para_llevar,,2025-08-05 16:26:06,pagada
1906,1172,4,domicilio,,2025-08-13 22:41:37,pagada
1907,1015,5,domicilio,,2025-10-14 12:00:41,pagada
1908,1081,1,en_mesa,15.0,2026-03-20 18:58:12,anulada
1909,1020,3,en_mesa,12.0,2025-08-29 13:11:51,pagada
1910,1324,1,domicilio,,2026-01-25 12:20:29,anulada
1911,414,3,en_mesa,5.0,2025-07-03 07:11:58,anulada
1912,1164,3,domicilio,,2025-05-04 22:59:41,pagada
1913,643,4,domicilio,,2025-11-06 21:55:16,pagada
1914,1019,4,en_mesa,4.0,2025-08-09 03:17:04,anulada
1915,333,3,domicilio,,2025-11-12 09:58:26,pagada
1916,89,2,para_llevar,,2026-03-08 21:15:02,pagada
1917,873,5,en_mesa,5.0,2025-10-25 10:02:50,pagada
1918,236,3,domicilio,,2025-07-10 00:38:12,pagada
1919,938,5,en_mesa,2.0,2025-06-03 08:10:13,pagada
1920,604,2,domicilio,,2025-04-18 07:08:07,cortesia
1921,903,3,en_mesa,2.0,2025-05-02 08:14:38,anulada
1922,540,1,domicilio,,2026-03-29 15:04:47,pagada
1923,833,3,en_mesa,9.0,2025-11-05 00:38:40,pagada
1924,819,4,para_llevar,,2025-07-05 16:21:22,cortesia
1925,1172,1,en_mesa,10.0,2026-01-08 05:07:07,cortesia
1926,1400,1,en_mesa,1.0,2026-03-16 12:53:27,anulada
1927,974,4,en_mesa,3.0,2025-05-27 20:35:57,anulada
1928,606,3,para_llevar,,2025-07-21 07:12:02,anulada
1929,393,3,domicilio,,2026-03-24 23:25:37,anulada
1930,958,3,domicilio,,2026-01-05 13:54:13,anulada
1931,874,3,para_llevar,,2025-07-24 00:58:29,cortesia
1932,96,4,en_mesa,11.0,2025-10-15 03:14:26,pagada
1933,43,2,en_mesa,2.0,2026-03-03 01:15:30,anulada
1934,1226,5,en_mesa,2.0,2025-10-19 03:50:51,cortesia
1935,470,3,en_mesa,7.0,2025-08-26 21:31:46,cortesia
1936,426,3,domicilio,,2025-11-26 10:51:06,anulada
1937,59,2,domicilio,,2025-08-03 07:17:19,anulada
1938,592,4,domicilio,,2026-02-11 04:08:53,pagada
1939,1233,4,en_mesa,9.0,2026-02-14 23:40:57,pagada
1940,792,1,en_mesa,4.0,2025-09-18 07:27:15,anulada
1941,36,2,domicilio,,2026-03-26 20:37:09,cortesia
1942,430,4,en_mesa,13.0,2025-05-14 10:03:06,pagada
1943,621,2,en_mesa,3.0,2025-11-15 13:12:43,pagada
1944,240,4,para_llevar,,2026-03-04 06:03:35,anulada
1945,55,4,domicilio,,2025-09-28 05:27:12,anulada
1946,481,4,domicilio,,2025-08-07 01:39:47,pagada
1947,1397,2,para_llevar,,2026-01-01 19:23:08,pagada
1948,239,4,domicilio,,2026-01-16 12:00:59,anulada
1949,311,2,domicilio,,2025-06-20 00:00:49,pagada
1950,863,2,para_llevar,,2026-03-18 22:21:50,anulada
1951,1007,4,para_llevar,,2025-06-18 01:19:11,anulada
1952,733,3,en_mesa,7.0,2025-04-25 20:12:11,pagada
1953,1121,5,para_llevar,,2026-01-27 00:27:49,pagada
1954,709,5,domicilio,,2025-12-22 07:11:44,pagada
1955,1049,1,para_llevar,,2025-06-05 19:21:32,pagada
1956,341,1,para_llevar,,2025-11-11 08:38:28,pagada
1957,1064,4,domicilio,,2025-07-07 04:00:47,pagada
1958,111,5,en_mesa,12.0,2025-09-06 15:28:30,pagada
1959,272,4,domicilio,,2025-04-26 08:00:07,pagada
1960,1414,2,para_llevar,,2026-01-24 16:11:47,pagada
1961,575,1,para_llevar,,2026-03-08 21:52:19,pagada
1962,470,2,domicilio,,2025-04-24 00:28:28,cortesia
1963,963,1,en_mesa,10.0,2025-07-12 01:17:45,pagada
1964,780,3,domicilio,,2025-10-10 10:02:34,cortesia
1965,926,1,domicilio,,2025-07-18 21:30:25,pagada
1966,602,1,para_llevar,,2025-11-13 07:57:30,cortesia
1967,1056,4,en_mesa,9.0,2025-10-22 16:38:32,pagada
1968,992,4,para_llevar,,2025-08-19 03:00:47,pagada
1969,166,4,para_llevar,,2025-07-31 04:31:31,anulada
1970,85,5,para_llevar,,2025-12-01 02:15:04,pagada
1971,732,4,domicilio,,2025-12-25 00:43:27,pagada
1972,631,4,en_mesa,9.0,2025-09-23 07:46:54,pagada
1973,311,1,domicilio,,2025-05-06 20:51:26,pagada
1974,279,3,en_mesa,1.0,2025-10-25 10:23:47,pagada
1975,492,3,en_mesa,15.0,2025-11-15 18:22:05,pagada
1976,1233,5,domicilio,,2025-05-07 17:11:27,pagada
1977,1240,4,domicilio,,2025-05-03 18:29:45,pagada
1978,740,1,domicilio,,2026-02-19 16:30:47,cortesia
1979,1304,5,en_mesa,13.0,2025-09-23 04:54:28,pagada
1980,1165,1,para_llevar,,2025-07-02 05:09:21,pagada
1981,1051,1,domicilio,,2025-06-06 02:00:50,pagada
1982,373,1,para_llevar,,2025-05-23 08:36:43,cortesia
1983,1230,5,domicilio,,2025-06-08 11:37:33,anulada
1984,941,2,para_llevar,,2025-08-21 03:46:12,anulada
1985,1110,4,domicilio,,2025-08-31 19:43:17,pagada
1986,987,1,domicilio,,2025-05-12 11:36:26,cortesia
1987,387,2,en_mesa,12.0,2026-01-30 16:21:20,pagada
1988,960,1,en_mesa,7.0,2025-12-16 17:40:16,cortesia
1989,954,4,en_mesa,13.0,2025-06-24 15:39:45,pagada
1990,245,1,en_mesa,11.0,2025-04-07 06:21:17,pagada
1991,1309,2,en_mesa,2.0,2025-08-06 00:33:59,cortesia
1992,164,1,para_llevar,,2025-09-19 14:50:36,cortesia
1993,655,5,para_llevar,,2026-02-26 23:25:39,pagada
1994,1138,1,para_llevar,,2025-06-04 00:24:52,anulada
1995,1036,4,para_llevar,,2025-06-16 14:25:44,pagada
1996,485,3,en_mesa,4.0,2025-08-15 08:21:20,cortesia
1997,846,5,en_mesa,15.0,2025-08-23 16:25:38,pagada
1998,1043,2,domicilio,,2025-09-08 06:22:35,cortesia
1999,423,4,en_mesa,12.0,2025-07-22 20:58:40,pagada
2000,901,5,en_mesa,11.0,2025-09-15 19:32:57,anulada
2001,597,2,para_llevar,,2025-04-09 18:18:32,pagada
2002,584,2,en_mesa,4.0,2025-12-12 06:08:58,anulada
2003,543,4,en_mesa,13.0,2025-04-16 06:25:23,pagada
2004,581,4,domicilio,,2025-04-18 14:20:46,pagada
2005,856,5,para_llevar,,2026-03-18 20:35:35,pagada
2006,1151,5,para_llevar,,2026-03-01 22:34:54,pagada
2007,775,3,en_mesa,9.0,2026-01-22 06:37:00,cortesia
2008,1409,5,para_llevar,,2025-07-19 06:21:13,pagada
2009,995,2,en_mesa,3.0,2026-01-13 04:21:44,anulada
2010,1058,3,para_llevar,,2025-04-05 17:14:06,pagada
2011,423,4,en_mesa,10.0,2025-12-03 01:06:15,pagada
2012,1009,2,domicilio,,2025-12-27 04:01:09,pagada
2013,1131,3,en_mesa,2.0,2025-12-29 18:15:27,cortesia
2014,569,1,domicilio,,2025-12-16 09:25:57,anulada
2015,882,2,en_mesa,10.0,2025-08-22 02:56:23,pagada
2016,668,5,para_llevar,,2025-11-16 17:36:57,pagada
2017,430,2,domicilio,,2025-07-16 20:38:12,anulada
2018,1376,2,domicilio,,2025-07-19 13:30:23,pagada
2019,598,1,para_llevar,,2026-03-04 18:13:22,anulada
2020,1394,1,en_mesa,9.0,2025-04-23 14:21:07,pagada
2021,1286,1,en_mesa,7.0,2025-10-07 16:41:28,pagada
2022,1289,1,en_mesa,12.0,2025-12-16 11:54:05,pagada
2023,1428,2,para_llevar,,2025-08-24 07:38:39,pagada
2024,126,4,domicilio,,2025-07-13 07:31:17,pagada
2025,1401,1,domicilio,,2026-01-20 02:30:42,cortesia
2026,1476,5,domicilio,,2025-05-08 02:53:38,pagada
2027,80,5,en_mesa,14.0,2025-08-31 16:39:52,pagada
2028,1407,4,para_llevar,,2025-07-02 06:36:31,pagada
2029,567,4,para_llevar,,2025-12-11 05:52:50,pagada
2030,481,2,en_mesa,14.0,2026-02-08 16:38:43,pagada
2031,901,5,domicilio,,2026-01-13 07:42:35,cortesia
2032,1158,1,en_mesa,3.0,2025-07-01 18:35:45,pagada
2033,70,2,en_mesa,7.0,2025-08-16 04:17:00,anulada
2034,585,5,en_mesa,11.0,2025-07-01 12:04:06,pagada
2035,917,4,en_mesa,15.0,2025-07-16 18:03:19,pagada
2036,702,1,para_llevar,,2026-03-08 13:15:37,pagada
2037,97,5,domicilio,,2025-09-30 10:49:09,pagada
2038,393,5,domicilio,,2025-12-31 02:02:34,pagada
2039,1004,4,en_mesa,9.0,2025-10-08 21:48:36,pagada
2040,645,2,en_mesa,5.0,2025-08-03 02:47:02,pagada
2041,1171,3,para_llevar,,2025-10-31 10:04:53,anulada
2042,957,2,para_llevar,,2025-04-08 04:08:15,pagada
2043,513,1,domicilio,,2025-10-20 11:54:33,cortesia
2044,786,4,para_llevar,,2025-08-17 22:29:34,pagada
2045,745,2,en_mesa,15.0,2026-03-16 03:11:21,pagada
2046,753,4,para_llevar,,2025-04-02 21:30:41,anulada
2047,1039,2,en_mesa,12.0,2025-12-17 11:41:47,anulada
2048,354,4,domicilio,,2025-10-17 11:57:03,pagada
2049,894,1,en_mesa,7.0,2026-03-08 14:07:49,anulada
2050,469,4,domicilio,,2025-12-19 09:37:50,cortesia
2051,1019,1,domicilio,,2025-09-17 12:36:19,pagada
2052,632,1,para_llevar,,2026-03-20 06:29:05,cortesia
2053,1181,3,en_mesa,13.0,2025-10-20 09:43:21,pagada
2054,737,3,en_mesa,15.0,2026-03-06 10:47:37,pagada
2055,1154,1,para_llevar,,2025-11-08 09:28:19,pagada
2056,1403,5,en_mesa,7.0,2025-09-15 05:23:22,pagada
2057,1445,3,domicilio,,2025-04-19 12:49:19,cortesia
2058,1245,4,en_mesa,5.0,2025-12-03 04:07:23,pagada
2059,21,1,domicilio,,2025-05-15 02:03:04,anulada
2060,1300,2,domicilio,,2025-10-04 01:18:41,cortesia
2061,1402,4,domicilio,,2025-09-22 04:13:23,cortesia
2062,1355,1,en_mesa,6.0,2026-02-12 10:08:32,pagada
2063,561,1,para_llevar,,2025-11-04 20:07:58,pagada
2064,619,1,para_llevar,,2025-11-29 04:50:22,anulada
2065,1208,3,para_llevar,,2025-12-04 22:41:40,pagada
2066,586,1,domicilio,,2025-06-10 09:00:48,pagada
2067,100,3,para_llevar,,2025-04-28 04:13:30,anulada
2068,17,5,para_llevar,,2025-06-24 11:41:51,pagada
2069,399,4,en_mesa,4.0,2025-05-23 06:58:12,pagada
2070,867,1,para_llevar,,2025-12-10 06:40:18,anulada
2071,238,1,en_mesa,9.0,2025-05-05 10:48:16,pagada
2072,434,4,para_llevar,,2025-10-05 17:57:53,anulada
2073,1305,2,domicilio,,2025-12-21 20:03:48,pagada
2074,1471,3,en_mesa,12.0,2026-03-01 19:41:15,pagada
2075,1375,1,domicilio,,2025-08-22 08:48:22,cortesia
2076,1327,3,en_mesa,11.0,2025-09-21 17:54:39,pagada
2077,1177,3,domicilio,,2025-04-21 13:32:38,pagada
2078,551,2,en_mesa,2.0,2025-07-25 17:23:51,pagada
2079,59,3,para_llevar,,2025-07-21 00:12:40,pagada
2080,894,1,para_llevar,,2025-09-26 15:31:59,pagada
2081,603,1,en_mesa,10.0,2025-10-23 20:28:16,cortesia
2082,1270,4,para_llevar,,2025-11-03 10:09:40,pagada
2083,812,3,domicilio,,2025-11-30 17:03:22,pagada
2084,1453,3,en_mesa,2.0,2025-06-11 08:18:16,pagada
2085,1379,1,para_llevar,,2025-05-04 09:25:13,anulada
2086,878,4,domicilio,,2026-01-16 12:05:18,pagada
2087,918,1,domicilio,,2025-12-26 12:01:57,anulada
2088,1320,1,para_llevar,,2025-12-10 00:18:22,anulada
2089,674,3,para_llevar,,2026-03-07 17:47:40,pagada
2090,625,5,para_llevar,,2025-11-24 07:02:13,pagada
2091,498,3,para_llevar,,2025-05-01 22:55:06,pagada
2092,1153,4,para_llevar,,2025-10-21 02:45:04,cortesia
2093,736,2,domicilio,,2025-10-09 16:14:22,pagada
2094,252,3,para_llevar,,2025-09-14 01:06:46,pagada
2095,1126,3,para_llevar,,2025-04-19 23:40:30,cortesia
2096,319,4,en_mesa,7.0,2025-08-31 23:47:49,pagada
2097,1210,2,en_mesa,2.0,2025-05-11 03:38:14,pagada
2098,1332,1,en_mesa,15.0,2025-11-17 07:33:55,cortesia
2099,257,2,domicilio,,2025-09-20 12:44:10,pagada
2100,1499,2,en_mesa,3.0,2025-09-24 03:41:32,pagada
2101,663,4,para_llevar,,2026-03-13 21:56:01,pagada
2102,299,1,en_mesa,5.0,2025-09-05 11:53:37,anulada
2103,501,3,domicilio,,2025-04-29 19:34:44,pagada
2104,411,2,domicilio,,2026-02-04 14:52:56,pagada
2105,669,3,en_mesa,3.0,2025-09-18 17:38:13,anulada
2106,643,1,para_llevar,,2025-12-30 09:41:33,cortesia
2107,1113,3,en_mesa,13.0,2025-06-13 14:25:27,cortesia
2108,199,5,domicilio,,2026-02-04 04:13:04,pagada
2109,847,1,domicilio,,2025-11-24 22:58:55,anulada
2110,1281,1,domicilio,,2026-03-08 17:54:49,pagada
2111,93,1,domicilio,,2026-02-10 23:20:21,anulada
2112,543,2,para_llevar,,2025-06-25 21:32:08,cortesia
2113,1302,1,para_llevar,,2025-11-26 00:22:36,pagada
2114,249,1,en_mesa,6.0,2026-03-21 18:11:14,pagada
2115,73,1,en_mesa,9.0,2025-06-07 09:10:03,pagada
2116,561,5,para_llevar,,2025-06-08 22:52:59,pagada
2117,587,5,en_mesa,12.0,2025-12-10 06:52:54,pagada
2118,491,1,en_mesa,14.0,2025-06-26 02:18:42,pagada
2119,1133,3,domicilio,,2025-09-26 09:11:15,pagada
2120,24,3,domicilio,,2025-06-07 09:02:14,cortesia
2121,93,2,domicilio,,2026-03-24 13:53:36,anulada
2122,479,2,domicilio,,2025-04-15 07:37:44,pagada
2123,113,1,para_llevar,,2025-11-02 11:06:01,cortesia
2124,1404,3,domicilio,,2025-09-09 18:06:03,pagada
2125,1024,4,en_mesa,5.0,2025-06-04 03:35:54,pagada
2126,1202,1,domicilio,,2025-06-28 17:30:59,cortesia
2127,271,4,en_mesa,14.0,2025-07-27 15:37:45,pagada
2128,922,5,en_mesa,5.0,2025-11-02 07:55:05,pagada
2129,1150,4,en_mesa,10.0,2026-03-29 05:46:48,pagada
2130,965,2,en_mesa,12.0,2025-09-08 20:18:00,anulada
2131,496,5,domicilio,,2025-08-06 11:36:31,pagada
2132,1272,2,para_llevar,,2026-03-22 02:03:48,anulada
2133,310,1,para_llevar,,2025-09-28 12:49:01,cortesia
2134,167,5,en_mesa,1.0,2026-01-01 07:14:40,pagada
2135,390,5,en_mesa,8.0,2025-07-17 11:26:24,pagada
2136,399,4,en_mesa,5.0,2025-07-27 07:01:33,pagada
2137,721,1,en_mesa,6.0,2025-07-09 14:08:40,cortesia
2138,52,4,para_llevar,,2025-04-11 23:46:16,pagada
2139,814,3,domicilio,,2025-11-20 15:42:31,anulada
2140,1295,3,en_mesa,10.0,2025-05-28 16:44:57,cortesia
2141,628,2,en_mesa,15.0,2025-07-19 06:55:55,anulada
2142,255,5,para_llevar,,2025-12-20 02:40:37,pagada
2143,761,1,en_mesa,4.0,2025-04-26 10:16:22,anulada
2144,467,3,en_mesa,5.0,2025-09-29 09:27:58,cortesia
2145,1114,3,para_llevar,,2026-03-24 06:08:21,cortesia
2146,131,2,en_mesa,4.0,2025-09-18 10:37:16,cortesia
2147,434,3,domicilio,,2025-11-01 22:28:23,pagada
2148,1251,2,en_mesa,10.0,2025-08-14 09:57:28,pagada
2149,1310,2,para_llevar,,2026-03-29 22:50:15,pagada
2150,1051,2,domicilio,,2025-07-09 17:41:50,anulada
2151,30,4,en_mesa,15.0,2025-03-30 21:05:47,pagada
2152,463,2,domicilio,,2025-10-28 00:58:20,cortesia
2153,310,1,en_mesa,15.0,2026-03-05 07:30:46,pagada
2154,439,2,para_llevar,,2026-02-14 04:48:04,cortesia
2155,71,4,en_mesa,4.0,2025-04-20 20:32:31,pagada
2156,1170,3,en_mesa,6.0,2025-06-25 00:10:53,pagada
2157,1188,2,en_mesa,3.0,2025-06-26 06:52:48,pagada
2158,311,5,para_llevar,,2025-04-20 16:49:42,pagada
2159,1254,5,en_mesa,9.0,2025-09-03 06:52:00,pagada
2160,1275,1,domicilio,,2025-05-08 20:09:17,pagada
2161,341,4,domicilio,,2026-02-02 15:03:34,pagada
2162,1147,3,para_llevar,,2025-05-24 06:44:04,pagada
2163,802,1,en_mesa,5.0,2025-12-21 16:37:16,pagada
2164,694,1,domicilio,,2025-08-26 07:28:19,cortesia
2165,1472,1,para_llevar,,2025-10-24 14:46:22,anulada
2166,112,4,para_llevar,,2025-11-05 16:05:22,pagada
2167,1084,4,en_mesa,15.0,2025-10-16 16:57:31,pagada
2168,6,4,en_mesa,10.0,2026-01-25 14:36:26,cortesia
2169,179,2,para_llevar,,2025-10-17 01:45:25,cortesia
2170,267,1,en_mesa,11.0,2025-04-25 17:35:28,pagada
2171,894,5,para_llevar,,2026-01-03 02:26:01,cortesia
2172,202,5,en_mesa,6.0,2025-05-03 13:27:29,pagada
2173,249,4,para_llevar,,2025-07-12 16:41:34,pagada
2174,210,1,domicilio,,2026-01-16 13:16:04,pagada
2175,563,1,para_llevar,,2025-10-06 13:43:51,pagada
2176,646,3,domicilio,,2025-06-19 16:47:41,pagada
2177,1133,1,domicilio,,2026-01-08 14:55:30,pagada
2178,1138,4,para_llevar,,2025-10-07 12:12:32,anulada
2179,26,4,en_mesa,3.0,2026-01-04 01:33:50,pagada
2180,278,4,para_llevar,,2025-07-25 16:30:42,cortesia
2181,1425,5,para_llevar,,2026-03-03 09:10:45,pagada
2182,1400,4,domicilio,,2025-12-16 04:42:16,pagada
2183,320,2,domicilio,,2026-03-06 18:38:20,cortesia
2184,1232,5,domicilio,,2025-04-17 12:23:19,cortesia
2185,1203,4,domicilio,,2025-06-28 05:58:42,anulada
2186,1151,5,domicilio,,2025-08-08 18:53:10,cortesia
2187,294,1,domicilio,,2025-05-30 09:43:57,pagada
2188,953,4,para_llevar,,2025-06-08 09:39:50,pagada
2189,692,3,para_llevar,,2025-06-11 10:54:54,anulada
2190,1180,4,en_mesa,12.0,2025-10-31 07:34:36,pagada
2191,1468,5,para_llevar,,2025-04-24 01:15:42,pagada
2192,1477,2,para_llevar,,2025-08-02 11:57:56,anulada
2193,854,5,en_mesa,8.0,2025-12-10 03:15:09,pagada
2194,90,2,para_llevar,,2025-09-03 09:34:26,pagada
2195,1018,3,en_mesa,10.0,2026-02-11 16:35:26,pagada
2196,95,5,para_llevar,,2026-03-15 23:24:56,anulada
2197,862,4,en_mesa,11.0,2026-02-21 05:58:29,pagada
2198,552,1,domicilio,,2025-08-17 23:11:19,pagada
2199,1413,3,domicilio,,2026-03-02 17:40:46,cortesia
2200,1275,5,domicilio,,2025-10-22 02:49:30,anulada
2201,530,1,en_mesa,9.0,2025-04-07 08:54:15,cortesia
2202,1150,4,para_llevar,,2026-02-19 09:36:38,pagada
2203,56,5,para_llevar,,2026-01-08 21:41:45,pagada
2204,827,3,en_mesa,10.0,2025-08-31 03:12:32,pagada
2205,1140,4,para_llevar,,2025-10-18 12:44:03,pagada
2206,56,3,en_mesa,3.0,2026-03-12 10:17:19,anulada
2207,265,2,en_mesa,10.0,2025-11-15 06:36:16,pagada
2208,153,2,para_llevar,,2025-10-21 06:17:37,pagada
2209,351,1,domicilio,,2025-05-20 04:21:35,pagada
2210,559,2,para_llevar,,2026-02-18 04:00:14,pagada
2211,486,2,en_mesa,12.0,2025-05-01 11:23:20,pagada
2212,954,2,domicilio,,2025-04-02 05:27:55,anulada
2213,862,2,domicilio,,2025-09-28 00:55:59,pagada
2214,171,1,en_mesa,6.0,2026-01-14 02:02:15,pagada
2215,1393,4,para_llevar,,2025-04-06 08:28:13,anulada
2216,480,3,para_llevar,,2026-01-25 19:39:20,cortesia
2217,153,2,para_llevar,,2026-03-27 01:21:59,cortesia
2218,729,5,domicilio,,2025-07-11 06:41:33,pagada
2219,702,1,domicilio,,2025-06-25 20:12:20,pagada
2220,121,1,para_llevar,,2025-12-27 14:07:45,pagada
2221,1433,3,para_llevar,,2025-11-11 22:21:16,pagada
2222,554,2,domicilio,,2025-09-15 05:17:04,pagada
2223,917,4,para_llevar,,2025-06-05 10:05:02,pagada
2224,1499,4,para_llevar,,2025-12-11 10:26:20,pagada
2225,54,4,domicilio,,2025-06-18 15:26:06,cortesia
2226,263,3,domicilio,,2026-03-26 06:35:51,anulada
2227,1321,2,domicilio,,2025-12-30 12:25:02,cortesia
2228,981,1,para_llevar,,2025-11-14 05:46:11,pagada
2229,1281,2,en_mesa,2.0,2026-03-19 18:43:30,pagada
2230,867,2,domicilio,,2025-04-20 07:30:23,pagada
2231,1266,1,para_llevar,,2026-01-28 16:54:29,pagada
2232,244,1,en_mesa,5.0,2025-07-12 12:07:51,pagada
2233,1491,3,para_llevar,,2025-11-04 07:26:46,pagada
2234,637,5,domicilio,,2025-11-17 22:58:52,cortesia
2235,1075,5,en_mesa,11.0,2026-03-22 07:32:30,pagada
2236,113,1,para_llevar,,2025-09-10 19:46:57,cortesia
2237,979,3,en_mesa,9.0,2026-03-14 23:57:08,pagada
2238,580,3,domicilio,,2025-12-01 22:27:58,anulada
2239,943,2,domicilio,,2026-01-23 09:23:45,pagada
2240,268,4,para_llevar,,2026-03-12 09:49:12,pagada
2241,1040,5,para_llevar,,2026-01-01 10:45:53,pagada
2242,442,2,domicilio,,2025-11-28 13:35:17,pagada
2243,800,3,domicilio,,2025-11-21 00:56:28,pagada
2244,1482,4,en_mesa,11.0,2025-04-19 04:37:19,anulada
2245,147,4,en_mesa,8.0,2025-10-09 01:03:51,pagada
2246,790,2,domicilio,,2025-08-30 05:54:17,pagada
2247,472,2,en_mesa,7.0,2025-04-05 15:15:44,pagada
2248,472,4,domicilio,,2025-06-11 11:41:21,pagada
2249,1083,3,para_llevar,,2025-06-18 03:03:17,pagada
2250,430,5,en_mesa,13.0,2025-06-06 16:38:54,anulada
2251,1192,3,domicilio,,2025-10-05 16:04:07,pagada
2252,336,1,domicilio,,2025-06-12 23:09:41,anulada
2253,130,1,domicilio,,2025-05-12 13:07:16,pagada
2254,1172,4,para_llevar,,2025-09-30 10:24:43,pagada
2255,1444,1,domicilio,,2026-02-26 22:14:17,anulada
2256,1364,4,para_llevar,,2025-08-14 08:32:35,pagada
2257,292,1,para_llevar,,2025-06-03 16:37:13,anulada
2258,798,3,para_llevar,,2025-08-07 07:42:11,pagada
2259,695,3,en_mesa,5.0,2025-10-07 08:56:17,pagada
2260,171,2,domicilio,,2025-12-26 14:28:53,pagada
2261,82,5,para_llevar,,2025-06-15 00:26:11,cortesia
2262,531,4,en_mesa,3.0,2025-09-21 18:03:02,pagada
2263,1165,4,domicilio,,2025-05-02 14:33:30,anulada
2264,1494,3,en_mesa,10.0,2025-04-07 23:43:12,cortesia
2265,13,4,en_mesa,3.0,2025-04-22 07:51:22,cortesia
2266,724,4,en_mesa,5.0,2025-06-10 15:47:56,cortesia
2267,841,3,domicilio,,2025-09-26 19:08:03,anulada
2268,1196,5,para_llevar,,2025-07-10 12:18:09,cortesia
2269,1390,3,para_llevar,,2025-06-14 12:58:20,pagada
2270,624,4,en_mesa,15.0,2026-03-29 18:36:56,anulada
2271,723,5,domicilio,,2025-09-14 10:37:10,pagada
2272,618,2,domicilio,,2025-07-07 00:27:09,pagada
2273,1191,1,domicilio,,2025-09-02 05:32:03,pagada
2274,1360,1,en_mesa,14.0,2026-03-07 00:34:39,pagada
2275,1067,1,en_mesa,7.0,2025-10-02 20:24:41,pagada
2276,22,3,para_llevar,,2025-11-12 16:47:08,cortesia
2277,386,3,para_llevar,,2025-11-20 04:06:06,pagada
2278,697,3,para_llevar,,2025-10-17 09:02:30,pagada
2279,500,4,domicilio,,2025-09-29 14:02:50,cortesia
2280,859,2,en_mesa,2.0,2025-11-03 15:15:47,cortesia
2281,997,2,en_mesa,11.0,2026-03-26 22:59:00,pagada
2282,1070,1,domicilio,,2025-08-19 21:57:54,pagada
2283,629,1,en_mesa,8.0,2025-07-15 23:32:06,pagada
2284,542,2,domicilio,,2025-08-07 02:06:39,cortesia
2285,608,3,para_llevar,,2025-09-12 08:20:49,pagada
2286,1307,1,domicilio,,2026-01-27 05:34:16,pagada
2287,916,5,en_mesa,7.0,2025-10-15 11:52:07,anulada
2288,701,5,para_llevar,,2025-06-20 18:47:15,anulada
2289,1266,2,en_mesa,3.0,2025-08-04 14:20:15,anulada
2290,1020,1,para_llevar,,2025-07-29 15:36:21,cortesia
2291,597,4,en_mesa,6.0,2025-04-19 17:54:30,cortesia
2292,962,4,para_llevar,,2025-04-02 00:59:49,pagada
2293,220,4,para_llevar,,2026-01-11 08:36:34,pagada
2294,598,1,domicilio,,2025-12-22 06:10:58,cortesia
2295,1174,3,en_mesa,3.0,2026-01-12 14:38:48,pagada
2296,397,1,en_mesa,5.0,2026-03-15 02:31:26,pagada
2297,1222,5,para_llevar,,2025-08-02 12:38:59,cortesia
2298,1266,4,domicilio,,2025-05-08 09:32:12,pagada
2299,498,3,en_mesa,5.0,2025-04-22 10:09:15,pagada
2300,740,3,para_llevar,,2025-12-24 18:34:16,anulada
2301,988,3,para_llevar,,2025-09-07 04:48:06,cortesia
2302,1085,2,para_llevar,,2026-01-25 02:28:50,anulada
2303,962,4,domicilio,,2025-05-15 06:35:13,pagada
2304,1485,3,en_mesa,9.0,2026-03-13 00:16:12,pagada
2305,468,3,domicilio,,2025-12-29 13:08:51,pagada
2306,692,5,domicilio,,2025-12-25 00:29:56,cortesia
2307,697,1,para_llevar,,2025-06-19 00:27:07,anulada
2308,837,3,para_llevar,,2025-07-09 08:00:11,pagada
2309,1463,3,para_llevar,,2025-12-05 04:30:53,pagada
2310,481,1,en_mesa,15.0,2025-05-20 11:21:26,cortesia
2311,384,4,domicilio,,2025-12-12 18:58:17,pagada
2312,261,1,domicilio,,2026-03-18 16:29:24,anulada
2313,273,4,en_mesa,7.0,2025-04-29 05:10:28,cortesia
2314,37,5,para_llevar,,2025-10-27 19:10:47,cortesia
2315,1048,1,domicilio,,2025-09-15 23:20:03,pagada
2316,723,5,domicilio,,2026-02-12 21:16:47,pagada
2317,1063,5,para_llevar,,2025-08-16 20:05:52,pagada
2318,1334,2,domicilio,,2025-10-05 14:14:47,pagada
2319,1445,4,para_llevar,,2025-10-12 18:49:41,pagada
2320,1238,3,en_mesa,10.0,2025-11-23 07:06:33,pagada
2321,124,4,domicilio,,2025-08-28 16:40:17,pagada
2322,1149,5,para_llevar,,2025-07-01 09:39:05,pagada
2323,187,5,domicilio,,2025-08-11 02:20:16,pagada
2324,1146,4,domicilio,,2026-03-27 03:39:12,pagada
2325,729,2,en_mesa,9.0,2025-07-06 21:16:24,anulada
2326,116,5,para_llevar,,2025-07-09 00:37:39,pagada
2327,1042,2,domicilio,,2025-08-14 03:24:39,pagada
2328,1492,5,para_llevar,,2025-12-30 14:24:36,cortesia
2329,953,1,en_mesa,3.0,2025-04-11 10:34:19,pagada
2330,253,1,domicilio,,2025-07-02 17:44:43,cortesia
2331,410,2,para_llevar,,2026-02-14 21:59:13,pagada
2332,355,5,para_llevar,,2025-09-03 13:14:52,pagada
2333,1392,4,para_llevar,,2025-11-27 13:47:50,pagada
2334,1279,2,en_mesa,3.0,2026-02-03 21:32:03,pagada
2335,202,3,para_llevar,,2026-03-04 04:25:52,pagada
2336,1132,5,en_mesa,15.0,2025-05-24 14:02:37,pagada
2337,503,1,en_mesa,7.0,2025-05-26 06:27:51,pagada
2338,930,1,para_llevar,,2025-11-26 20:08:46,pagada
2339,731,4,domicilio,,2025-07-09 00:50:15,pagada
2340,1057,1,domicilio,,2025-08-12 16:43:57,pagada
2341,1435,2,para_llevar,,2025-11-09 04:20:24,pagada
2342,99,2,para_llevar,,2026-01-30 10:35:48,pagada
2343,409,1,para_llevar,,2025-06-15 03:31:41,pagada
2344,162,4,para_llevar,,2026-03-14 07:03:52,anulada
2345,1481,2,para_llevar,,2025-09-07 00:41:36,anulada
2346,504,5,para_llevar,,2025-04-28 22:05:15,pagada
2347,142,1,para_llevar,,2025-07-28 08:16:05,pagada
2348,442,1,para_llevar,,2025-11-16 22:57:21,pagada
2349,222,2,en_mesa,3.0,2025-12-12 02:26:33,pagada
2350,149,4,domicilio,,2025-09-23 05:41:14,pagada
2351,1245,4,en_mesa,14.0,2025-05-22 21:12:47,pagada
2352,1093,3,en_mesa,1.0,2026-03-02 17:22:17,pagada
2353,771,4,en_mesa,1.0,2026-02-02 22:42:15,pagada
2354,481,2,domicilio,,2026-01-12 09:13:56,pagada
2355,1347,5,domicilio,,2025-07-28 13:49:34,pagada
2356,1356,1,en_mesa,11.0,2025-10-27 11:10:16,pagada
2357,320,1,en_mesa,4.0,2025-04-16 20:41:56,cortesia
2358,770,3,en_mesa,4.0,2025-05-02 23:41:32,anulada
2359,829,2,en_mesa,11.0,2025-07-24 02:38:17,pagada
2360,66,4,para_llevar,,2025-06-21 01:53:43,pagada
2361,368,1,en_mesa,14.0,2025-04-03 10:10:49,anulada
2362,665,1,para_llevar,,2026-03-02 11:06:59,cortesia
2363,654,3,domicilio,,2025-07-26 08:16:38,pagada
2364,716,3,en_mesa,8.0,2026-01-18 18:25:54,pagada
2365,892,3,domicilio,,2025-11-27 21:59:38,cortesia
2366,8,5,para_llevar,,2025-09-23 04:26:48,cortesia
2367,1203,1,domicilio,,2025-04-13 11:45:44,anulada
2368,1409,1,en_mesa,13.0,2026-02-12 18:12:30,anulada
2369,908,2,domicilio,,2025-10-31 19:05:01,pagada
2370,1022,3,en_mesa,1.0,2025-10-13 12:14:03,anulada
2371,1333,3,domicilio,,2026-01-15 01:11:35,pagada
2372,442,1,en_mesa,12.0,2025-10-21 17:54:52,pagada
2373,671,5,en_mesa,2.0,2026-02-18 00:41:32,cortesia
2374,98,3,para_llevar,,2025-11-26 23:10:03,cortesia
2375,471,5,domicilio,,2025-09-27 10:32:09,cortesia
2376,190,1,en_mesa,4.0,2025-04-06 10:24:58,cortesia
2377,1012,5,en_mesa,14.0,2025-09-09 18:45:24,cortesia
2378,435,3,en_mesa,12.0,2025-11-08 15:01:55,pagada
2379,821,1,en_mesa,13.0,2025-05-08 16:35:40,pagada
2380,1030,3,domicilio,,2025-07-08 01:07:00,cortesia
2381,916,3,para_llevar,,2025-05-06 20:58:12,pagada
2382,17,3,domicilio,,2025-04-17 01:37:50,pagada
2383,800,3,para_llevar,,2025-08-21 23:24:14,anulada
2384,1449,1,domicilio,,2025-12-27 17:50:50,pagada
2385,1350,3,para_llevar,,2025-11-06 18:11:03,pagada
2386,546,1,domicilio,,2025-05-30 04:37:39,anulada
2387,1430,5,en_mesa,13.0,2025-04-07 19:44:38,pagada
2388,567,3,para_llevar,,2025-11-23 20:20:41,pagada
2389,158,1,domicilio,,2025-09-07 09:54:23,cortesia
2390,965,4,para_llevar,,2025-06-16 21:13:19,anulada
2391,138,5,en_mesa,3.0,2026-01-28 20:11:44,anulada
2392,1213,3,domicilio,,2025-09-16 13:54:24,pagada
2393,97,3,en_mesa,3.0,2025-06-17 19:37:37,pagada
2394,212,3,para_llevar,,2025-10-16 09:56:52,pagada
2395,319,5,para_llevar,,2025-10-25 06:02:34,cortesia
2396,960,4,para_llevar,,2026-03-23 17:45:04,anulada
2397,1121,1,para_llevar,,2025-06-22 20:47:03,cortesia
2398,239,1,para_llevar,,2025-07-20 02:29:57,pagada
2399,148,2,en_mesa,13.0,2025-10-06 04:10:37,pagada
2400,1073,5,para_llevar,,2026-03-13 01:09:26,pagada
2401,1299,4,domicilio,,2026-01-04 04:21:44,anulada
2402,1099,5,domicilio,,2025-10-20 16:35:50,pagada
2403,1399,1,domicilio,,2025-09-03 16:14:45,anulada
2404,793,4,para_llevar,,2025-07-18 21:17:02,pagada
2405,29,2,en_mesa,5.0,2026-01-09 07:47:36,pagada
2406,486,3,para_llevar,,2025-11-23 22:17:12,pagada
2407,868,5,en_mesa,6.0,2026-02-12 06:34:27,pagada
2408,1396,1,domicilio,,2025-08-18 02:06:32,anulada
2409,939,3,domicilio,,2026-01-20 20:06:59,pagada
2410,130,3,para_llevar,,2025-06-19 19:22:01,anulada
2411,572,4,en_mesa,15.0,2025-11-19 16:18:46,pagada
2412,1377,5,en_mesa,14.0,2025-04-22 12:49:00,anulada
2413,1427,2,para_llevar,,2025-05-11 03:45:13,cortesia
2414,856,2,domicilio,,2025-07-16 18:00:16,pagada
2415,1149,2,en_mesa,12.0,2026-02-10 00:08:43,pagada
2416,996,3,para_llevar,,2025-06-30 14:56:51,anulada
2417,1435,5,en_mesa,2.0,2025-10-26 14:44:12,cortesia
2418,1398,2,domicilio,,2025-08-14 14:49:55,pagada
2419,764,5,en_mesa,7.0,2025-07-06 20:02:30,pagada
2420,140,2,para_llevar,,2025-08-08 02:05:46,anulada
2421,761,1,para_llevar,,2026-02-25 12:20:47,cortesia
2422,1317,2,para_llevar,,2026-03-18 14:44:06,pagada
2423,715,2,domicilio,,2025-10-22 16:54:59,pagada
2424,772,5,para_llevar,,2025-04-20 19:55:11,pagada
2425,556,5,domicilio,,2026-01-29 19:31:00,pagada
2426,246,3,domicilio,,2025-09-29 05:29:33,pagada
2427,584,5,en_mesa,15.0,2025-11-23 17:42:58,pagada
2428,394,3,en_mesa,11.0,2025-12-14 12:50:02,pagada
2429,388,2,domicilio,,2025-08-29 18:03:32,pagada
2430,796,5,en_mesa,11.0,2025-04-08 22:46:56,pagada
2431,914,2,en_mesa,11.0,2025-11-24 11:33:19,anulada
2432,1418,4,domicilio,,2025-07-19 01:14:09,cortesia
2433,830,1,domicilio,,2025-12-03 22:33:10,pagada
2434,910,5,domicilio,,2025-04-22 10:38:38,cortesia
2435,591,1,en_mesa,14.0,2025-04-04 03:49:32,pagada
2436,391,5,domicilio,,2026-01-12 20:47:33,anulada
2437,573,5,en_mesa,12.0,2025-08-02 13:57:56,pagada
2438,585,5,en_mesa,12.0,2025-11-27 10:42:20,cortesia
2439,1427,1,en_mesa,10.0,2026-03-08 16:17:55,pagada
2440,1402,3,para_llevar,,2025-08-19 05:30:09,cortesia
2441,224,4,domicilio,,2025-04-14 22:50:37,anulada
2442,254,3,en_mesa,12.0,2025-05-05 00:11:09,pagada
2443,139,2,domicilio,,2026-02-25 13:43:12,pagada
2444,107,1,en_mesa,1.0,2025-07-06 17:40:44,anulada
2445,62,3,para_llevar,,2026-01-16 12:57:41,pagada
2446,436,4,para_llevar,,2025-06-01 20:17:37,pagada
2447,1157,3,para_llevar,,2025-10-18 22:38:12,pagada
2448,1104,2,para_llevar,,2025-12-27 06:23:51,anulada
2449,374,3,para_llevar,,2025-05-02 00:10:38,pagada
2450,975,4,para_llevar,,2025-07-05 23:23:09,anulada
2451,127,5,domicilio,,2025-12-07 08:47:05,anulada
2452,8,3,para_llevar,,2025-12-21 05:07:42,pagada
2453,29,4,para_llevar,,2025-11-12 10:40:38,anulada
2454,1309,5,domicilio,,2026-01-24 00:45:35,anulada
2455,223,4,domicilio,,2026-02-09 04:31:39,cortesia
2456,1247,3,para_llevar,,2025-12-30 20:10:41,anulada
2457,1362,3,domicilio,,2025-04-03 02:20:40,cortesia
2458,1148,5,para_llevar,,2025-12-08 10:34:10,pagada
2459,1101,1,para_llevar,,2026-01-16 23:50:56,pagada
2460,1199,4,en_mesa,4.0,2025-05-05 04:30:11,pagada
2461,1461,1,para_llevar,,2026-03-20 19:28:28,pagada
2462,494,3,domicilio,,2025-05-20 01:29:10,pagada
2463,865,2,para_llevar,,2025-09-20 21:03:50,anulada
2464,1090,1,para_llevar,,2025-05-04 23:39:58,pagada
2465,1303,5,en_mesa,7.0,2025-12-31 23:43:21,pagada
2466,1346,1,domicilio,,2025-11-28 19:38:22,anulada
2467,1064,2,domicilio,,2025-11-29 03:12:06,cortesia
2468,231,5,domicilio,,2025-09-08 06:04:20,pagada
2469,731,4,en_mesa,1.0,2025-07-01 20:39:10,pagada
2470,256,1,para_llevar,,2025-09-08 13:39:14,anulada
2471,585,2,en_mesa,1.0,2025-04-14 17:57:13,cortesia
2472,808,3,en_mesa,4.0,2025-10-08 11:25:49,pagada
2473,1403,4,en_mesa,15.0,2025-10-13 00:38:20,anulada
2474,1448,4,en_mesa,1.0,2025-07-31 18:35:29,pagada
2475,36,1,en_mesa,5.0,2025-09-29 20:50:16,pagada
2476,343,5,domicilio,,2025-07-03 20:08:23,anulada
2477,485,5,domicilio,,2025-07-23 01:33:27,pagada
2478,1179,5,para_llevar,,2025-10-08 12:53:01,pagada
2479,586,2,domicilio,,2025-12-06 02:53:21,pagada
2480,1012,4,domicilio,,2026-02-18 07:06:53,anulada
2481,295,2,domicilio,,2026-03-28 14:01:03,pagada
2482,1321,1,para_llevar,,2025-06-11 20:39:56,anulada
2483,1030,5,domicilio,,2025-06-12 07:07:06,anulada
2484,420,4,en_mesa,2.0,2025-04-07 17:55:05,cortesia
2485,1405,3,en_mesa,3.0,2025-07-26 12:22:28,anulada
2486,1145,1,en_mesa,5.0,2025-07-11 18:45:41,pagada
2487,802,3,en_mesa,5.0,2025-05-04 10:09:33,pagada
2488,1253,3,para_llevar,,2026-03-13 09:15:24,anulada
2489,1425,1,domicilio,,2025-08-13 08:24:13,cortesia
2490,879,2,para_llevar,,2025-07-24 11:32:39,anulada
2491,924,1,domicilio,,2025-11-29 11:23:35,pagada
2492,1223,5,para_llevar,,2025-03-31 01:30:41,pagada
2493,37,2,para_llevar,,2026-03-13 11:55:35,pagada
2494,950,4,domicilio,,2025-12-29 01:14:18,pagada
2495,657,2,en_mesa,4.0,2026-02-13 09:52:46,pagada
2496,1230,2,domicilio,,2025-07-01 01:12:12,anulada
2497,1289,2,para_llevar,,2026-02-08 22:03:32,pagada
2498,1413,5,domicilio,,2026-03-04 02:44:59,anulada
2499,1080,1,para_llevar,,2025-06-17 07:11:49,pagada
2500,417,2,en_mesa,2.0,2025-05-17 23:48:58,pagada
2501,730,5,en_mesa,12.0,2025-06-16 05:08:26,pagada
2502,533,3,domicilio,,2026-02-01 07:47:07,anulada
2503,726,3,para_llevar,,2026-02-23 22:51:26,pagada
2504,348,4,en_mesa,15.0,2025-11-10 22:40:12,pagada
2505,829,5,domicilio,,2025-08-26 17:02:09,pagada
2506,1338,3,para_llevar,,2026-03-20 02:48:00,pagada
2507,658,4,en_mesa,3.0,2025-03-31 14:52:50,pagada
2508,678,4,en_mesa,14.0,2025-08-04 14:05:30,pagada
2509,1449,4,domicilio,,2025-05-26 08:46:50,pagada
2510,1342,2,para_llevar,,2026-03-28 10:20:06,pagada
2511,229,2,en_mesa,6.0,2026-02-23 10:45:50,pagada
2512,311,4,en_mesa,12.0,2025-04-15 13:59:41,pagada
2513,1476,3,para_llevar,,2025-10-27 01:39:25,cortesia
2514,236,3,en_mesa,7.0,2026-02-21 19:17:22,pagada
2515,1127,1,domicilio,,2025-06-29 16:46:06,cortesia
2516,1431,3,domicilio,,2025-10-01 14:56:33,pagada
2517,996,3,en_mesa,4.0,2026-01-18 21:17:48,pagada
2518,1241,2,en_mesa,11.0,2026-01-30 10:28:34,cortesia
2519,1417,1,domicilio,,2025-04-03 21:34:32,pagada
2520,589,3,en_mesa,12.0,2026-01-06 10:20:58,pagada
2521,1047,4,domicilio,,2025-08-06 00:04:45,pagada
2522,732,4,para_llevar,,2025-04-28 15:56:50,pagada
2523,1285,3,para_llevar,,2025-09-15 07:59:09,pagada
2524,463,1,para_llevar,,2026-01-15 06:33:25,pagada
2525,918,5,para_llevar,,2025-08-06 23:37:28,pagada
2526,530,1,para_llevar,,2025-04-17 08:01:33,pagada
2527,1083,1,para_llevar,,2026-01-27 03:47:23,pagada
2528,811,5,para_llevar,,2026-01-21 20:50:20,anulada
2529,317,2,domicilio,,2026-03-15 10:15:37,anulada
2530,366,2,para_llevar,,2025-07-04 05:01:30,cortesia
2531,197,5,domicilio,,2026-03-15 21:41:48,cortesia
2532,628,5,en_mesa,9.0,2025-04-10 17:50:34,pagada
2533,1377,3,domicilio,,2025-08-28 07:16:51,cortesia
2534,645,5,domicilio,,2025-09-05 23:14:33,anulada
2535,298,2,domicilio,,2025-04-25 14:05:21,pagada
2536,1090,1,en_mesa,3.0,2026-02-20 13:35:43,cortesia
2537,108,2,para_llevar,,2025-12-07 03:49:12,pagada
2538,1219,1,para_llevar,,2025-12-16 03:53:18,pagada
2539,1104,2,domicilio,,2025-07-18 15:57:38,pagada
2540,1361,1,domicilio,,2025-04-22 14:51:30,pagada
2541,1355,2,domicilio,,2026-02-16 14:23:23,pagada
2542,1470,2,domicilio,,2026-03-04 00:55:10,anulada
2543,798,4,domicilio,,2026-03-24 06:20:07,pagada
2544,872,5,para_llevar,,2025-07-23 01:13:15,pagada
2545,1003,4,en_mesa,8.0,2025-08-23 17:00:39,pagada
2546,1045,4,domicilio,,2025-12-04 06:04:25,cortesia
2547,1498,2,para_llevar,,2025-06-27 10:40:29,pagada
2548,1296,3,para_llevar,,2025-08-15 05:19:21,pagada
2549,1415,1,en_mesa,13.0,2025-09-10 09:30:06,pagada
2550,457,4,en_mesa,6.0,2026-01-03 14:06:03,anulada
2551,348,3,domicilio,,2025-11-24 16:04:09,pagada
2552,1183,5,para_llevar,,2025-04-06 08:02:47,cortesia
2553,500,1,para_llevar,,2025-08-01 14:15:50,pagada
2554,544,3,domicilio,,2026-02-23 08:29:46,pagada
2555,1219,5,en_mesa,14.0,2025-11-19 02:27:32,cortesia
2556,1197,4,para_llevar,,2025-05-31 02:41:26,anulada
2557,286,3,domicilio,,2025-05-03 13:44:22,pagada
2558,1176,2,domicilio,,2025-05-25 04:08:51,anulada
2559,1218,1,para_llevar,,2025-11-04 04:16:43,pagada
2560,1253,4,para_llevar,,2025-10-29 17:47:14,pagada
2561,1280,1,para_llevar,,2025-09-14 19:22:51,pagada
2562,500,1,en_mesa,6.0,2025-08-18 18:39:58,pagada
2563,427,2,domicilio,,2025-04-08 10:31:28,anulada
2564,1411,3,domicilio,,2025-04-20 07:09:49,anulada
2565,661,3,para_llevar,,2025-10-25 15:57:03,pagada
2566,990,4,domicilio,,2025-06-16 13:11:58,cortesia
2567,25,1,domicilio,,2025-08-15 21:56:08,pagada
2568,135,2,en_mesa,13.0,2025-05-05 03:18:55,pagada
2569,539,1,en_mesa,5.0,2025-07-26 01:55:48,cortesia
2570,1427,1,domicilio,,2026-02-16 21:03:53,anulada
2571,428,2,en_mesa,2.0,2025-09-14 19:55:07,cortesia
2572,983,2,domicilio,,2025-05-20 19:21:22,pagada
2573,742,2,domicilio,,2025-11-22 04:49:18,pagada
2574,470,4,domicilio,,2025-10-21 13:19:00,anulada
2575,657,3,domicilio,,2025-07-12 23:44:33,pagada
2576,515,2,domicilio,,2025-12-20 04:13:54,pagada
2577,949,2,en_mesa,8.0,2025-08-08 05:15:44,cortesia
2578,1485,2,para_llevar,,2025-09-06 14:09:11,cortesia
2579,1252,5,domicilio,,2026-03-10 16:37:52,anulada
2580,21,3,en_mesa,3.0,2025-10-01 00:07:21,cortesia
2581,834,2,en_mesa,4.0,2026-01-13 04:48:06,cortesia
2582,41,5,domicilio,,2025-11-24 19:34:07,cortesia
2583,578,2,para_llevar,,2025-05-06 20:15:25,pagada
2584,444,5,en_mesa,2.0,2025-09-05 11:01:50,anulada
2585,1240,3,en_mesa,11.0,2025-11-02 10:03:12,pagada
2586,901,3,domicilio,,2025-09-23 04:57:34,pagada
2587,450,3,domicilio,,2025-12-05 14:19:09,cortesia
2588,871,3,en_mesa,9.0,2025-03-31 18:18:52,pagada
2589,1025,4,para_llevar,,2025-04-29 08:26:54,pagada
2590,413,4,para_llevar,,2026-01-08 09:52:59,pagada
2591,432,2,para_llevar,,2026-01-29 02:43:51,cortesia
2592,220,1,para_llevar,,2025-06-28 09:01:18,anulada
2593,1122,1,para_llevar,,2025-04-14 08:03:03,anulada
2594,215,3,para_llevar,,2025-07-04 12:52:12,cortesia
2595,678,3,domicilio,,2025-07-17 08:36:58,cortesia
2596,831,4,domicilio,,2025-07-12 22:14:58,pagada
2597,786,5,domicilio,,2025-05-20 22:59:19,cortesia
2598,784,1,domicilio,,2025-12-31 05:40:13,cortesia
2599,1289,1,para_llevar,,2025-04-19 01:10:44,anulada
2600,721,1,en_mesa,3.0,2025-10-11 04:38:11,anulada
2601,1303,5,domicilio,,2025-12-07 05:21:58,pagada
2602,1203,5,domicilio,,2026-01-30 12:16:58,pagada
2603,1400,1,domicilio,,2025-09-02 10:58:39,anulada
2604,39,1,domicilio,,2025-05-27 07:30:14,pagada
2605,552,5,para_llevar,,2025-05-02 07:26:50,pagada
2606,618,1,domicilio,,2026-03-20 08:01:26,cortesia
2607,152,4,para_llevar,,2025-12-08 23:36:07,pagada
2608,436,5,domicilio,,2025-07-20 16:31:03,cortesia
2609,157,1,para_llevar,,2025-12-14 05:18:31,anulada
2610,573,3,para_llevar,,2025-10-31 16:29:54,cortesia
2611,777,3,domicilio,,2026-03-24 10:52:01,pagada
2612,1173,2,domicilio,,2025-07-07 05:13:27,pagada
2613,1174,3,para_llevar,,2026-02-12 23:54:18,pagada
2614,883,3,para_llevar,,2025-06-04 12:49:00,cortesia
2615,313,4,domicilio,,2025-12-01 07:08:46,pagada
2616,630,5,en_mesa,15.0,2025-10-03 10:23:32,pagada
2617,76,3,para_llevar,,2025-11-10 01:33:48,pagada
2618,1116,5,para_llevar,,2026-02-04 18:36:09,cortesia
2619,454,3,para_llevar,,2025-12-03 15:27:52,pagada
2620,475,3,para_llevar,,2026-01-28 06:35:10,pagada
2621,1057,2,para_llevar,,2025-04-28 15:14:49,pagada
2622,1302,2,en_mesa,13.0,2026-02-06 14:57:00,cortesia
2623,568,2,para_llevar,,2025-08-23 07:54:16,cortesia
2624,1161,1,para_llevar,,2025-07-21 23:33:58,cortesia
2625,65,2,domicilio,,2025-06-11 00:57:36,pagada
2626,1072,4,para_llevar,,2025-08-23 16:43:54,cortesia
2627,553,4,domicilio,,2026-01-19 12:42:08,cortesia
2628,664,5,domicilio,,2025-09-16 07:05:37,pagada
2629,210,3,domicilio,,2025-12-06 21:09:24,pagada
2630,100,5,domicilio,,2025-12-31 19:14:27,pagada
2631,927,2,domicilio,,2025-05-20 03:25:15,anulada
2632,1037,5,en_mesa,11.0,2026-03-26 06:41:39,cortesia
2633,1112,5,en_mesa,12.0,2026-02-21 04:25:37,pagada
2634,1355,5,domicilio,,2025-08-31 03:11:18,pagada
2635,299,5,domicilio,,2025-05-18 19:27:43,pagada
2636,1133,1,para_llevar,,2025-06-19 19:14:51,pagada
2637,697,5,para_llevar,,2025-09-20 01:36:18,cortesia
2638,1309,1,para_llevar,,2025-12-26 02:10:51,cortesia
2639,1016,2,en_mesa,5.0,2025-11-06 04:33:17,pagada
2640,1397,1,domicilio,,2025-10-03 18:26:33,pagada
2641,50,1,para_llevar,,2026-02-07 04:51:34,pagada
2642,558,1,domicilio,,2026-03-20 19:40:48,pagada
2643,815,1,domicilio,,2025-11-28 05:53:28,pagada
2644,1083,1,en_mesa,13.0,2025-09-03 12:53:59,cortesia
2645,850,1,domicilio,,2026-02-06 01:10:22,anulada
2646,911,1,domicilio,,2026-03-28 03:59:15,anulada
2647,1282,3,para_llevar,,2025-07-20 07:36:19,anulada
2648,807,2,domicilio,,2025-03-31 05:55:42,anulada
2649,1024,2,para_llevar,,2025-04-22 20:35:28,pagada
2650,1301,2,domicilio,,2025-12-09 16:45:53,pagada
2651,1060,4,para_llevar,,2025-12-09 06:10:28,pagada
2652,781,2,en_mesa,5.0,2026-03-14 15:10:09,anulada
2653,494,1,en_mesa,15.0,2025-04-19 05:05:58,anulada
2654,589,5,en_mesa,15.0,2025-10-05 03:34:16,pagada
2655,813,2,en_mesa,6.0,2026-02-22 19:29:16,anulada
2656,200,3,en_mesa,10.0,2025-05-04 23:32:05,pagada
2657,970,5,domicilio,,2026-02-16 18:41:59,pagada
2658,1152,1,para_llevar,,2025-11-30 19:35:48,pagada
2659,1061,5,para_llevar,,2025-07-23 09:03:36,cortesia
2660,232,1,domicilio,,2025-04-07 01:17:15,pagada
2661,299,1,en_mesa,9.0,2025-06-28 09:15:41,pagada
2662,904,3,en_mesa,13.0,2026-01-10 11:18:46,pagada
2663,1354,5,en_mesa,6.0,2025-09-03 02:48:51,cortesia
2664,983,1,domicilio,,2026-01-31 00:29:04,pagada
2665,1457,5,para_llevar,,2025-04-18 20:09:44,pagada
2666,1274,3,para_llevar,,2026-03-11 11:25:15,pagada
2667,933,1,domicilio,,2026-02-22 23:15:12,anulada
2668,63,1,domicilio,,2025-11-04 20:29:24,pagada
2669,527,1,para_llevar,,2025-05-19 18:31:53,anulada
2670,360,5,para_llevar,,2025-08-31 10:33:55,pagada
2671,835,4,domicilio,,2026-02-24 20:56:40,pagada
2672,1147,3,en_mesa,1.0,2026-02-22 09:17:18,anulada
2673,1261,2,para_llevar,,2025-09-28 06:45:41,pagada
2674,526,3,para_llevar,,2025-09-20 10:29:40,pagada
2675,1339,4,en_mesa,10.0,2026-03-15 03:41:24,pagada
2676,427,5,domicilio,,2026-03-07 17:34:44,pagada
2677,1406,3,para_llevar,,2025-11-03 20:14:18,pagada
2678,540,5,domicilio,,2025-10-03 23:06:33,pagada
2679,1296,5,en_mesa,4.0,2025-12-07 04:32:52,pagada
2680,1106,2,en_mesa,1.0,2025-04-24 14:59:02,cortesia
2681,466,5,para_llevar,,2025-09-04 19:25:16,pagada
2682,1413,4,en_mesa,4.0,2025-09-04 00:29:47,anulada
2683,121,3,domicilio,,2025-05-30 08:11:49,pagada
2684,448,1,domicilio,,2026-02-19 13:09:04,pagada
2685,137,4,domicilio,,2025-09-04 19:27:40,pagada
2686,1475,3,domicilio,,2026-03-10 13:19:43,pagada
2687,735,1,domicilio,,2026-02-24 23:59:07,anulada
2688,664,2,domicilio,,2025-09-12 07:55:04,pagada
2689,896,3,en_mesa,12.0,2025-07-18 16:21:03,cortesia
2690,713,3,domicilio,,2026-01-01 18:03:49,pagada
2691,515,2,domicilio,,2025-04-04 14:45:42,anulada
2692,16,5,domicilio,,2025-09-10 17:45:50,pagada
2693,1071,1,domicilio,,2025-08-12 21:33:45,anulada
2694,1018,5,domicilio,,2025-04-16 23:26:32,cortesia
2695,1065,2,en_mesa,13.0,2025-07-28 13:12:01,cortesia
2696,147,1,en_mesa,4.0,2025-06-05 17:29:22,pagada
2697,93,2,domicilio,,2026-01-23 13:06:55,pagada
2698,293,5,en_mesa,4.0,2025-10-10 10:41:40,pagada
2699,377,2,domicilio,,2026-02-04 06:58:48,anulada
2700,1414,1,en_mesa,8.0,2025-06-04 14:25:38,anulada
2701,1361,5,para_llevar,,2026-02-20 20:29:39,pagada
2702,545,1,en_mesa,10.0,2025-10-28 01:42:27,pagada
2703,361,4,para_llevar,,2025-07-06 20:24:12,cortesia
2704,964,4,domicilio,,2025-12-19 16:07:36,pagada
2705,1155,1,en_mesa,8.0,2026-03-19 15:38:33,pagada
2706,180,2,domicilio,,2025-09-26 15:15:34,cortesia
2707,1365,4,para_llevar,,2026-03-17 08:34:48,pagada
2708,236,3,en_mesa,10.0,2025-09-22 00:30:10,anulada
2709,854,5,en_mesa,4.0,2026-01-28 15:28:18,anulada
2710,609,5,para_llevar,,2025-07-27 01:24:18,pagada
2711,1110,3,en_mesa,9.0,2026-02-21 14:36:58,anulada
2712,658,2,en_mesa,7.0,2025-08-29 17:36:31,pagada
2713,1238,2,para_llevar,,2025-09-09 01:09:49,pagada
2714,340,2,domicilio,,2025-12-27 04:45:28,pagada
2715,1292,5,para_llevar,,2025-09-09 04:26:30,pagada
2716,565,1,para_llevar,,2025-05-06 08:40:40,pagada
2717,981,2,domicilio,,2025-06-17 06:33:27,cortesia
2718,181,4,en_mesa,5.0,2025-04-30 20:36:26,anulada
2719,556,1,domicilio,,2026-02-03 10:36:44,pagada
2720,421,5,domicilio,,2026-03-17 07:39:59,cortesia
2721,61,4,para_llevar,,2025-09-22 13:58:05,pagada
2722,187,1,domicilio,,2026-01-10 15:12:34,pagada
2723,490,3,para_llevar,,2025-09-05 13:11:18,pagada
2724,795,1,en_mesa,6.0,2026-03-23 20:04:52,pagada
2725,708,1,domicilio,,2026-03-08 23:14:35,pagada
2726,946,5,en_mesa,12.0,2025-12-22 05:09:23,cortesia
2727,153,3,en_mesa,4.0,2025-12-26 20:17:29,cortesia
2728,1432,3,para_llevar,,2025-09-18 09:48:31,pagada
2729,676,3,para_llevar,,2025-06-26 02:01:07,pagada
2730,1392,1,para_llevar,,2026-02-13 19:01:47,pagada
2731,1187,2,domicilio,,2025-08-21 03:08:18,cortesia
2732,755,5,en_mesa,12.0,2026-01-22 11:53:14,anulada
2733,1393,1,para_llevar,,2025-09-30 08:12:22,cortesia
2734,1292,4,para_llevar,,2025-05-28 07:37:00,cortesia
2735,545,5,en_mesa,12.0,2025-08-08 06:42:17,anulada
2736,699,4,para_llevar,,2025-10-22 21:06:55,anulada
2737,603,3,domicilio,,2025-05-12 16:22:56,cortesia
2738,824,3,para_llevar,,2025-11-19 02:01:26,cortesia
2739,16,2,domicilio,,2026-02-26 17:43:14,pagada
2740,759,2,en_mesa,2.0,2025-06-12 10:39:02,pagada
2741,1135,2,en_mesa,15.0,2026-01-16 21:59:39,pagada
2742,864,2,para_llevar,,2025-04-19 19:31:17,cortesia
2743,753,3,para_llevar,,2025-04-04 17:54:38,cortesia
2744,1437,3,domicilio,,2025-09-30 09:58:22,pagada
2745,1256,3,domicilio,,2025-10-13 06:44:00,cortesia
2746,906,5,en_mesa,6.0,2026-01-06 06:24:39,pagada
2747,869,2,domicilio,,2025-07-23 23:49:25,pagada
2748,786,3,en_mesa,5.0,2025-05-07 14:28:41,cortesia
2749,729,3,domicilio,,2025-12-18 01:26:17,anulada
2750,616,2,en_mesa,4.0,2026-03-22 15:19:28,anulada
2751,1334,2,domicilio,,2025-09-21 21:12:29,pagada
2752,134,4,para_llevar,,2026-03-14 18:12:08,anulada
2753,458,3,para_llevar,,2025-10-10 22:06:34,pagada
2754,1421,4,en_mesa,14.0,2025-07-18 23:02:46,pagada
2755,1196,2,para_llevar,,2025-06-26 02:59:15,pagada
2756,613,4,domicilio,,2025-12-08 02:05:07,cortesia
2757,1,5,domicilio,,2026-01-18 10:42:49,pagada
2758,939,1,para_llevar,,2025-05-30 17:29:43,anulada
2759,92,1,para_llevar,,2025-10-09 21:56:34,cortesia
2760,945,4,domicilio,,2025-05-29 22:56:29,pagada
2761,1421,1,para_llevar,,2025-04-22 18:24:32,cortesia
2762,129,3,domicilio,,2025-04-10 01:39:39,pagada
2763,1215,1,para_llevar,,2025-08-16 02:02:34,pagada
2764,1300,1,para_llevar,,2025-07-01 21:56:07,pagada
2765,68,5,en_mesa,10.0,2025-09-07 04:37:03,pagada
2766,1109,4,domicilio,,2025-10-09 18:02:29,anulada
2767,291,4,en_mesa,14.0,2026-03-02 17:04:16,anulada
2768,1234,5,domicilio,,2026-03-01 09:29:00,cortesia
2769,1295,3,para_llevar,,2026-02-21 15:52:35,cortesia
2770,1420,2,domicilio,,2025-07-23 00:42:15,pagada
2771,986,1,domicilio,,2025-04-10 07:45:24,pagada
2772,289,2,domicilio,,2025-07-24 05:36:43,anulada
2773,553,5,en_mesa,3.0,2025-08-02 02:35:57,pagada
2774,756,5,domicilio,,2025-11-25 16:56:51,pagada
2775,445,1,para_llevar,,2025-08-08 05:13:15,cortesia
2776,1206,4,domicilio,,2026-03-05 05:20:52,anulada
2777,1315,4,domicilio,,2025-10-25 03:54:54,anulada
2778,277,1,domicilio,,2025-12-29 08:04:58,pagada
2779,1469,4,domicilio,,2025-07-23 02:09:31,cortesia
2780,293,2,para_llevar,,2025-04-17 09:05:09,pagada
2781,972,1,en_mesa,4.0,2026-03-02 05:01:55,pagada
2782,878,1,en_mesa,15.0,2026-03-06 04:15:49,cortesia
2783,1261,2,para_llevar,,2026-03-05 23:15:51,pagada
2784,1341,2,domicilio,,2025-05-03 00:56:55,pagada
2785,936,1,para_llevar,,2025-07-06 17:37:03,pagada
2786,1161,3,domicilio,,2025-04-13 08:54:45,anulada
2787,46,4,domicilio,,2025-11-19 17:08:38,pagada
2788,347,5,en_mesa,12.0,2025-11-05 11:57:23,anulada
2789,1500,4,para_llevar,,2025-06-11 12:19:38,pagada
2790,417,5,en_mesa,1.0,2025-08-28 09:51:36,pagada
2791,361,2,domicilio,,2025-08-27 10:37:44,cortesia
2792,906,2,domicilio,,2025-04-06 15:15:19,pagada
2793,379,5,en_mesa,13.0,2025-11-06 21:23:53,cortesia
2794,943,2,domicilio,,2025-07-18 06:34:14,pagada
2795,50,4,en_mesa,6.0,2026-01-14 00:36:49,cortesia
2796,790,3,para_llevar,,2025-05-24 23:24:52,pagada
2797,1206,3,domicilio,,2025-06-29 03:44:24,pagada
2798,1424,5,en_mesa,4.0,2025-12-02 05:56:42,pagada
2799,574,4,para_llevar,,2026-01-27 01:58:48,pagada
2800,1418,2,domicilio,,2025-11-03 03:55:12,anulada
2801,439,1,para_llevar,,2025-09-28 17:34:08,anulada
2802,973,5,domicilio,,2025-06-18 04:16:14,pagada
2803,601,4,para_llevar,,2025-08-10 22:56:36,anulada
2804,483,5,en_mesa,15.0,2025-11-11 03:24:58,cortesia
2805,470,3,para_llevar,,2025-08-18 10:55:18,pagada
2806,1274,4,en_mesa,8.0,2025-10-31 22:17:44,pagada
2807,383,5,domicilio,,2025-04-07 19:35:25,anulada
2808,295,1,en_mesa,5.0,2025-03-30 18:55:31,anulada
2809,171,5,para_llevar,,2026-03-06 18:06:42,anulada
2810,1073,5,en_mesa,6.0,2025-10-30 13:45:40,anulada
2811,813,4,en_mesa,9.0,2026-03-13 15:50:03,pagada
2812,1311,5,para_llevar,,2025-05-03 06:11:41,cortesia
2813,872,5,domicilio,,2025-12-20 10:48:47,cortesia
2814,16,4,para_llevar,,2025-12-25 08:33:14,cortesia
2815,593,1,en_mesa,8.0,2026-02-27 20:14:06,pagada
2816,1169,2,en_mesa,15.0,2025-08-23 02:19:35,pagada
2817,1321,5,en_mesa,2.0,2026-01-26 21:17:37,pagada
2818,7,1,domicilio,,2025-03-30 23:25:40,pagada
2819,745,5,domicilio,,2025-05-21 13:07:20,pagada
2820,356,5,en_mesa,7.0,2025-09-21 05:54:31,pagada
2821,468,3,en_mesa,11.0,2025-05-16 04:43:58,anulada
2822,1012,2,en_mesa,1.0,2025-12-12 05:24:39,anulada
2823,1460,4,domicilio,,2026-02-13 02:20:20,anulada
2824,1043,4,para_llevar,,2026-01-24 19:37:40,pagada
2825,1109,5,domicilio,,2025-04-10 02:34:22,pagada
2826,391,3,domicilio,,2025-06-27 15:01:40,pagada
2827,1332,3,en_mesa,3.0,2026-01-11 04:45:55,pagada
2828,600,3,para_llevar,,2026-01-23 13:38:47,pagada
2829,768,1,domicilio,,2026-02-08 17:43:13,cortesia
2830,643,2,domicilio,,2026-03-17 22:18:20,cortesia
2831,759,2,en_mesa,14.0,2025-06-16 04:23:22,anulada
2832,1043,3,domicilio,,2025-08-22 21:42:49,pagada
2833,537,1,domicilio,,2025-05-18 07:03:29,pagada
2834,289,2,en_mesa,6.0,2026-01-10 06:41:12,pagada
2835,509,4,en_mesa,15.0,2025-09-08 15:07:30,pagada
2836,783,3,en_mesa,5.0,2025-06-07 05:22:55,pagada
2837,319,5,en_mesa,10.0,2025-08-28 10:37:38,pagada
2838,183,1,para_llevar,,2025-07-08 08:07:31,pagada
2839,960,5,para_llevar,,2025-10-01 22:45:52,anulada
2840,199,1,en_mesa,5.0,2026-03-10 20:14:06,pagada
2841,54,3,domicilio,,2025-05-23 20:49:37,pagada
2842,1345,1,domicilio,,2025-05-25 10:08:01,pagada
2843,402,3,domicilio,,2026-02-08 14:18:30,pagada
2844,1412,1,en_mesa,8.0,2025-09-29 06:09:49,pagada
2845,988,4,en_mesa,6.0,2025-10-23 05:36:10,pagada
2846,481,3,domicilio,,2025-11-09 11:40:04,pagada
2847,754,3,en_mesa,15.0,2025-05-24 11:11:51,pagada
2848,120,4,en_mesa,8.0,2025-10-23 23:09:05,pagada
2849,1429,1,en_mesa,4.0,2026-01-21 22:11:40,anulada
2850,1389,3,en_mesa,7.0,2025-06-11 08:12:11,pagada
2851,607,1,en_mesa,5.0,2025-06-20 00:56:54,pagada
2852,1218,2,en_mesa,6.0,2026-01-28 18:08:21,pagada
2853,680,3,para_llevar,,2026-03-17 08:57:03,pagada
2854,778,2,domicilio,,2025-06-21 20:49:31,pagada
2855,47,2,para_llevar,,2026-03-11 03:57:53,cortesia
2856,198,2,domicilio,,2025-12-21 09:46:56,anulada
2857,1417,5,en_mesa,12.0,2025-08-31 13:19:43,pagada
2858,627,1,domicilio,,2025-07-15 07:51:25,pagada
2859,1283,1,en_mesa,6.0,2026-01-16 22:45:13,pagada
2860,896,3,en_mesa,7.0,2025-06-29 18:31:32,pagada
2861,903,3,domicilio,,2025-08-22 08:49:32,pagada
2862,791,4,domicilio,,2025-11-25 22:54:34,pagada
2863,85,3,domicilio,,2025-12-31 23:34:36,pagada
2864,384,3,para_llevar,,2026-03-28 20:21:37,pagada
2865,1026,3,domicilio,,2025-12-05 08:13:44,pagada
2866,219,4,en_mesa,4.0,2025-06-07 13:08:20,anulada
2867,950,5,para_llevar,,2025-12-15 14:24:09,pagada
2868,928,1,en_mesa,5.0,2025-09-02 17:58:02,cortesia
2869,160,3,para_llevar,,2025-08-11 19:02:57,anulada
2870,718,4,domicilio,,2025-09-11 03:36:22,cortesia
2871,1355,3,en_mesa,2.0,2025-10-01 11:00:36,pagada
2872,536,2,en_mesa,12.0,2025-05-25 06:19:27,cortesia
2873,562,2,domicilio,,2025-08-30 20:12:34,anulada
2874,1448,3,en_mesa,8.0,2026-01-01 05:22:45,cortesia
2875,1000,5,domicilio,,2025-12-02 06:07:24,anulada
2876,1436,3,en_mesa,12.0,2025-04-30 07:34:48,cortesia
2877,648,5,domicilio,,2025-11-24 19:51:06,pagada
2878,185,4,para_llevar,,2026-01-24 11:17:24,pagada
2879,636,4,domicilio,,2025-06-19 23:47:02,anulada
2880,970,4,domicilio,,2025-04-17 04:16:04,cortesia
2881,1017,3,domicilio,,2025-10-12 01:49:02,anulada
2882,393,3,domicilio,,2025-08-16 09:47:12,pagada
2883,1415,1,para_llevar,,2025-09-26 19:20:41,anulada
2884,730,2,para_llevar,,2026-01-20 10:13:32,cortesia
2885,381,2,para_llevar,,2025-11-26 06:27:48,pagada
2886,1123,3,en_mesa,8.0,2025-04-24 21:30:51,anulada
2887,1049,3,en_mesa,4.0,2026-03-05 23:17:58,pagada
2888,1203,4,domicilio,,2026-02-11 22:53:46,pagada
2889,213,2,para_llevar,,2025-04-11 13:19:12,pagada
2890,1009,4,para_llevar,,2025-10-13 23:25:45,cortesia
2891,356,4,para_llevar,,2026-02-01 19:50:41,anulada
2892,307,1,domicilio,,2025-07-05 06:49:10,anulada
2893,453,2,para_llevar,,2026-03-28 17:10:21,anulada
2894,1070,2,para_llevar,,2025-09-29 15:33:04,cortesia
2895,708,3,para_llevar,,2025-09-30 08:55:48,pagada
2896,1216,2,para_llevar,,2025-07-17 04:31:32,pagada
2897,330,5,domicilio,,2025-07-18 21:02:47,pagada
2898,940,1,en_mesa,3.0,2025-05-13 05:08:58,anulada
2899,308,5,domicilio,,2026-03-18 19:39:22,pagada
2900,1321,5,para_llevar,,2026-01-08 17:31:57,anulada
2901,1324,5,domicilio,,2025-05-09 08:58:04,pagada
2902,958,1,en_mesa,9.0,2026-01-03 00:22:23,anulada
2903,623,1,en_mesa,14.0,2025-12-23 04:29:33,pagada
2904,451,5,para_llevar,,2026-03-11 14:16:49,pagada
2905,1004,4,en_mesa,7.0,2025-11-14 01:51:01,pagada
2906,378,4,en_mesa,5.0,2026-03-19 02:05:38,pagada
2907,666,5,domicilio,,2025-05-02 11:17:48,cortesia
2908,1283,3,para_llevar,,2026-02-04 14:28:18,pagada
2909,695,4,en_mesa,9.0,2025-05-12 12:18:55,cortesia
2910,169,4,para_llevar,,2025-09-29 23:28:19,cortesia
2911,310,2,domicilio,,2025-07-23 13:39:03,pagada
2912,907,4,para_llevar,,2025-10-15 18:47:58,pagada
2913,57,4,en_mesa,14.0,2025-07-28 12:22:40,pagada
2914,1441,2,para_llevar,,2026-01-25 11:37:47,pagada
2915,377,3,para_llevar,,2025-12-27 11:04:24,pagada
2916,1244,1,en_mesa,3.0,2026-02-15 10:42:13,anulada
2917,701,1,en_mesa,6.0,2025-10-19 18:39:36,cortesia
2918,599,5,en_mesa,4.0,2025-09-09 15:14:55,anulada
2919,856,3,para_llevar,,2025-06-17 09:13:46,pagada
2920,1009,5,para_llevar,,2025-10-10 17:46:25,anulada
2921,1312,3,para_llevar,,2025-10-17 02:42:23,pagada
2922,846,3,para_llevar,,2025-06-10 05:30:33,pagada
2923,928,1,en_mesa,3.0,2025-09-14 22:40:13,cortesia
2924,390,1,domicilio,,2025-12-26 06:17:20,anulada
2925,575,3,para_llevar,,2025-04-24 10:55:51,pagada
2926,1344,5,domicilio,,2025-09-19 11:15:18,cortesia
2927,435,2,en_mesa,3.0,2025-03-31 19:55:37,cortesia
2928,710,4,para_llevar,,2025-06-11 17:07:51,pagada
2929,714,2,domicilio,,2026-01-15 11:48:09,pagada
2930,96,2,para_llevar,,2026-01-01 06:28:06,pagada
2931,591,2,domicilio,,2025-11-13 12:10:37,pagada
2932,523,4,para_llevar,,2025-10-27 04:23:41,pagada
2933,960,3,domicilio,,2025-04-11 04:36:47,cortesia
2934,678,1,en_mesa,1.0,2025-09-20 15:53:28,cortesia
2935,244,5,en_mesa,14.0,2025-04-15 13:09:43,pagada
2936,1408,1,en_mesa,7.0,2026-01-03 12:33:00,pagada
2937,1042,3,domicilio,,2025-08-03 08:45:23,pagada
2938,968,2,para_llevar,,2025-05-14 00:04:43,anulada
2939,1113,2,domicilio,,2025-08-11 11:24:26,cortesia
2940,135,1,en_mesa,6.0,2025-10-05 10:29:23,cortesia
2941,1233,1,para_llevar,,2025-04-03 23:14:57,pagada
2942,1212,2,domicilio,,2025-07-05 00:27:30,pagada
2943,590,2,para_llevar,,2025-12-27 19:03:37,pagada
2944,59,2,domicilio,,2026-03-06 17:44:47,pagada
2945,894,3,domicilio,,2025-06-03 12:04:22,pagada
2946,918,3,en_mesa,1.0,2025-11-12 16:20:20,pagada
2947,879,1,domicilio,,2025-08-03 21:15:19,pagada
2948,610,4,para_llevar,,2025-06-24 01:46:26,pagada
2949,372,1,en_mesa,1.0,2025-04-05 15:02:55,anulada
2950,185,3,domicilio,,2025-05-30 01:24:13,cortesia
2951,110,2,domicilio,,2025-08-05 17:42:33,pagada
2952,930,5,en_mesa,9.0,2025-12-31 20:01:51,pagada
2953,255,2,para_llevar,,2025-08-24 03:57:12,pagada
2954,317,2,para_llevar,,2025-12-01 04:11:16,anulada
2955,498,2,en_mesa,9.0,2026-02-24 20:18:57,cortesia
2956,514,5,para_llevar,,2025-07-24 19:31:18,anulada
2957,1261,2,domicilio,,2025-04-04 05:27:32,pagada
2958,661,4,domicilio,,2026-03-12 01:39:10,anulada
2959,390,3,para_llevar,,2026-03-11 19:31:29,cortesia
2960,710,2,en_mesa,13.0,2026-03-28 17:32:17,pagada
2961,348,4,para_llevar,,2025-08-19 04:19:04,anulada
2962,1262,5,para_llevar,,2025-11-30 11:51:12,cortesia
2963,85,5,en_mesa,11.0,2025-10-26 14:54:56,cortesia
2964,94,5,domicilio,,2025-05-30 16:15:37,pagada
2965,258,5,domicilio,,2025-10-27 03:19:50,pagada
2966,807,4,domicilio,,2025-03-31 13:23:36,pagada
2967,380,4,para_llevar,,2026-02-12 03:46:46,cortesia
2968,1033,3,domicilio,,2025-07-31 15:14:46,pagada
2969,360,1,para_llevar,,2025-06-12 00:36:58,anulada
2970,138,1,domicilio,,2025-09-26 02:19:12,pagada
2971,85,1,en_mesa,6.0,2025-07-28 16:43:56,anulada
2972,1469,2,en_mesa,3.0,2025-08-13 18:19:56,pagada
2973,468,2,en_mesa,8.0,2025-08-05 12:58:22,pagada
2974,186,1,domicilio,,2025-10-26 07:29:08,pagada
2975,573,3,para_llevar,,2025-11-12 16:14:31,pagada
2976,1059,2,domicilio,,2025-04-10 10:23:31,anulada
2977,1300,2,domicilio,,2025-05-17 17:55:45,anulada
2978,492,5,para_llevar,,2025-10-18 03:45:15,pagada
2979,107,2,para_llevar,,2025-06-11 10:48:33,pagada
2980,380,1,en_mesa,4.0,2025-04-11 12:11:10,cortesia
2981,1435,2,en_mesa,9.0,2025-07-19 23:00:48,pagada
2982,963,4,domicilio,,2026-03-26 16:36:16,pagada
2983,1103,5,para_llevar,,2025-09-25 02:25:32,cortesia
2984,1235,1,para_llevar,,2025-10-22 20:08:25,pagada
2985,590,4,en_mesa,6.0,2026-02-17 22:15:57,cortesia
2986,798,2,en_mesa,4.0,2026-02-07 18:32:00,anulada
2987,1064,3,en_mesa,1.0,2025-07-21 02:45:20,pagada
2988,435,1,en_mesa,7.0,2025-10-05 18:26:16,anulada
2989,8,3,domicilio,,2025-06-02 23:54:37,pagada
2990,1229,3,para_llevar,,2025-07-25 06:01:56,pagada
2991,771,5,en_mesa,1.0,2025-06-29 10:44:06,cortesia
2992,719,4,en_mesa,7.0,2025-12-19 23:08:35,pagada
2993,1245,5,domicilio,,2026-02-12 03:11:58,anulada
2994,1140,5,domicilio,,2026-03-14 01:38:34,anulada
2995,987,2,en_mesa,3.0,2025-10-25 18:48:58,pagada
2996,1063,3,domicilio,,2025-06-16 10:25:05,cortesia
2997,1438,5,para_llevar,,2025-07-05 07:19:53,anulada
2998,567,2,para_llevar,,2025-06-04 06:49:34,pagada
2999,1092,4,domicilio,,2025-12-10 17:14:06,anulada
3000,432,3,para_llevar,,2025-11-12 17:19:09,pagada
3001,525,1,domicilio,,2025-11-20 04:28:27,pagada
3002,221,1,en_mesa,5.0,2026-01-07 23:21:24,pagada
3003,370,4,en_mesa,5.0,2025-04-15 23:18:53,pagada
3004,486,3,para_llevar,,2025-04-01 04:46:40,anulada
3005,1070,1,para_llevar,,2025-05-22 21:09:52,pagada
3006,1228,5,para_llevar,,2025-06-18 00:20:06,anulada
3007,1455,1,domicilio,,2025-06-10 19:38:45,anulada
3008,376,1,domicilio,,2026-01-01 19:19:26,pagada
3009,70,2,en_mesa,5.0,2026-02-07 14:07:43,cortesia
3010,189,2,domicilio,,2025-10-08 23:55:58,pagada
3011,1317,1,en_mesa,14.0,2025-07-01 00:30:15,anulada
3012,254,4,en_mesa,2.0,2026-03-03 18:23:52,cortesia
3013,1337,4,domicilio,,2025-04-21 21:29:22,anulada
3014,693,3,domicilio,,2025-11-14 03:51:53,pagada
3015,537,1,domicilio,,2025-10-11 04:15:20,pagada
3016,1417,5,para_llevar,,2025-12-20 16:01:27,pagada
3017,1366,4,domicilio,,2026-03-18 21:37:52,anulada
3018,966,4,domicilio,,2025-09-12 06:48:00,anulada
3019,147,2,en_mesa,7.0,2026-01-10 01:17:16,anulada
3020,315,4,en_mesa,7.0,2025-12-23 08:45:29,pagada
3021,886,3,para_llevar,,2025-07-28 09:48:05,anulada
3022,947,4,en_mesa,14.0,2025-09-08 15:05:32,pagada
3023,1389,5,para_llevar,,2025-05-15 16:20:12,pagada
3024,1496,4,domicilio,,2025-06-25 07:43:36,cortesia
3025,1012,5,domicilio,,2025-06-14 18:40:21,pagada
3026,214,4,para_llevar,,2025-10-16 15:33:52,pagada
3027,178,2,en_mesa,14.0,2025-08-28 04:13:17,anulada
3028,1177,4,domicilio,,2025-12-16 11:22:23,pagada
3029,1167,2,para_llevar,,2026-02-26 17:44:38,anulada
3030,1304,1,en_mesa,4.0,2025-06-13 10:50:10,pagada
3031,1030,2,para_llevar,,2026-03-27 13:04:16,cortesia
3032,468,2,para_llevar,,2025-06-03 06:32:59,pagada
3033,979,1,en_mesa,12.0,2025-09-16 23:50:16,pagada
3034,1210,5,domicilio,,2025-08-17 18:24:31,pagada
3035,1377,4,en_mesa,2.0,2026-02-06 15:46:18,pagada
3036,175,3,domicilio,,2026-03-13 10:27:40,pagada
3037,672,1,domicilio,,2025-08-03 11:07:33,pagada
3038,424,4,para_llevar,,2025-10-05 06:10:31,anulada
3039,1076,5,para_llevar,,2025-09-14 13:22:15,cortesia
3040,425,3,para_llevar,,2025-08-01 16:38:11,pagada
3041,1461,3,en_mesa,3.0,2025-04-12 05:41:17,pagada
3042,1112,4,domicilio,,2025-08-12 21:06:06,pagada
3043,697,5,en_mesa,10.0,2025-10-24 20:37:18,pagada
3044,846,2,en_mesa,9.0,2025-11-26 04:58:56,pagada
3045,186,3,en_mesa,8.0,2025-08-22 01:43:37,pagada
3046,367,1,para_llevar,,2025-06-03 10:27:02,pagada
3047,111,3,para_llevar,,2026-03-04 22:38:19,pagada
3048,1089,2,en_mesa,7.0,2026-01-03 08:14:09,cortesia
3049,762,4,domicilio,,2025-05-19 06:55:46,cortesia
3050,413,3,en_mesa,14.0,2025-06-07 09:37:42,pagada
3051,677,1,en_mesa,12.0,2025-10-11 08:02:26,pagada
3052,984,1,en_mesa,4.0,2025-10-13 05:10:01,anulada
3053,1230,2,en_mesa,3.0,2025-11-21 17:44:02,anulada
3054,1358,2,para_llevar,,2025-09-07 18:38:07,anulada
3055,1037,3,en_mesa,8.0,2025-04-17 16:18:27,anulada
3056,569,1,para_llevar,,2025-12-21 07:39:55,cortesia
3057,440,1,domicilio,,2025-09-11 05:59:29,pagada
3058,1209,5,domicilio,,2026-01-02 20:27:22,pagada
3059,1338,5,para_llevar,,2025-08-27 07:42:45,anulada
3060,880,5,para_llevar,,2025-08-28 06:12:00,cortesia
3061,501,4,para_llevar,,2025-09-12 20:22:33,anulada
3062,699,5,domicilio,,2025-12-19 22:07:49,cortesia
3063,351,4,para_llevar,,2025-04-05 03:06:14,cortesia
3064,172,3,para_llevar,,2026-03-16 00:02:55,pagada
3065,643,5,para_llevar,,2026-02-28 13:29:49,pagada
3066,633,2,en_mesa,9.0,2025-04-22 15:53:13,pagada
3067,631,3,en_mesa,1.0,2025-09-07 03:23:07,cortesia
3068,1062,3,domicilio,,2025-09-14 05:58:47,pagada
3069,1380,1,domicilio,,2026-01-21 10:11:50,pagada
3070,1062,3,en_mesa,6.0,2025-12-05 19:00:38,anulada
3071,952,4,domicilio,,2025-04-26 13:17:55,pagada
3072,484,4,en_mesa,15.0,2025-08-15 17:26:18,pagada
3073,448,2,para_llevar,,2025-07-28 04:29:10,pagada
3074,418,4,domicilio,,2026-03-01 17:37:11,anulada
3075,983,2,para_llevar,,2026-03-21 19:08:58,pagada
3076,1139,5,para_llevar,,2025-04-14 20:47:30,cortesia
3077,479,1,para_llevar,,2025-08-03 12:22:30,pagada
3078,544,2,domicilio,,2025-07-13 01:09:07,pagada
3079,910,2,domicilio,,2026-01-08 06:32:49,pagada
3080,807,2,domicilio,,2025-03-31 16:01:41,cortesia
3081,1298,1,domicilio,,2025-06-02 08:12:01,anulada
3082,238,1,en_mesa,10.0,2025-11-01 11:23:54,anulada
3083,677,1,en_mesa,1.0,2025-05-17 13:15:28,pagada
3084,1069,4,domicilio,,2025-10-24 02:43:35,pagada
3085,314,1,para_llevar,,2025-09-25 05:18:45,anulada
3086,518,3,para_llevar,,2025-04-07 20:33:44,pagada
3087,719,2,en_mesa,5.0,2025-12-15 04:14:20,pagada
3088,1433,5,en_mesa,5.0,2025-06-23 14:10:11,pagada
3089,168,3,domicilio,,2025-04-16 21:56:32,anulada
3090,352,3,domicilio,,2025-08-13 07:05:15,pagada
3091,14,4,en_mesa,7.0,2026-03-06 06:44:46,pagada
3092,1129,5,domicilio,,2025-07-10 00:59:29,anulada
3093,588,2,en_mesa,2.0,2026-03-03 01:00:34,pagada
3094,1131,5,domicilio,,2026-01-10 01:00:22,pagada
3095,1427,2,domicilio,,2025-11-23 13:00:32,pagada
3096,256,5,en_mesa,6.0,2025-07-19 17:04:19,cortesia
3097,1316,1,en_mesa,12.0,2025-11-27 16:37:48,pagada
3098,178,1,en_mesa,13.0,2025-05-17 23:39:48,pagada
3099,14,1,domicilio,,2025-05-09 12:26:01,pagada
3100,970,2,domicilio,,2025-05-29 17:27:02,cortesia
3101,1177,1,para_llevar,,2025-03-31 23:04:59,pagada
3102,1300,4,domicilio,,2025-08-25 08:16:19,pagada
3103,1430,2,domicilio,,2025-07-07 23:37:10,anulada
3104,880,4,en_mesa,14.0,2026-03-06 03:43:41,anulada
3105,1424,1,para_llevar,,2025-10-20 02:53:29,anulada
3106,9,4,en_mesa,8.0,2025-11-28 08:51:29,pagada
3107,1170,1,en_mesa,14.0,2025-10-10 07:17:22,pagada
3108,117,3,domicilio,,2025-11-10 22:01:55,cortesia
3109,1497,1,para_llevar,,2025-09-21 23:56:55,pagada
3110,1067,1,para_llevar,,2025-05-03 06:36:15,anulada
3111,1374,1,en_mesa,3.0,2025-07-18 00:48:37,pagada
3112,1286,1,domicilio,,2025-09-27 01:29:03,pagada
3113,1224,2,para_llevar,,2025-09-02 11:32:58,pagada
3114,860,3,para_llevar,,2025-05-10 09:25:07,pagada
3115,595,3,domicilio,,2025-07-26 21:09:19,pagada
3116,1257,2,para_llevar,,2026-03-10 04:55:10,pagada
3117,215,2,domicilio,,2025-06-14 16:49:12,anulada
3118,858,3,domicilio,,2025-10-14 17:11:58,cortesia
3119,113,5,para_llevar,,2026-03-02 17:16:33,anulada
3120,505,1,en_mesa,13.0,2025-09-14 10:44:11,cortesia
3121,1459,5,en_mesa,8.0,2025-07-25 12:55:16,pagada
3122,1213,4,para_llevar,,2025-06-21 00:41:54,cortesia
3123,101,3,en_mesa,6.0,2026-01-04 04:54:04,anulada
3124,434,3,en_mesa,2.0,2025-09-09 08:04:57,pagada
3125,1046,5,en_mesa,12.0,2025-11-21 07:26:23,anulada
3126,192,5,en_mesa,14.0,2025-05-07 16:38:51,cortesia
3127,176,5,en_mesa,9.0,2026-01-18 10:11:47,pagada
3128,208,5,para_llevar,,2025-11-30 03:20:06,pagada
3129,997,1,domicilio,,2025-08-06 10:51:03,pagada
3130,65,1,en_mesa,10.0,2025-04-13 21:12:52,cortesia
3131,1109,2,en_mesa,12.0,2025-05-03 17:24:07,pagada
3132,401,1,para_llevar,,2025-05-26 18:00:00,cortesia
3133,1262,2,para_llevar,,2025-07-09 07:07:25,pagada
3134,1110,1,domicilio,,2026-03-04 03:46:16,anulada
3135,1035,3,en_mesa,4.0,2025-10-09 07:23:59,pagada
3136,1012,3,en_mesa,13.0,2025-09-21 03:35:37,cortesia
3137,453,4,para_llevar,,2026-03-19 10:38:23,pagada
3138,1113,3,para_llevar,,2026-02-23 01:15:17,pagada
3139,1227,3,para_llevar,,2025-07-08 05:53:30,anulada
3140,178,2,para_llevar,,2025-09-02 10:38:27,cortesia
3141,740,5,domicilio,,2026-02-06 04:17:52,anulada
3142,858,1,para_llevar,,2025-05-04 14:41:48,pagada
3143,641,3,para_llevar,,2025-07-18 17:26:59,pagada
3144,315,5,para_llevar,,2025-07-05 18:09:38,pagada
3145,893,5,en_mesa,10.0,2025-06-24 15:13:05,cortesia
3146,835,3,domicilio,,2025-11-18 05:56:20,cortesia
3147,811,1,domicilio,,2025-08-09 12:13:34,pagada
3148,1343,2,para_llevar,,2025-08-15 16:26:08,pagada
3149,268,2,para_llevar,,2025-09-11 20:54:20,pagada
3150,135,4,en_mesa,10.0,2025-07-21 01:57:00,cortesia
3151,1388,1,en_mesa,5.0,2025-05-28 18:53:48,cortesia
3152,1125,4,domicilio,,2025-10-30 17:01:51,pagada
3153,1261,2,para_llevar,,2025-04-12 01:22:18,anulada
3154,659,3,en_mesa,1.0,2025-05-22 20:57:02,pagada
3155,35,3,en_mesa,6.0,2025-11-15 14:42:45,pagada
3156,184,2,para_llevar,,2025-11-08 04:04:24,anulada
3157,1272,3,domicilio,,2025-12-11 11:25:31,pagada
3158,288,1,domicilio,,2026-02-16 00:20:48,anulada
3159,264,5,para_llevar,,2026-03-06 12:34:33,pagada
3160,215,4,para_llevar,,2026-03-09 06:40:20,pagada
3161,419,3,domicilio,,2025-04-03 18:32:20,pagada
3162,1410,5,en_mesa,5.0,2025-04-23 21:06:07,pagada
3163,613,5,en_mesa,14.0,2025-12-26 09:25:23,cortesia
3164,960,4,en_mesa,3.0,2025-08-03 18:03:45,pagada
3165,1481,4,para_llevar,,2026-01-01 03:33:00,cortesia
3166,1092,1,en_mesa,11.0,2025-11-20 18:24:43,pagada
3167,1180,3,domicilio,,2025-06-15 15:46:28,pagada
3168,1182,5,para_llevar,,2025-06-08 12:43:17,pagada
3169,395,5,en_mesa,5.0,2025-04-08 03:00:40,anulada
3170,1259,5,para_llevar,,2025-08-17 23:21:52,cortesia
3171,568,4,para_llevar,,2026-01-24 00:19:59,pagada
3172,700,5,domicilio,,2026-02-24 07:40:32,anulada
3173,289,5,en_mesa,4.0,2026-03-24 10:48:48,pagada
3174,1392,1,para_llevar,,2025-07-18 03:44:05,anulada
3175,1124,2,domicilio,,2025-09-23 12:41:45,pagada
3176,975,3,domicilio,,2026-03-20 20:50:36,cortesia
3177,984,5,para_llevar,,2025-06-24 19:23:26,pagada
3178,1371,4,para_llevar,,2025-08-28 16:54:06,pagada
3179,1071,5,en_mesa,3.0,2025-12-03 18:25:37,cortesia
3180,1420,1,domicilio,,2025-04-15 08:58:58,pagada
3181,1110,3,en_mesa,3.0,2025-06-08 21:55:48,pagada
3182,1127,4,para_llevar,,2025-09-15 18:06:42,pagada
3183,699,5,en_mesa,10.0,2026-02-19 00:16:28,cortesia
3184,1112,1,domicilio,,2025-05-30 09:27:44,pagada
3185,600,3,para_llevar,,2025-07-08 07:02:57,pagada
3186,126,1,domicilio,,2026-02-20 00:43:27,anulada
3187,20,5,para_llevar,,2025-06-12 04:34:00,cortesia
3188,789,1,domicilio,,2025-08-21 22:22:29,anulada
3189,301,3,en_mesa,2.0,2025-05-04 14:35:07,cortesia
3190,486,2,en_mesa,10.0,2026-01-30 08:12:46,pagada
3191,602,1,para_llevar,,2026-02-09 12:52:28,pagada
3192,1305,3,domicilio,,2025-10-30 04:34:10,anulada
3193,185,1,domicilio,,2025-12-28 08:04:02,pagada
3194,818,1,en_mesa,1.0,2025-11-07 08:15:27,pagada
3195,352,5,para_llevar,,2025-04-18 03:02:57,cortesia
3196,803,1,para_llevar,,2025-04-24 21:47:17,anulada
3197,136,4,para_llevar,,2025-08-18 06:50:00,cortesia
3198,1111,3,domicilio,,2025-08-11 15:08:43,pagada
3199,1135,2,domicilio,,2025-06-10 05:22:17,pagada
3200,650,2,para_llevar,,2025-04-10 20:18:42,pagada
3201,839,5,para_llevar,,2025-12-01 11:07:52,cortesia
3202,970,1,domicilio,,2025-11-17 08:42:34,pagada
3203,1350,2,para_llevar,,2025-06-09 14:47:48,pagada
3204,462,4,para_llevar,,2025-11-12 08:37:22,cortesia
3205,238,2,para_llevar,,2025-04-03 07:35:15,anulada
3206,877,1,para_llevar,,2025-05-03 08:35:59,pagada
3207,997,1,domicilio,,2025-04-08 00:55:15,pagada
3208,222,4,en_mesa,6.0,2025-08-16 17:52:04,pagada
3209,971,4,en_mesa,4.0,2026-01-06 15:32:37,anulada
3210,191,1,domicilio,,2026-03-16 14:50:38,pagada
3211,1076,5,domicilio,,2026-03-29 12:18:23,cortesia
3212,1289,2,domicilio,,2025-04-30 04:57:51,anulada
3213,1008,4,domicilio,,2025-09-12 06:30:32,cortesia
3214,1243,4,domicilio,,2025-07-13 20:55:55,pagada
3215,1184,4,para_llevar,,2026-01-30 22:28:26,pagada
3216,406,3,domicilio,,2025-08-25 14:53:59,cortesia
3217,1096,4,para_llevar,,2026-02-17 18:27:17,pagada
3218,710,1,domicilio,,2025-06-06 00:11:28,pagada
3219,941,3,para_llevar,,2026-02-24 19:25:48,pagada
3220,951,2,para_llevar,,2026-01-24 23:23:31,pagada
3221,698,2,en_mesa,10.0,2025-05-27 17:18:12,pagada
3222,627,4,domicilio,,2025-07-15 13:54:28,anulada
3223,1086,2,para_llevar,,2025-08-25 10:05:26,anulada
3224,621,3,para_llevar,,2025-08-30 20:22:31,pagada
3225,1336,4,para_llevar,,2026-01-03 04:44:34,pagada
3226,301,4,para_llevar,,2025-05-28 12:15:54,pagada
3227,468,3,para_llevar,,2026-03-16 15:04:39,pagada
3228,1139,1,para_llevar,,2025-05-10 01:07:49,pagada
3229,792,4,domicilio,,2025-11-10 06:15:39,pagada
3230,818,4,domicilio,,2025-09-26 14:07:09,pagada
3231,1189,1,en_mesa,1.0,2025-04-19 16:51:35,pagada
3232,364,3,en_mesa,5.0,2025-11-10 09:51:09,cortesia
3233,549,5,domicilio,,2025-09-29 16:10:28,pagada
3234,133,4,domicilio,,2025-10-25 13:18:30,pagada
3235,723,2,para_llevar,,2025-05-04 01:36:41,anulada
3236,445,2,en_mesa,2.0,2025-12-04 09:52:47,pagada
3237,236,2,para_llevar,,2025-07-14 23:17:45,anulada
3238,1311,4,domicilio,,2025-09-02 04:43:58,pagada
3239,1137,2,para_llevar,,2025-12-22 04:17:00,cortesia
3240,1057,1,en_mesa,11.0,2025-12-02 07:04:25,anulada
3241,307,4,en_mesa,15.0,2025-11-19 07:33:20,pagada
3242,246,4,en_mesa,11.0,2026-03-26 16:33:02,anulada
3243,1238,2,en_mesa,10.0,2025-11-19 12:05:28,pagada
3244,295,3,en_mesa,12.0,2025-06-19 03:53:22,pagada
3245,709,2,para_llevar,,2026-02-04 15:55:14,pagada
3246,1483,1,para_llevar,,2026-01-06 06:18:59,cortesia
3247,240,4,en_mesa,15.0,2025-05-15 05:04:36,cortesia
3248,277,3,para_llevar,,2026-02-24 18:07:48,pagada
3249,1022,4,para_llevar,,2025-04-26 12:24:04,anulada
3250,438,2,en_mesa,11.0,2025-05-12 22:14:02,pagada
3251,1031,4,para_llevar,,2026-02-10 05:47:09,anulada
3252,342,5,domicilio,,2026-02-11 11:48:40,anulada
3253,168,1,domicilio,,2025-05-29 02:58:34,cortesia
3254,484,3,en_mesa,13.0,2025-04-21 06:45:17,pagada
3255,1033,5,para_llevar,,2025-09-11 21:19:08,pagada
3256,438,2,en_mesa,15.0,2025-06-02 13:03:29,anulada
3257,1233,2,domicilio,,2026-01-14 18:00:12,pagada
3258,1073,2,en_mesa,6.0,2025-09-20 12:15:19,anulada
3259,566,2,en_mesa,12.0,2025-09-04 06:33:33,anulada
3260,647,1,en_mesa,9.0,2025-06-16 19:17:43,pagada
3261,285,5,en_mesa,7.0,2025-07-21 06:41:30,pagada
3262,87,1,domicilio,,2025-10-31 20:24:01,pagada
3263,737,5,en_mesa,4.0,2025-12-17 11:44:33,anulada
3264,1353,2,en_mesa,3.0,2025-12-27 04:35:50,pagada
3265,1041,2,domicilio,,2025-10-25 05:30:55,anulada
3266,1182,1,en_mesa,4.0,2026-02-17 17:41:41,pagada
3267,319,5,para_llevar,,2025-11-29 19:20:34,anulada
3268,942,2,domicilio,,2025-11-06 21:01:11,cortesia
3269,220,2,para_llevar,,2025-09-25 23:29:08,pagada
3270,655,4,para_llevar,,2025-10-05 00:35:49,cortesia
3271,744,5,en_mesa,7.0,2025-04-29 07:05:01,anulada
3272,1205,2,domicilio,,2026-03-20 05:20:31,pagada
3273,1308,4,domicilio,,2025-05-10 01:56:16,pagada
3274,798,5,en_mesa,14.0,2025-09-14 17:01:32,cortesia
3275,606,3,domicilio,,2025-08-14 10:24:13,cortesia
3276,1218,2,en_mesa,4.0,2025-07-17 18:19:46,pagada
3277,170,4,domicilio,,2025-04-19 07:01:01,cortesia
3278,737,4,para_llevar,,2025-11-24 23:06:25,pagada
3279,1287,3,en_mesa,10.0,2026-02-18 05:35:26,pagada
3280,9,3,domicilio,,2026-02-09 16:15:34,anulada
3281,865,2,para_llevar,,2025-09-19 22:58:11,pagada
3282,744,4,domicilio,,2025-06-22 19:47:16,anulada
3283,1495,2,domicilio,,2025-07-14 21:40:26,cortesia
3284,568,2,en_mesa,8.0,2025-07-28 02:26:53,pagada
3285,1262,4,en_mesa,4.0,2025-07-31 22:14:09,pagada
3286,1192,4,para_llevar,,2025-10-21 03:49:49,pagada
3287,297,5,en_mesa,6.0,2026-02-01 05:12:35,anulada
3288,587,3,domicilio,,2025-12-02 22:58:52,pagada
3289,271,3,en_mesa,2.0,2026-01-16 16:35:37,anulada
3290,684,4,para_llevar,,2025-05-07 09:40:44,pagada
3291,186,4,domicilio,,2025-12-08 16:04:11,anulada
3292,1336,1,para_llevar,,2026-02-16 07:01:24,pagada
3293,784,2,domicilio,,2026-02-16 09:09:17,pagada
3294,721,4,para_llevar,,2025-04-17 11:07:53,pagada
3295,1033,3,domicilio,,2025-08-10 13:14:25,pagada
3296,687,3,para_llevar,,2025-05-21 02:24:16,anulada
3297,1069,5,domicilio,,2025-12-05 23:39:55,cortesia
3298,863,2,domicilio,,2025-10-23 03:08:57,pagada
3299,550,1,en_mesa,11.0,2025-12-05 21:25:47,pagada
3300,430,5,para_llevar,,2026-01-29 19:59:01,anulada
3301,1142,5,para_llevar,,2025-05-24 01:47:23,pagada
3302,1223,1,domicilio,,2025-06-07 19:31:22,anulada
3303,139,4,para_llevar,,2026-01-03 17:06:22,pagada
3304,815,1,domicilio,,2025-12-14 16:45:52,anulada
3305,707,1,en_mesa,15.0,2025-11-19 06:42:03,anulada
3306,97,3,domicilio,,2025-12-12 11:36:19,anulada
3307,989,3,domicilio,,2025-06-03 15:34:15,pagada
3308,389,3,en_mesa,15.0,2025-10-23 02:42:41,pagada
3309,710,1,en_mesa,9.0,2025-07-03 12:42:18,anulada
3310,1393,3,en_mesa,9.0,2025-12-25 13:38:12,anulada
3311,899,2,en_mesa,8.0,2025-08-28 05:12:13,anulada
3312,1079,3,para_llevar,,2025-05-31 15:37:47,pagada
3313,715,4,domicilio,,2025-04-06 00:14:52,cortesia
3314,1018,1,en_mesa,10.0,2025-06-05 23:30:27,cortesia
3315,1069,3,en_mesa,4.0,2025-04-17 20:10:51,cortesia
3316,1497,2,en_mesa,11.0,2025-03-31 14:56:50,pagada
3317,1475,4,en_mesa,10.0,2026-02-01 15:13:35,anulada
3318,922,5,domicilio,,2025-05-24 21:36:53,cortesia
3319,600,5,para_llevar,,2025-10-04 20:20:08,pagada
3320,1182,4,para_llevar,,2025-08-20 02:56:05,pagada
3321,1204,3,en_mesa,7.0,2025-05-11 18:33:53,anulada
3322,414,4,en_mesa,9.0,2025-10-26 08:44:08,pagada
3323,772,4,en_mesa,1.0,2025-11-09 19:31:55,pagada
3324,1282,2,domicilio,,2026-01-18 16:39:24,pagada
3325,927,2,para_llevar,,2025-05-02 00:15:46,pagada
3326,1071,4,domicilio,,2026-02-04 17:42:40,cortesia
3327,1253,3,para_llevar,,2025-07-25 10:49:59,pagada
3328,923,5,domicilio,,2025-09-29 15:40:38,cortesia
3329,1402,1,domicilio,,2025-09-02 16:44:58,anulada
3330,22,1,para_llevar,,2026-01-23 13:46:47,pagada
3331,1051,5,en_mesa,1.0,2026-01-08 23:08:29,anulada
3332,1283,3,domicilio,,2026-02-27 01:46:26,pagada
3333,1055,4,para_llevar,,2026-01-24 01:38:14,pagada
3334,1367,4,para_llevar,,2025-10-22 16:16:11,cortesia
3335,185,4,para_llevar,,2025-07-20 22:59:34,cortesia
3336,893,1,domicilio,,2025-12-28 13:27:17,pagada
3337,1189,3,domicilio,,2025-05-28 06:36:20,pagada
3338,667,3,para_llevar,,2025-11-21 23:06:09,pagada
3339,773,4,en_mesa,3.0,2025-11-21 18:16:21,pagada
3340,534,1,en_mesa,7.0,2025-08-07 05:41:23,pagada
3341,170,5,domicilio,,2025-10-21 10:34:29,pagada
3342,1093,5,para_llevar,,2025-04-27 13:24:41,pagada
3343,752,3,domicilio,,2025-10-17 12:55:30,pagada
3344,210,2,domicilio,,2025-07-14 05:12:21,pagada
3345,606,4,en_mesa,11.0,2026-02-20 08:43:03,cortesia
3346,925,5,para_llevar,,2025-06-15 16:04:13,cortesia
3347,945,5,en_mesa,14.0,2026-01-19 23:01:01,cortesia
3348,13,4,domicilio,,2025-10-09 11:48:32,anulada
3349,633,5,domicilio,,2025-11-16 13:33:30,pagada
3350,22,4,en_mesa,13.0,2025-07-19 18:30:01,cortesia
3351,443,1,para_llevar,,2025-06-20 09:55:41,cortesia
3352,1090,3,domicilio,,2026-02-14 14:01:19,cortesia
3353,211,3,domicilio,,2025-10-08 06:59:26,pagada
3354,1176,5,en_mesa,12.0,2026-02-19 19:05:59,pagada
3355,1029,5,domicilio,,2025-11-01 13:41:42,pagada
3356,546,4,para_llevar,,2025-10-22 17:11:46,pagada
3357,1119,3,domicilio,,2025-12-26 16:28:59,anulada
3358,698,1,para_llevar,,2025-05-21 20:42:15,pagada
3359,668,2,domicilio,,2025-09-19 22:25:05,cortesia
3360,31,1,domicilio,,2025-08-08 23:50:46,pagada
3361,1223,3,en_mesa,8.0,2026-01-24 15:38:28,cortesia
3362,382,2,en_mesa,5.0,2025-08-27 12:17:24,pagada
3363,158,3,para_llevar,,2025-12-26 06:58:19,pagada
3364,236,1,para_llevar,,2026-03-20 15:18:54,pagada
3365,1072,5,en_mesa,1.0,2025-06-22 02:21:46,pagada
3366,100,4,domicilio,,2025-03-31 10:20:23,cortesia
3367,743,1,en_mesa,12.0,2025-11-29 16:19:45,cortesia
3368,736,4,domicilio,,2025-08-30 11:03:30,pagada
3369,1252,1,en_mesa,2.0,2025-09-04 04:36:59,pagada
3370,764,1,en_mesa,13.0,2026-03-22 12:18:19,cortesia
3371,186,1,domicilio,,2025-10-30 05:56:39,anulada
3372,965,2,para_llevar,,2026-01-04 12:34:46,pagada
3373,1406,1,en_mesa,13.0,2025-04-08 03:09:27,pagada
3374,462,3,domicilio,,2026-03-20 17:22:16,anulada
3375,413,3,para_llevar,,2025-08-20 15:53:36,pagada
3376,1184,2,domicilio,,2026-02-15 11:23:41,pagada
3377,922,1,domicilio,,2025-07-14 15:02:01,pagada
3378,900,4,para_llevar,,2025-04-29 04:19:12,pagada
3379,202,5,domicilio,,2025-08-23 08:20:59,pagada
3380,285,3,domicilio,,2025-05-02 00:36:39,anulada
3381,1290,3,para_llevar,,2025-06-24 21:34:31,anulada
3382,931,4,en_mesa,7.0,2026-01-04 09:58:32,anulada
3383,876,2,en_mesa,12.0,2025-08-28 14:17:58,pagada
3384,175,4,en_mesa,14.0,2026-01-06 03:29:46,pagada
3385,794,3,para_llevar,,2025-07-22 11:57:43,pagada
3386,718,4,domicilio,,2025-09-01 02:01:00,pagada
3387,200,4,para_llevar,,2025-06-05 03:38:44,pagada
3388,421,3,para_llevar,,2025-05-14 20:24:22,anulada
3389,420,1,para_llevar,,2025-09-07 04:21:20,pagada
3390,1336,1,domicilio,,2026-01-26 17:21:02,pagada
3391,761,2,domicilio,,2025-08-04 15:43:48,cortesia
3392,1498,2,domicilio,,2025-11-01 18:58:03,pagada
3393,385,1,en_mesa,12.0,2025-10-07 04:17:36,pagada
3394,1382,3,en_mesa,10.0,2025-09-14 08:16:02,pagada
3395,1461,3,en_mesa,6.0,2025-06-04 07:35:11,pagada
3396,941,1,en_mesa,6.0,2025-08-04 15:46:47,anulada
3397,584,5,en_mesa,6.0,2025-04-29 22:12:03,anulada
3398,1259,1,para_llevar,,2025-08-16 00:22:44,anulada
3399,110,2,para_llevar,,2025-10-22 15:30:09,pagada
3400,1184,5,domicilio,,2025-07-29 23:01:52,pagada
3401,244,2,en_mesa,11.0,2025-09-04 06:24:10,pagada
3402,27,3,para_llevar,,2025-11-16 20:12:55,anulada
3403,1032,2,domicilio,,2025-07-29 19:21:39,pagada
3404,46,5,para_llevar,,2025-12-28 16:46:46,cortesia
3405,1291,2,para_llevar,,2026-01-22 07:11:28,pagada
3406,1045,5,domicilio,,2025-11-21 18:10:33,pagada
3407,1400,5,para_llevar,,2025-11-07 20:07:51,pagada
3408,1271,1,para_llevar,,2025-11-26 00:49:10,pagada
3409,120,4,para_llevar,,2026-02-17 02:17:29,cortesia
3410,1180,4,en_mesa,5.0,2025-08-08 21:54:26,pagada
3411,235,5,domicilio,,2025-09-22 21:25:16,pagada
3412,902,4,en_mesa,11.0,2025-06-08 18:01:24,cortesia
3413,1386,3,domicilio,,2025-09-01 17:23:46,cortesia
3414,1460,3,en_mesa,14.0,2026-03-17 00:18:36,pagada
3415,1197,3,en_mesa,2.0,2025-06-22 01:34:40,pagada
3416,996,4,domicilio,,2025-09-27 16:41:20,pagada
3417,1197,1,para_llevar,,2025-04-10 17:30:11,pagada
3418,340,2,domicilio,,2026-03-23 02:02:34,cortesia
3419,1312,1,domicilio,,2025-08-18 13:25:37,anulada
3420,468,4,domicilio,,2026-02-06 17:25:28,cortesia
3421,378,2,en_mesa,12.0,2026-01-07 13:49:19,pagada
3422,1319,2,para_llevar,,2026-02-19 18:50:36,pagada
3423,1005,1,en_mesa,4.0,2025-04-03 21:16:41,cortesia
3424,582,3,domicilio,,2025-06-03 05:04:36,anulada
3425,747,5,en_mesa,5.0,2025-09-26 14:05:08,anulada
3426,493,3,domicilio,,2025-10-20 13:28:16,pagada
3427,1249,3,en_mesa,3.0,2026-02-03 19:14:06,pagada
3428,460,2,en_mesa,7.0,2025-11-08 08:42:07,pagada
3429,1139,1,para_llevar,,2025-08-25 23:16:34,cortesia
3430,1105,1,para_llevar,,2026-02-03 17:38:52,pagada
3431,391,1,en_mesa,6.0,2025-08-04 14:18:32,pagada
3432,432,5,para_llevar,,2026-03-23 11:21:44,pagada
3433,123,2,domicilio,,2025-10-31 12:05:13,cortesia
3434,176,1,en_mesa,1.0,2025-05-18 03:59:52,cortesia
3435,970,3,domicilio,,2025-12-07 23:19:16,anulada
3436,618,5,para_llevar,,2026-02-25 16:52:33,anulada
3437,887,3,en_mesa,2.0,2025-07-14 23:56:34,pagada
3438,1415,2,para_llevar,,2025-12-31 11:04:12,cortesia
3439,951,4,en_mesa,6.0,2025-12-25 06:40:47,anulada
3440,1043,3,en_mesa,14.0,2025-11-25 05:59:33,anulada
3441,69,4,en_mesa,8.0,2025-09-21 17:30:09,pagada
3442,656,4,en_mesa,8.0,2025-12-27 12:23:23,pagada
3443,1053,3,en_mesa,14.0,2026-03-04 09:54:55,pagada
3444,60,1,para_llevar,,2025-12-11 16:09:18,pagada
3445,912,4,para_llevar,,2025-12-10 21:45:18,pagada
3446,350,3,en_mesa,7.0,2026-02-06 18:08:00,pagada
3447,801,2,para_llevar,,2025-06-27 09:57:12,pagada
3448,563,4,domicilio,,2026-02-24 12:56:27,anulada
3449,1349,2,para_llevar,,2025-12-16 22:04:53,pagada
3450,1389,4,domicilio,,2025-10-13 00:04:05,pagada
3451,1475,2,para_llevar,,2025-09-19 19:38:23,anulada
3452,674,3,domicilio,,2025-11-20 16:07:08,pagada
3453,262,3,en_mesa,8.0,2025-08-04 07:07:39,cortesia
3454,732,1,en_mesa,5.0,2025-06-25 16:43:38,pagada
3455,961,4,domicilio,,2025-05-21 16:41:16,pagada
3456,633,5,en_mesa,2.0,2025-05-25 18:27:35,pagada
3457,921,1,domicilio,,2025-07-27 00:02:03,anulada
3458,660,3,para_llevar,,2026-02-02 08:20:23,pagada
3459,389,3,para_llevar,,2025-04-09 06:42:25,pagada
3460,854,3,domicilio,,2025-05-16 21:45:33,cortesia
3461,1129,5,domicilio,,2025-08-04 05:42:58,pagada
3462,193,5,en_mesa,2.0,2026-03-09 00:37:30,cortesia
3463,46,3,domicilio,,2026-03-24 04:47:04,pagada
3464,589,1,domicilio,,2026-02-20 23:20:18,pagada
3465,404,5,en_mesa,5.0,2025-10-15 10:21:54,pagada
3466,1499,4,en_mesa,4.0,2025-04-11 23:59:47,pagada
3467,1442,5,en_mesa,4.0,2025-10-29 19:12:30,cortesia
3468,156,2,domicilio,,2025-05-29 23:05:19,pagada
3469,1191,2,domicilio,,2025-06-21 23:34:53,pagada
3470,336,4,domicilio,,2026-01-21 03:01:04,cortesia
3471,1394,2,para_llevar,,2025-04-05 17:26:57,pagada
3472,863,2,para_llevar,,2025-12-12 14:20:43,pagada
3473,204,3,en_mesa,14.0,2025-12-19 09:01:40,pagada
3474,141,3,para_llevar,,2025-04-01 23:54:03,anulada
3475,1451,4,en_mesa,15.0,2026-01-11 01:38:51,pagada
3476,572,2,domicilio,,2025-12-27 12:34:46,pagada
3477,600,5,en_mesa,1.0,2025-06-06 21:20:35,cortesia
3478,907,2,para_llevar,,2026-01-01 12:10:26,cortesia
3479,495,3,en_mesa,10.0,2025-06-17 09:13:24,cortesia
3480,843,4,para_llevar,,2025-09-04 01:41:38,anulada
3481,456,5,domicilio,,2025-11-17 02:05:11,cortesia
3482,809,1,domicilio,,2025-11-28 16:41:18,pagada
3483,930,5,domicilio,,2026-03-29 15:54:34,anulada
3484,1368,1,para_llevar,,2025-07-25 06:40:29,cortesia
3485,1149,1,en_mesa,15.0,2025-11-20 02:28:40,anulada
3486,593,2,domicilio,,2025-04-19 10:40:30,pagada
3487,702,2,domicilio,,2025-08-21 17:01:44,anulada
3488,1363,5,para_llevar,,2025-11-16 02:08:42,pagada
3489,66,4,para_llevar,,2025-10-26 23:31:20,pagada
3490,78,2,para_llevar,,2026-03-05 02:37:42,pagada
3491,576,1,en_mesa,2.0,2026-02-01 01:29:51,pagada
3492,1369,1,domicilio,,2025-07-22 11:47:24,pagada
3493,147,4,para_llevar,,2026-03-23 06:23:35,cortesia
3494,85,4,para_llevar,,2025-06-25 05:03:36,pagada
3495,1477,5,en_mesa,7.0,2026-01-21 15:18:14,pagada
3496,751,1,para_llevar,,2025-05-01 09:29:12,cortesia
3497,745,1,en_mesa,10.0,2025-06-13 18:26:49,cortesia
3498,1495,1,domicilio,,2026-01-08 23:24:32,anulada
3499,1026,4,domicilio,,2025-09-08 10:00:13,pagada
3500,873,4,domicilio,,2026-01-26 04:41:19,pagada
3501,929,5,domicilio,,2026-03-12 01:50:26,pagada
3502,875,5,en_mesa,9.0,2025-07-07 01:48:46,pagada
3503,1392,4,domicilio,,2026-03-09 20:21:21,pagada
3504,1432,3,domicilio,,2025-08-31 21:21:36,pagada
3505,1147,1,en_mesa,14.0,2025-06-30 08:15:59,cortesia
3506,1464,5,para_llevar,,2025-05-29 01:02:43,anulada
3507,303,4,domicilio,,2025-12-14 03:51:55,pagada
3508,1437,4,en_mesa,8.0,2025-09-07 04:46:43,pagada
3509,642,1,domicilio,,2026-03-21 13:25:42,anulada
3510,397,4,en_mesa,5.0,2025-05-21 02:43:11,anulada
3511,176,1,domicilio,,2025-12-19 05:49:04,pagada
3512,1311,1,para_llevar,,2026-03-06 18:24:46,pagada
3513,1191,2,para_llevar,,2025-10-23 19:03:49,pagada
3514,140,3,para_llevar,,2025-06-27 10:39:41,pagada
3515,232,2,para_llevar,,2025-03-31 02:35:26,anulada
3516,872,3,para_llevar,,2025-10-09 23:17:57,pagada
3517,449,3,domicilio,,2025-09-11 23:05:24,pagada
3518,641,5,domicilio,,2025-08-06 00:53:38,anulada
3519,1118,5,en_mesa,2.0,2025-11-09 17:01:41,pagada
3520,1213,2,en_mesa,14.0,2025-05-01 06:13:24,pagada
3521,1218,4,domicilio,,2025-10-20 00:25:28,cortesia
3522,822,2,domicilio,,2026-03-02 15:12:36,pagada
3523,1264,4,para_llevar,,2025-08-19 04:48:56,cortesia
3524,218,3,en_mesa,15.0,2025-05-03 09:58:40,cortesia
3525,1441,2,domicilio,,2025-08-26 05:19:12,pagada
3526,521,1,domicilio,,2025-07-25 22:16:11,anulada
3527,1050,4,en_mesa,5.0,2026-02-14 17:10:04,pagada
3528,1209,4,domicilio,,2025-06-25 00:55:21,pagada
3529,881,4,domicilio,,2025-11-23 04:19:00,pagada
3530,306,5,para_llevar,,2025-11-02 08:03:14,pagada
3531,858,3,domicilio,,2025-05-17 18:06:04,pagada
3532,963,4,en_mesa,15.0,2025-06-22 08:29:03,pagada
3533,385,5,domicilio,,2025-08-27 02:05:53,anulada
3534,1072,2,domicilio,,2026-03-12 10:28:51,pagada
3535,369,5,domicilio,,2025-04-22 22:03:24,pagada
3536,346,4,para_llevar,,2025-04-17 21:27:45,cortesia
3537,1135,3,para_llevar,,2025-11-22 10:31:05,cortesia
3538,785,1,domicilio,,2025-07-09 19:05:00,anulada
3539,1100,2,para_llevar,,2025-06-22 22:36:53,pagada
3540,1314,5,domicilio,,2025-07-02 03:16:34,anulada
3541,1126,2,domicilio,,2025-06-15 11:58:23,pagada
3542,520,4,para_llevar,,2025-12-03 23:14:22,cortesia
3543,754,5,domicilio,,2026-03-02 03:31:15,pagada
3544,908,5,en_mesa,4.0,2025-10-05 19:23:31,pagada
3545,120,1,en_mesa,6.0,2025-07-18 08:27:46,pagada
3546,186,1,en_mesa,2.0,2026-01-05 04:37:01,pagada
3547,620,5,en_mesa,15.0,2025-07-31 13:33:10,pagada
3548,637,1,en_mesa,3.0,2026-03-07 03:03:22,cortesia
3549,704,4,para_llevar,,2026-03-01 18:41:39,pagada
3550,447,5,en_mesa,3.0,2025-12-05 08:25:07,pagada
3551,825,2,en_mesa,7.0,2025-06-05 10:02:17,pagada
3552,166,2,en_mesa,2.0,2025-08-15 19:52:04,anulada
3553,732,2,en_mesa,10.0,2025-12-12 22:45:03,pagada
3554,659,4,en_mesa,13.0,2025-07-04 21:39:37,pagada
3555,466,3,en_mesa,6.0,2025-09-08 04:04:45,pagada
3556,318,1,domicilio,,2025-05-27 15:49:36,pagada
3557,816,4,para_llevar,,2026-02-07 11:00:17,cortesia
3558,1045,1,en_mesa,2.0,2025-09-14 07:42:51,cortesia
3559,1243,5,en_mesa,5.0,2026-02-02 12:16:58,anulada
3560,256,3,en_mesa,11.0,2025-09-20 01:11:03,pagada
3561,219,3,en_mesa,12.0,2025-05-29 07:30:30,pagada
3562,1372,1,en_mesa,7.0,2025-11-24 04:19:30,anulada
3563,573,2,domicilio,,2025-12-18 09:04:11,anulada
3564,525,4,para_llevar,,2026-02-11 03:30:49,anulada
3565,176,2,domicilio,,2025-04-29 14:22:26,pagada
3566,1157,1,en_mesa,6.0,2025-10-14 19:19:42,pagada
3567,653,2,para_llevar,,2025-09-11 15:48:22,pagada
3568,223,3,en_mesa,2.0,2026-02-18 03:26:42,anulada
3569,317,3,para_llevar,,2025-08-10 05:00:25,cortesia
3570,1429,3,para_llevar,,2025-10-12 12:37:01,cortesia
3571,1134,2,en_mesa,12.0,2025-11-20 21:14:12,pagada
3572,536,2,domicilio,,2025-10-05 17:00:51,pagada
3573,731,4,domicilio,,2025-07-05 09:52:13,anulada
3574,1225,4,en_mesa,14.0,2025-10-01 01:24:39,pagada
3575,907,2,domicilio,,2025-04-04 16:41:02,anulada
3576,361,4,en_mesa,5.0,2025-06-09 06:15:07,cortesia
3577,103,1,domicilio,,2025-05-12 22:54:44,pagada
3578,904,1,domicilio,,2025-08-02 18:15:25,pagada
3579,1340,2,para_llevar,,2025-07-22 02:59:15,cortesia
3580,423,1,para_llevar,,2025-12-09 19:37:59,pagada
3581,1435,3,en_mesa,2.0,2025-07-01 00:38:44,pagada
3582,626,3,en_mesa,10.0,2025-11-27 08:33:41,pagada
3583,1441,5,para_llevar,,2026-01-30 19:57:00,anulada
3584,769,5,para_llevar,,2025-04-12 16:51:52,pagada
3585,267,3,en_mesa,2.0,2025-06-03 08:52:42,pagada
3586,763,3,domicilio,,2025-07-14 13:00:41,pagada
3587,128,5,domicilio,,2026-03-07 05:56:51,pagada
3588,394,1,domicilio,,2025-09-05 17:59:40,anulada
3589,791,5,para_llevar,,2025-11-23 07:17:07,pagada
3590,1359,3,domicilio,,2026-03-18 23:42:15,cortesia
3591,597,2,en_mesa,2.0,2025-10-03 00:10:37,pagada
3592,113,2,en_mesa,14.0,2025-09-17 22:04:02,pagada
3593,375,4,para_llevar,,2025-06-02 11:57:17,anulada
3594,1112,2,domicilio,,2025-06-23 15:43:08,cortesia
3595,982,4,domicilio,,2025-11-23 03:22:11,cortesia
3596,884,1,en_mesa,7.0,2025-05-25 19:42:02,pagada
3597,1209,5,en_mesa,9.0,2025-09-13 22:00:38,anulada
3598,140,2,domicilio,,2026-01-19 22:55:08,cortesia
3599,886,4,en_mesa,13.0,2025-06-14 21:54:47,pagada
3600,1157,5,para_llevar,,2026-01-22 12:03:03,pagada
3601,313,3,en_mesa,1.0,2025-04-01 09:48:49,pagada
3602,206,2,domicilio,,2025-07-05 08:28:36,pagada
3603,1395,3,en_mesa,15.0,2025-11-14 02:27:12,cortesia
3604,781,3,en_mesa,8.0,2025-04-03 08:19:16,cortesia
3605,319,2,en_mesa,8.0,2026-03-05 21:45:58,pagada
3606,1197,3,para_llevar,,2025-05-01 07:44:56,pagada
3607,1320,4,para_llevar,,2025-09-21 03:02:28,pagada
3608,37,1,para_llevar,,2026-03-27 10:01:07,cortesia
3609,688,2,domicilio,,2025-08-26 03:08:26,pagada
3610,837,3,para_llevar,,2026-01-03 08:17:35,pagada
3611,690,5,para_llevar,,2025-10-05 15:41:05,pagada
3612,198,1,domicilio,,2025-08-06 06:53:45,pagada
3613,1242,4,para_llevar,,2025-11-16 07:02:47,anulada
3614,813,5,para_llevar,,2025-09-22 07:14:36,pagada
3615,698,4,para_llevar,,2025-12-27 19:57:19,pagada
3616,849,1,para_llevar,,2025-06-06 18:42:42,pagada
3617,467,5,en_mesa,12.0,2026-01-11 08:30:39,anulada
3618,844,2,en_mesa,15.0,2025-10-30 20:25:28,cortesia
3619,546,3,para_llevar,,2025-12-27 22:16:51,pagada
3620,334,2,en_mesa,4.0,2026-02-27 19:22:31,cortesia
3621,1460,3,para_llevar,,2026-03-20 06:24:19,pagada
3622,823,4,domicilio,,2025-07-17 11:41:54,cortesia
3623,1083,2,en_mesa,7.0,2025-06-26 07:48:25,cortesia
3624,550,5,domicilio,,2026-01-07 07:03:50,anulada
3625,129,3,domicilio,,2026-03-07 12:05:45,pagada
3626,705,4,domicilio,,2025-05-09 19:12:32,anulada
3627,585,3,domicilio,,2026-01-02 21:25:31,cortesia
3628,718,3,en_mesa,2.0,2025-08-06 03:00:29,pagada
3629,534,5,para_llevar,,2025-05-18 09:23:35,pagada
3630,558,5,domicilio,,2025-12-20 10:07:15,pagada
3631,22,5,para_llevar,,2025-12-01 14:51:27,anulada
3632,235,1,para_llevar,,2025-12-09 13:39:16,pagada
3633,1118,4,en_mesa,2.0,2025-10-11 22:46:47,cortesia
3634,1149,2,para_llevar,,2026-02-18 07:33:08,pagada
3635,321,2,para_llevar,,2025-06-01 22:48:16,pagada
3636,1252,2,en_mesa,8.0,2025-10-28 04:30:22,pagada
3637,176,2,en_mesa,12.0,2025-08-21 19:22:56,cortesia
3638,690,4,para_llevar,,2025-07-18 22:15:36,pagada
3639,341,1,para_llevar,,2026-02-02 09:26:38,pagada
3640,963,4,domicilio,,2025-12-08 03:08:18,anulada
3641,719,1,en_mesa,1.0,2025-08-29 09:13:47,pagada
3642,706,2,en_mesa,9.0,2026-01-01 20:42:14,pagada
3643,590,1,domicilio,,2025-09-18 18:20:07,anulada
3644,63,4,en_mesa,13.0,2026-02-24 08:03:50,anulada
3645,1344,3,para_llevar,,2025-04-09 00:54:19,pagada
3646,130,2,domicilio,,2025-09-07 21:34:04,pagada
3647,384,1,en_mesa,14.0,2026-01-30 14:09:10,pagada
3648,1115,5,en_mesa,8.0,2025-09-24 16:54:05,pagada
3649,127,2,para_llevar,,2025-09-29 20:36:26,cortesia
3650,931,2,para_llevar,,2025-05-24 20:16:57,pagada
3651,423,2,domicilio,,2026-01-24 09:45:54,anulada
3652,1321,4,en_mesa,1.0,2025-08-22 02:42:50,cortesia
3653,659,4,domicilio,,2025-10-09 03:22:31,pagada
3654,754,5,en_mesa,8.0,2025-07-04 17:07:45,pagada
3655,854,5,en_mesa,9.0,2025-10-20 19:51:11,pagada
3656,1312,3,domicilio,,2025-07-23 15:12:52,anulada
3657,6,4,para_llevar,,2025-08-31 04:18:10,pagada
3658,353,4,para_llevar,,2025-10-10 04:39:33,pagada
3659,757,4,en_mesa,3.0,2025-05-12 23:20:49,pagada
3660,952,2,domicilio,,2025-05-26 22:01:46,pagada
3661,105,3,en_mesa,7.0,2025-10-21 17:05:34,pagada
3662,529,5,en_mesa,6.0,2025-10-01 11:57:40,pagada
3663,890,4,para_llevar,,2025-11-24 18:22:31,cortesia
3664,1152,1,domicilio,,2025-10-20 12:48:29,anulada
3665,420,3,domicilio,,2025-09-23 01:55:43,pagada
3666,422,5,domicilio,,2025-05-08 13:41:20,pagada
3667,405,5,en_mesa,6.0,2025-04-06 14:04:14,pagada
3668,429,4,en_mesa,11.0,2025-05-18 08:20:29,anulada
3669,1195,2,para_llevar,,2026-01-18 20:58:40,anulada
3670,1266,3,domicilio,,2025-05-05 23:25:31,pagada
3671,194,1,para_llevar,,2025-06-28 18:39:10,cortesia
3672,954,5,domicilio,,2025-05-07 18:34:18,anulada
3673,827,4,domicilio,,2026-03-24 23:05:59,anulada
3674,1105,1,para_llevar,,2025-10-22 07:19:55,pagada
3675,713,1,domicilio,,2026-01-22 12:36:35,pagada
3676,612,3,para_llevar,,2025-06-27 21:10:19,cortesia
3677,300,4,en_mesa,3.0,2025-06-09 23:35:13,pagada
3678,1034,1,en_mesa,5.0,2025-05-06 00:23:24,pagada
3679,275,1,domicilio,,2026-01-01 05:39:04,cortesia
3680,169,2,en_mesa,2.0,2026-02-03 16:58:23,cortesia
3681,821,4,en_mesa,1.0,2026-03-17 07:46:53,anulada
3682,831,5,en_mesa,7.0,2026-01-28 03:24:37,anulada
3683,408,2,para_llevar,,2026-01-01 19:04:05,pagada
3684,643,5,para_llevar,,2025-04-23 22:52:19,pagada
3685,339,4,para_llevar,,2025-07-31 16:01:16,pagada
3686,58,2,para_llevar,,2025-09-06 23:00:03,pagada
3687,334,5,en_mesa,12.0,2025-12-08 10:05:20,pagada
3688,816,5,domicilio,,2025-07-19 04:46:05,pagada
3689,1402,2,para_llevar,,2026-02-02 16:19:15,pagada
3690,231,5,para_llevar,,2025-04-23 13:41:24,pagada
3691,422,3,para_llevar,,2026-03-02 09:16:35,pagada
3692,505,1,para_llevar,,2025-11-28 10:15:24,cortesia
3693,1474,1,para_llevar,,2025-07-24 15:38:12,pagada
3694,504,4,en_mesa,4.0,2026-01-04 07:31:54,cortesia
3695,1432,4,para_llevar,,2025-11-24 05:07:03,pagada
3696,588,1,domicilio,,2025-08-01 03:49:59,pagada
3697,1268,1,para_llevar,,2025-05-01 12:45:16,cortesia
3698,1442,1,para_llevar,,2026-03-27 22:27:35,cortesia
3699,861,3,en_mesa,4.0,2025-08-04 14:23:16,pagada
3700,66,5,para_llevar,,2025-12-02 09:05:31,pagada
3701,1207,2,para_llevar,,2025-05-28 08:43:42,pagada
3702,941,2,domicilio,,2025-04-01 14:25:10,pagada
3703,1414,1,domicilio,,2025-12-18 03:07:24,pagada
3704,1314,4,en_mesa,8.0,2026-01-12 22:02:16,pagada
3705,1032,5,domicilio,,2025-06-07 01:20:44,pagada
3706,630,3,domicilio,,2025-09-20 09:58:00,pagada
3707,1097,3,en_mesa,3.0,2025-07-21 20:41:33,anulada
3708,822,2,para_llevar,,2025-09-20 12:51:30,pagada
3709,807,5,para_llevar,,2026-02-26 08:59:41,cortesia
3710,1279,4,en_mesa,5.0,2025-07-23 21:40:05,pagada
3711,560,2,domicilio,,2025-03-30 16:27:05,cortesia
3712,1235,2,para_llevar,,2026-01-01 13:19:29,pagada
3713,1020,3,en_mesa,13.0,2026-02-24 07:19:04,anulada
3714,665,1,domicilio,,2025-04-24 19:36:15,anulada
3715,628,3,para_llevar,,2025-12-28 13:42:32,pagada
3716,444,5,domicilio,,2025-11-21 13:40:43,pagada
3717,126,2,para_llevar,,2025-10-26 09:01:16,pagada
3718,1318,5,para_llevar,,2026-02-17 23:32:18,pagada
3719,429,4,en_mesa,5.0,2025-07-22 19:22:06,pagada
3720,111,1,domicilio,,2025-08-10 06:08:03,pagada
3721,617,5,para_llevar,,2026-02-22 11:10:05,pagada
3722,334,2,domicilio,,2025-10-06 08:44:06,pagada
3723,1362,5,domicilio,,2026-01-18 16:35:43,anulada
3724,554,1,en_mesa,1.0,2025-04-10 08:49:27,cortesia
3725,135,2,domicilio,,2025-05-15 08:31:44,pagada
3726,1142,5,para_llevar,,2025-09-17 18:36:43,pagada
3727,353,5,domicilio,,2025-07-23 10:36:48,pagada
3728,1474,3,para_llevar,,2025-10-20 01:03:26,pagada
3729,376,4,para_llevar,,2026-01-07 12:48:15,pagada
3730,1266,2,domicilio,,2025-12-26 09:10:10,pagada
3731,703,5,domicilio,,2025-09-20 14:09:06,anulada
3732,123,1,domicilio,,2025-10-28 11:01:21,anulada
3733,1059,1,domicilio,,2025-04-15 02:42:23,pagada
3734,1444,4,para_llevar,,2026-03-28 14:20:03,pagada
3735,576,5,domicilio,,2025-10-19 03:26:04,pagada
3736,64,3,domicilio,,2025-05-10 03:11:34,pagada
3737,1048,5,domicilio,,2026-02-17 21:42:17,anulada
3738,112,5,para_llevar,,2026-03-14 12:35:38,cortesia
3739,699,1,en_mesa,15.0,2025-08-14 13:06:55,anulada
3740,762,5,domicilio,,2025-10-14 23:40:17,pagada
3741,399,1,para_llevar,,2026-01-28 19:55:02,anulada
3742,103,2,domicilio,,2025-08-03 07:54:54,cortesia
3743,1219,4,en_mesa,14.0,2026-03-13 09:24:54,pagada
3744,324,2,para_llevar,,2025-06-04 10:45:49,pagada
3745,524,1,en_mesa,15.0,2025-05-23 11:16:41,pagada
3746,29,3,en_mesa,13.0,2026-01-31 04:42:51,pagada
3747,852,1,domicilio,,2026-02-10 22:59:36,anulada
3748,872,4,para_llevar,,2025-11-08 09:55:30,cortesia
3749,944,1,domicilio,,2025-06-19 07:34:39,pagada
3750,371,5,domicilio,,2025-09-13 05:12:17,anulada
3751,939,2,en_mesa,6.0,2026-01-01 17:57:32,pagada
3752,1015,3,en_mesa,14.0,2025-11-15 01:41:00,anulada
3753,487,3,domicilio,,2025-06-17 02:23:07,pagada
3754,1362,1,domicilio,,2025-08-04 19:51:20,anulada
3755,1110,5,en_mesa,12.0,2026-02-27 02:34:36,anulada
3756,1457,4,para_llevar,,2025-04-20 22:56:50,pagada
3757,575,2,en_mesa,6.0,2025-06-27 19:44:50,anulada
3758,1202,3,para_llevar,,2026-03-13 16:36:03,cortesia
3759,792,2,domicilio,,2025-06-28 18:33:24,anulada
3760,288,2,domicilio,,2025-11-13 17:30:03,anulada
3761,950,3,en_mesa,4.0,2025-05-23 06:44:55,pagada
3762,1267,2,domicilio,,2026-01-16 13:29:41,pagada
3763,1390,2,para_llevar,,2026-02-02 11:50:47,pagada
3764,1140,2,domicilio,,2025-10-10 12:23:07,pagada
3765,301,2,para_llevar,,2025-07-07 06:24:02,pagada
3766,1118,1,domicilio,,2025-05-21 00:23:42,anulada
3767,910,2,en_mesa,14.0,2025-12-23 01:34:44,pagada
3768,1462,4,en_mesa,2.0,2026-02-19 06:25:52,pagada
3769,409,4,para_llevar,,2025-04-03 20:27:01,pagada
3770,1151,5,domicilio,,2025-07-21 21:36:38,cortesia
3771,1016,1,domicilio,,2025-05-29 02:37:48,pagada
3772,1010,4,en_mesa,2.0,2025-09-09 05:58:13,anulada
3773,1203,5,para_llevar,,2025-05-03 02:11:55,anulada
3774,1285,4,domicilio,,2026-03-14 18:12:02,anulada
3775,226,1,en_mesa,8.0,2025-05-08 05:24:59,cortesia
3776,386,4,domicilio,,2025-08-14 11:23:04,pagada
3777,212,2,domicilio,,2025-09-27 12:12:36,anulada
3778,1315,1,domicilio,,2025-10-22 15:50:41,pagada
3779,863,1,para_llevar,,2025-09-28 00:06:33,pagada
3780,246,1,para_llevar,,2026-03-09 20:01:07,anulada
3781,673,1,para_llevar,,2025-10-19 21:22:28,pagada
3782,1059,4,para_llevar,,2025-12-30 22:37:20,pagada
3783,614,5,en_mesa,14.0,2025-11-22 07:15:18,pagada
3784,686,5,para_llevar,,2025-05-17 19:47:41,pagada
3785,858,5,domicilio,,2025-04-11 03:30:58,cortesia
3786,1096,4,domicilio,,2025-08-22 09:07:46,anulada
3787,563,3,domicilio,,2026-01-17 07:15:09,pagada
3788,966,4,en_mesa,15.0,2025-10-14 06:30:15,pagada
3789,1286,2,domicilio,,2025-06-12 14:26:35,pagada
3790,1100,4,domicilio,,2025-07-19 23:42:46,anulada
3791,1281,3,domicilio,,2026-03-20 18:04:03,anulada
3792,798,2,domicilio,,2026-01-23 21:55:15,anulada
3793,642,3,en_mesa,3.0,2026-03-06 23:58:00,pagada
3794,1156,3,en_mesa,3.0,2025-05-03 15:43:07,cortesia
3795,790,5,en_mesa,1.0,2026-01-13 00:39:20,cortesia
3796,650,1,en_mesa,10.0,2025-09-16 15:55:55,anulada
3797,995,4,en_mesa,3.0,2025-12-13 05:13:47,anulada
3798,1279,3,para_llevar,,2025-06-05 05:14:29,pagada
3799,72,3,para_llevar,,2025-11-09 23:33:51,anulada
3800,1408,3,domicilio,,2025-05-22 11:27:46,cortesia
3801,1285,3,domicilio,,2025-04-18 15:10:22,anulada
3802,1333,3,domicilio,,2025-12-18 13:45:27,pagada
3803,360,2,domicilio,,2026-01-02 15:01:08,pagada
3804,1200,4,en_mesa,2.0,2025-10-07 23:59:26,anulada
3805,468,1,para_llevar,,2025-10-11 19:34:13,anulada
3806,661,5,en_mesa,3.0,2025-07-17 21:52:35,pagada
3807,746,1,para_llevar,,2026-03-07 10:53:56,pagada
3808,1454,5,domicilio,,2025-05-29 11:49:50,pagada
3809,120,3,para_llevar,,2025-10-30 21:35:38,cortesia
3810,1436,3,para_llevar,,2025-11-26 04:42:40,cortesia
3811,751,5,para_llevar,,2025-10-31 14:48:52,pagada
3812,116,5,para_llevar,,2025-07-07 23:06:54,pagada
3813,1082,1,domicilio,,2025-08-07 08:52:22,cortesia
3814,904,5,domicilio,,2025-12-22 18:44:50,cortesia
3815,518,4,en_mesa,7.0,2025-09-10 02:32:50,cortesia
3816,1094,4,en_mesa,3.0,2025-09-05 19:54:26,pagada
3817,302,1,en_mesa,11.0,2025-08-22 10:43:00,anulada
3818,339,4,en_mesa,8.0,2025-06-02 22:25:18,pagada
3819,493,5,para_llevar,,2026-02-15 21:34:26,anulada
3820,790,3,domicilio,,2025-09-21 18:08:30,anulada
3821,1017,1,domicilio,,2025-12-10 10:53:06,anulada
3822,1348,2,para_llevar,,2025-09-28 08:09:02,pagada
3823,377,4,domicilio,,2025-05-01 23:39:44,cortesia
3824,1107,5,en_mesa,1.0,2025-08-22 11:05:05,pagada
3825,929,3,para_llevar,,2026-01-23 01:58:19,pagada
3826,467,1,en_mesa,4.0,2025-08-23 10:54:07,anulada
3827,811,4,en_mesa,13.0,2025-09-10 05:15:24,pagada
3828,408,5,domicilio,,2026-03-30 16:51:53,pagada
3829,454,3,para_llevar,,2026-01-04 13:18:42,pagada
3830,885,4,para_llevar,,2025-08-30 15:54:57,pagada
3831,1086,3,en_mesa,14.0,2026-01-26 00:27:53,pagada
3832,6,4,domicilio,,2025-09-11 08:37:01,pagada
3833,176,5,para_llevar,,2025-07-10 19:05:12,pagada
3834,213,1,domicilio,,2025-04-09 04:21:10,pagada
3835,1426,3,en_mesa,14.0,2025-10-20 08:46:10,pagada
3836,680,2,domicilio,,2025-12-25 06:55:29,pagada
3837,1472,4,para_llevar,,2026-01-06 17:41:24,pagada
3838,681,5,en_mesa,1.0,2025-04-02 09:25:09,pagada
3839,1228,3,domicilio,,2025-10-27 12:22:36,pagada
3840,31,1,para_llevar,,2025-05-11 07:09:46,pagada
3841,382,2,para_llevar,,2025-09-21 22:23:38,anulada
3842,505,2,para_llevar,,2025-08-25 02:00:42,pagada
3843,1103,1,en_mesa,15.0,2025-04-22 04:47:27,cortesia
3844,162,2,para_llevar,,2025-10-17 23:56:52,pagada
3845,226,3,domicilio,,2025-05-28 17:52:16,pagada
3846,1391,2,domicilio,,2025-04-16 00:29:53,anulada
3847,1495,5,domicilio,,2026-03-02 21:44:58,pagada
3848,917,2,en_mesa,7.0,2025-04-16 00:06:51,pagada
3849,159,3,en_mesa,6.0,2025-07-19 01:37:26,cortesia
3850,789,4,para_llevar,,2025-07-26 19:57:07,cortesia
3851,492,1,para_llevar,,2026-03-07 14:21:20,anulada
3852,838,3,en_mesa,15.0,2025-06-14 23:16:28,pagada
3853,652,4,para_llevar,,2026-03-03 11:31:16,pagada
3854,329,2,en_mesa,12.0,2025-12-16 08:19:55,pagada
3855,1496,4,para_llevar,,2026-02-22 19:27:26,pagada
3856,597,3,domicilio,,2025-12-29 04:34:17,cortesia
3857,1127,5,domicilio,,2025-04-19 17:40:21,pagada
3858,643,5,en_mesa,13.0,2025-05-14 13:45:12,pagada
3859,344,4,para_llevar,,2025-12-31 18:29:40,anulada
3860,197,4,para_llevar,,2025-05-01 00:06:03,cortesia
3861,1002,3,en_mesa,4.0,2025-10-18 23:21:41,cortesia
3862,1239,5,en_mesa,14.0,2026-03-22 11:18:03,pagada
3863,761,4,para_llevar,,2025-12-25 18:24:44,anulada
3864,902,3,para_llevar,,2025-11-11 00:56:53,pagada
3865,676,1,domicilio,,2025-05-08 12:34:45,cortesia
3866,540,1,en_mesa,10.0,2026-01-15 03:11:46,pagada
3867,1162,2,en_mesa,15.0,2025-07-11 11:15:01,pagada
3868,436,2,para_llevar,,2025-09-24 19:04:10,cortesia
3869,563,3,domicilio,,2025-09-13 13:12:02,anulada
3870,54,4,en_mesa,11.0,2026-03-30 00:25:44,pagada
3871,1060,4,en_mesa,9.0,2025-06-17 07:14:08,pagada
3872,666,3,domicilio,,2026-03-06 08:41:38,anulada
3873,220,2,domicilio,,2025-06-07 00:28:22,pagada
3874,602,5,domicilio,,2025-07-04 06:46:27,pagada
3875,490,1,domicilio,,2026-03-11 22:21:27,pagada
3876,961,1,domicilio,,2025-08-16 04:46:07,pagada
3877,1343,4,en_mesa,14.0,2025-06-14 16:37:45,pagada
3878,574,1,para_llevar,,2026-02-26 05:52:26,pagada
3879,18,3,en_mesa,11.0,2026-02-15 05:31:47,pagada
3880,260,5,domicilio,,2025-06-20 00:59:14,pagada
3881,288,5,domicilio,,2025-12-06 00:38:41,cortesia
3882,1015,4,domicilio,,2025-10-04 07:25:56,anulada
3883,1342,2,en_mesa,3.0,2025-06-05 20:53:38,cortesia
3884,308,2,para_llevar,,2025-06-23 08:29:29,pagada
3885,27,3,para_llevar,,2025-10-09 03:10:03,pagada
3886,208,2,para_llevar,,2025-08-08 01:58:01,pagada
3887,1299,3,en_mesa,12.0,2025-11-02 08:26:39,pagada
3888,531,1,domicilio,,2026-03-04 06:59:49,pagada
3889,808,5,en_mesa,2.0,2025-10-19 08:27:09,pagada
3890,240,1,en_mesa,9.0,2026-03-04 02:03:21,cortesia
3891,1377,5,para_llevar,,2025-05-13 04:30:46,anulada
3892,791,1,domicilio,,2025-07-02 21:10:43,anulada
3893,967,1,para_llevar,,2025-08-11 09:12:50,cortesia
3894,421,5,en_mesa,9.0,2026-01-23 12:30:02,pagada
3895,850,3,para_llevar,,2025-06-27 03:44:56,pagada
3896,1323,4,en_mesa,9.0,2025-08-27 05:00:03,pagada
3897,1273,2,en_mesa,9.0,2025-11-12 00:36:19,pagada
3898,294,1,en_mesa,6.0,2026-03-11 13:20:47,cortesia
3899,426,2,para_llevar,,2025-06-13 21:59:19,pagada
3900,1477,1,en_mesa,4.0,2026-03-07 20:07:32,anulada
3901,1225,1,en_mesa,2.0,2026-02-19 20:42:26,pagada
3902,418,3,domicilio,,2025-07-16 13:20:00,anulada
3903,548,5,en_mesa,7.0,2025-12-20 23:09:53,pagada
3904,441,4,en_mesa,10.0,2025-08-08 05:54:30,pagada
3905,892,2,domicilio,,2025-05-30 16:45:16,anulada
3906,1492,5,domicilio,,2025-11-09 02:01:26,pagada
3907,1444,5,para_llevar,,2025-07-19 02:20:00,pagada
3908,1096,4,domicilio,,2025-08-24 23:12:41,pagada
3909,983,1,domicilio,,2025-07-22 19:14:55,pagada
3910,1014,4,domicilio,,2025-08-08 04:56:48,pagada
3911,711,2,en_mesa,14.0,2025-12-04 23:59:43,cortesia
3912,1468,4,en_mesa,1.0,2025-07-24 12:42:33,pagada
3913,372,2,en_mesa,2.0,2026-03-03 22:12:54,anulada
3914,88,3,domicilio,,2026-01-19 14:55:37,cortesia
3915,1343,1,domicilio,,2025-12-21 14:17:30,cortesia
3916,981,4,en_mesa,11.0,2026-03-13 09:17:28,pagada
3917,1398,2,para_llevar,,2025-08-05 21:33:02,pagada
3918,1156,3,en_mesa,2.0,2026-02-07 07:33:20,pagada
3919,1074,2,en_mesa,15.0,2025-12-09 09:45:40,pagada
3920,515,3,en_mesa,11.0,2026-01-09 22:16:11,pagada
3921,1199,2,domicilio,,2025-09-28 14:23:18,pagada
3922,596,4,domicilio,,2025-11-10 23:19:39,anulada
3923,493,1,para_llevar,,2025-06-03 03:05:59,anulada
3924,154,2,para_llevar,,2025-06-19 16:26:18,cortesia
3925,101,1,en_mesa,14.0,2025-04-07 13:03:53,pagada
3926,954,1,domicilio,,2025-05-06 08:56:11,cortesia
3927,1217,1,para_llevar,,2026-02-09 00:00:33,pagada
3928,303,1,domicilio,,2025-07-03 06:37:45,cortesia
3929,1272,1,en_mesa,12.0,2026-02-22 06:15:04,cortesia
3930,686,3,domicilio,,2025-08-17 23:18:31,anulada
3931,1166,1,en_mesa,7.0,2025-07-23 12:20:53,anulada
3932,1107,5,en_mesa,2.0,2025-07-28 13:59:31,pagada
3933,252,3,en_mesa,7.0,2025-10-20 01:55:32,cortesia
3934,1355,2,en_mesa,13.0,2025-06-05 04:39:52,cortesia
3935,596,5,domicilio,,2025-06-29 04:29:12,pagada
3936,1432,2,domicilio,,2025-04-04 20:36:02,pagada
3937,1344,1,en_mesa,15.0,2026-02-18 14:19:34,pagada
3938,538,5,para_llevar,,2025-10-28 03:10:46,cortesia
3939,682,1,en_mesa,15.0,2026-03-23 00:56:22,cortesia
3940,1287,3,domicilio,,2025-10-03 06:56:39,cortesia
3941,458,3,en_mesa,2.0,2025-05-01 13:30:58,pagada
3942,758,1,en_mesa,4.0,2025-05-31 17:01:43,pagada
3943,213,3,para_llevar,,2025-06-21 16:21:46,pagada
3944,335,3,domicilio,,2025-07-14 23:56:17,cortesia
3945,221,1,en_mesa,9.0,2025-11-29 05:09:22,pagada
3946,934,2,en_mesa,5.0,2026-03-20 03:35:49,pagada
3947,295,3,en_mesa,5.0,2026-01-26 23:28:18,pagada
3948,398,3,en_mesa,6.0,2026-01-27 19:28:44,anulada
3949,711,4,para_llevar,,2025-11-25 11:33:12,pagada
3950,57,2,domicilio,,2026-02-24 15:35:30,pagada
3951,1497,5,en_mesa,7.0,2025-07-30 18:52:53,anulada
3952,583,3,para_llevar,,2025-11-22 17:54:34,pagada
3953,280,3,para_llevar,,2025-12-05 22:31:37,pagada
3954,214,2,domicilio,,2025-09-14 23:20:23,pagada
3955,1457,1,para_llevar,,2025-04-13 15:33:04,cortesia
3956,1368,2,domicilio,,2025-07-26 21:28:54,anulada
3957,124,1,en_mesa,13.0,2026-03-10 01:54:51,pagada
3958,9,2,en_mesa,5.0,2025-05-03 04:43:06,pagada
3959,1116,4,en_mesa,10.0,2025-06-15 20:36:35,pagada
3960,296,4,para_llevar,,2025-12-13 06:12:56,cortesia
3961,1048,1,domicilio,,2026-03-09 12:31:06,anulada
3962,1236,1,domicilio,,2026-02-24 16:04:37,pagada
3963,1009,1,para_llevar,,2025-12-20 12:52:19,pagada
3964,711,4,en_mesa,6.0,2025-04-13 12:38:09,anulada
3965,587,2,domicilio,,2025-11-16 16:26:15,anulada
3966,1290,3,para_llevar,,2025-08-04 14:14:23,cortesia
3967,952,3,para_llevar,,2025-06-20 20:10:03,pagada
3968,745,2,domicilio,,2025-12-25 07:21:16,anulada
3969,50,4,domicilio,,2025-09-09 14:53:53,anulada
3970,926,2,en_mesa,3.0,2026-01-04 11:54:06,cortesia
3971,948,2,para_llevar,,2025-11-11 18:58:26,pagada
3972,169,3,domicilio,,2025-10-14 13:03:23,pagada
3973,136,2,para_llevar,,2026-01-31 09:45:13,pagada
3974,1341,3,en_mesa,12.0,2025-09-01 21:07:23,pagada
3975,809,1,domicilio,,2025-09-09 17:33:20,pagada
3976,299,5,para_llevar,,2025-09-05 06:37:23,cortesia
3977,625,4,para_llevar,,2025-10-20 17:06:10,cortesia
3978,1184,3,domicilio,,2025-08-02 14:56:10,anulada
3979,371,3,domicilio,,2026-02-18 01:09:42,cortesia
3980,1395,2,domicilio,,2025-07-10 11:34:00,anulada
3981,847,2,para_llevar,,2026-03-13 19:30:24,pagada
3982,623,4,domicilio,,2025-05-07 07:21:42,pagada
3983,687,5,en_mesa,5.0,2025-05-03 04:12:24,pagada
3984,465,4,en_mesa,10.0,2025-12-16 06:27:43,cortesia
3985,1194,4,para_llevar,,2025-12-23 23:42:46,cortesia
3986,1256,1,en_mesa,2.0,2025-07-15 08:41:44,pagada
3987,590,3,en_mesa,5.0,2025-05-28 07:47:26,anulada
3988,473,5,para_llevar,,2026-02-06 14:06:02,pagada
3989,703,3,domicilio,,2025-04-03 01:37:26,pagada
3990,1366,1,en_mesa,10.0,2025-11-19 06:25:52,anulada
3991,251,2,en_mesa,9.0,2025-07-03 09:58:53,cortesia
3992,381,5,en_mesa,8.0,2025-10-07 07:22:02,pagada
3993,171,1,domicilio,,2025-10-19 17:32:03,cortesia
3994,845,3,en_mesa,1.0,2025-09-27 22:50:56,pagada
3995,458,5,para_llevar,,2025-06-22 19:53:40,anulada
3996,1256,4,en_mesa,11.0,2026-03-06 15:10:59,cortesia
3997,1381,1,en_mesa,15.0,2025-05-30 05:11:22,anulada
3998,386,2,para_llevar,,2026-03-15 04:40:07,cortesia
3999,689,4,en_mesa,7.0,2026-03-17 08:37:51,pagada
4000,1142,3,en_mesa,4.0,2025-05-09 09:23:45,pagada
4001,398,2,para_llevar,,2025-12-05 05:59:42,pagada
4002,75,4,para_llevar,,2025-07-31 02:36:42,cortesia
4003,544,1,en_mesa,14.0,2025-05-19 23:00:37,pagada
4004,999,5,en_mesa,2.0,2026-02-25 05:01:45,anulada
4005,690,2,para_llevar,,2025-11-01 14:06:08,pagada
4006,1379,4,para_llevar,,2025-10-09 16:34:31,pagada
4007,1397,2,para_llevar,,2025-07-19 23:29:40,cortesia
4008,1011,4,en_mesa,11.0,2025-07-15 01:27:04,cortesia
4009,531,1,domicilio,,2025-06-30 01:01:20,pagada
4010,1018,2,domicilio,,2026-03-08 11:09:07,pagada
4011,832,1,en_mesa,11.0,2025-09-25 07:10:58,anulada
4012,338,2,para_llevar,,2025-11-03 15:42:08,pagada
4013,9,5,domicilio,,2026-01-09 17:12:36,pagada
4014,474,2,domicilio,,2025-04-10 22:33:24,pagada
4015,148,4,para_llevar,,2025-09-16 10:56:59,pagada
4016,760,1,para_llevar,,2025-10-09 18:39:03,pagada
4017,792,1,para_llevar,,2025-07-04 20:01:45,cortesia
4018,975,4,domicilio,,2025-06-28 08:17:23,anulada
4019,78,2,domicilio,,2025-04-13 18:40:02,anulada
4020,1305,2,domicilio,,2026-02-08 01:33:45,pagada
4021,1417,4,domicilio,,2025-10-10 12:30:34,pagada
4022,789,4,para_llevar,,2025-07-18 16:28:38,pagada
4023,30,1,en_mesa,1.0,2026-01-09 11:10:42,pagada
4024,76,1,domicilio,,2025-05-08 14:04:35,pagada
4025,901,5,para_llevar,,2025-04-09 11:06:06,anulada
4026,470,5,domicilio,,2025-07-23 10:02:23,anulada
4027,306,1,en_mesa,2.0,2026-03-22 19:31:15,pagada
4028,1124,1,domicilio,,2025-06-24 20:39:29,pagada
4029,1058,2,para_llevar,,2025-10-06 07:58:21,pagada
4030,507,2,domicilio,,2025-11-15 07:40:58,pagada
4031,1005,3,en_mesa,3.0,2025-06-16 01:57:12,anulada
4032,905,2,domicilio,,2025-12-03 09:30:12,pagada
4033,51,5,domicilio,,2025-12-15 12:58:34,anulada
4034,701,4,domicilio,,2025-11-22 10:09:57,pagada
4035,443,2,en_mesa,2.0,2025-09-22 14:57:38,cortesia
4036,1432,4,para_llevar,,2025-08-16 20:57:10,pagada
4037,437,3,para_llevar,,2025-09-09 21:13:15,pagada
4038,1259,2,domicilio,,2025-09-02 11:29:37,pagada
4039,124,5,para_llevar,,2025-06-11 09:08:37,pagada
4040,465,5,domicilio,,2026-01-25 11:12:26,anulada
4041,1499,5,para_llevar,,2026-02-03 13:25:40,pagada
4042,466,1,en_mesa,8.0,2025-04-17 06:33:52,pagada
4043,524,5,para_llevar,,2025-07-20 23:25:17,pagada
4044,580,5,para_llevar,,2025-07-07 15:54:06,cortesia
4045,351,1,domicilio,,2026-02-01 03:27:22,pagada
4046,828,5,para_llevar,,2025-05-14 02:53:31,pagada
4047,1237,5,en_mesa,6.0,2025-06-18 17:56:28,pagada
4048,685,3,domicilio,,2026-03-27 14:51:59,cortesia
4049,537,5,en_mesa,3.0,2025-10-25 19:54:43,pagada
4050,1014,1,en_mesa,9.0,2025-08-10 04:15:10,anulada
4051,1340,2,domicilio,,2025-06-06 12:45:49,anulada
4052,724,3,en_mesa,10.0,2025-12-27 13:59:13,anulada
4053,141,2,en_mesa,4.0,2025-06-12 07:59:34,cortesia
4054,9,2,en_mesa,6.0,2025-06-21 09:23:06,pagada
4055,996,5,para_llevar,,2026-03-12 23:32:24,pagada
4056,879,2,domicilio,,2025-06-23 20:25:32,anulada
4057,918,1,para_llevar,,2025-09-24 17:27:45,pagada
4058,1127,3,para_llevar,,2026-02-26 19:51:16,pagada
4059,271,4,domicilio,,2025-07-22 00:01:29,anulada
4060,837,5,en_mesa,10.0,2025-07-13 08:13:25,cortesia
4061,1315,1,para_llevar,,2026-02-25 22:10:00,cortesia
4062,1054,2,para_llevar,,2026-02-14 10:55:24,pagada
4063,1123,4,para_llevar,,2026-03-19 22:19:40,pagada
4064,165,2,domicilio,,2025-06-26 23:41:01,pagada
4065,929,1,para_llevar,,2025-11-02 05:32:08,pagada
4066,343,5,domicilio,,2025-05-18 13:05:02,pagada
4067,861,5,domicilio,,2025-12-08 10:04:32,pagada
4068,250,5,domicilio,,2025-06-16 17:24:29,anulada
4069,91,2,para_llevar,,2025-12-21 21:59:12,pagada
4070,708,4,domicilio,,2025-06-13 11:34:56,cortesia
4071,960,1,en_mesa,13.0,2025-10-06 20:11:29,pagada
4072,474,1,para_llevar,,2026-03-25 20:52:06,cortesia
4073,568,2,para_llevar,,2026-03-12 11:55:03,anulada
4074,509,4,en_mesa,7.0,2026-01-21 21:43:49,cortesia
4075,1282,5,en_mesa,4.0,2025-06-27 20:02:15,anulada
4076,1372,2,en_mesa,1.0,2025-06-27 22:11:14,pagada
4077,703,2,para_llevar,,2025-07-01 09:42:33,pagada
4078,1301,3,domicilio,,2025-09-27 22:00:47,pagada
4079,209,5,domicilio,,2025-09-26 17:25:15,pagada
4080,842,5,en_mesa,3.0,2025-05-12 13:47:52,cortesia
4081,1021,3,en_mesa,3.0,2025-12-05 16:34:15,pagada
4082,1444,5,domicilio,,2026-01-31 08:30:57,cortesia
4083,678,4,domicilio,,2025-05-16 19:19:56,pagada
4084,208,3,para_llevar,,2025-07-07 10:07:00,cortesia
4085,1230,5,domicilio,,2026-02-10 01:03:17,pagada
4086,747,3,en_mesa,8.0,2025-06-05 19:01:35,pagada
4087,732,1,para_llevar,,2026-02-25 06:13:08,pagada
4088,246,4,domicilio,,2026-03-16 03:16:40,pagada
4089,390,2,para_llevar,,2026-03-18 20:23:39,pagada
4090,1227,1,en_mesa,14.0,2025-12-02 16:44:33,pagada
4091,410,3,en_mesa,8.0,2025-08-17 13:16:14,cortesia
4092,840,5,en_mesa,10.0,2025-09-26 06:22:31,pagada
4093,730,1,en_mesa,6.0,2025-09-02 13:32:04,pagada
4094,1327,1,en_mesa,2.0,2025-12-13 04:31:16,pagada
4095,1213,1,en_mesa,7.0,2025-04-06 10:24:00,pagada
4096,47,4,domicilio,,2025-11-21 13:01:53,anulada
4097,265,3,en_mesa,3.0,2025-08-02 21:58:35,anulada
4098,205,1,para_llevar,,2025-08-09 16:51:20,cortesia
4099,726,4,domicilio,,2025-11-10 08:49:51,cortesia
4100,56,3,para_llevar,,2026-01-12 05:36:38,pagada
4101,902,5,domicilio,,2025-08-20 11:19:08,anulada
4102,1123,1,domicilio,,2026-01-23 21:30:49,anulada
4103,1074,4,para_llevar,,2025-12-28 17:26:07,pagada
4104,361,5,para_llevar,,2025-08-08 02:45:59,pagada
4105,537,2,para_llevar,,2025-04-26 07:23:27,pagada
4106,1313,2,en_mesa,4.0,2025-08-25 01:12:48,cortesia
4107,946,1,domicilio,,2025-08-01 04:09:40,pagada
4108,792,2,domicilio,,2025-06-10 02:21:39,pagada
4109,854,5,para_llevar,,2025-12-16 22:04:59,anulada
4110,10,1,en_mesa,9.0,2025-05-10 15:39:35,pagada
4111,685,3,domicilio,,2025-11-30 09:58:14,anulada
4112,518,5,para_llevar,,2025-05-22 20:07:40,pagada
4113,464,5,en_mesa,10.0,2025-05-01 03:54:29,pagada
4114,368,1,para_llevar,,2025-09-28 00:06:39,anulada
4115,377,5,domicilio,,2026-02-21 03:24:16,anulada
4116,226,2,domicilio,,2025-04-21 22:26:36,anulada
4117,1150,4,para_llevar,,2025-09-20 01:47:22,cortesia
4118,275,2,en_mesa,2.0,2026-03-23 11:20:19,pagada
4119,1474,5,para_llevar,,2026-02-19 00:56:16,pagada
4120,675,2,domicilio,,2025-06-16 01:44:05,pagada
4121,749,4,domicilio,,2026-02-25 14:00:01,pagada
4122,615,4,en_mesa,10.0,2026-01-11 21:05:28,pagada
4123,937,5,en_mesa,8.0,2025-10-31 22:34:00,pagada
4124,630,1,para_llevar,,2025-11-18 18:44:30,pagada
4125,728,5,domicilio,,2025-12-23 21:28:55,pagada
4126,514,2,para_llevar,,2025-12-15 18:36:59,cortesia
4127,378,1,domicilio,,2026-03-09 06:00:43,pagada
4128,346,1,en_mesa,6.0,2025-11-07 12:49:46,anulada
4129,991,2,domicilio,,2025-07-31 20:44:07,pagada
4130,859,3,para_llevar,,2025-07-17 04:46:49,cortesia
4131,731,2,para_llevar,,2026-03-24 11:59:54,pagada
4132,1270,4,para_llevar,,2026-01-27 01:16:04,cortesia
4133,318,3,para_llevar,,2025-12-03 19:11:57,pagada
4134,990,5,para_llevar,,2025-11-30 08:27:53,pagada
4135,816,1,domicilio,,2025-05-28 23:14:09,pagada
4136,1272,4,domicilio,,2025-12-19 08:10:36,pagada
4137,1470,5,domicilio,,2026-01-02 14:29:59,pagada
4138,800,1,domicilio,,2025-05-01 00:52:53,cortesia
4139,54,5,en_mesa,10.0,2025-11-08 12:16:50,pagada
4140,1121,5,en_mesa,12.0,2025-11-23 04:45:32,pagada
4141,1400,3,en_mesa,15.0,2026-02-17 10:13:34,pagada
4142,942,5,en_mesa,3.0,2025-09-01 03:53:52,anulada
4143,204,3,en_mesa,9.0,2026-02-13 01:58:08,pagada
4144,78,4,domicilio,,2025-04-25 04:10:34,cortesia
4145,1480,1,en_mesa,2.0,2025-04-16 21:45:34,pagada
4146,223,5,para_llevar,,2025-10-05 00:21:46,pagada
4147,349,5,en_mesa,5.0,2026-02-11 13:51:44,anulada
4148,720,4,domicilio,,2025-06-07 04:43:04,pagada
4149,1167,2,para_llevar,,2025-06-26 16:49:48,cortesia
4150,504,1,para_llevar,,2025-07-14 17:02:43,pagada
4151,174,4,para_llevar,,2025-04-24 15:42:49,pagada
4152,257,1,para_llevar,,2026-03-14 23:42:48,pagada
4153,931,2,domicilio,,2026-01-08 17:28:59,pagada
4154,692,3,domicilio,,2025-10-23 02:58:54,pagada
4155,1010,5,para_llevar,,2026-01-29 03:18:10,anulada
4156,950,2,domicilio,,2025-09-24 22:22:08,pagada
4157,1468,3,en_mesa,9.0,2026-03-14 05:43:32,anulada
4158,124,2,domicilio,,2026-03-13 08:18:41,pagada
4159,992,5,para_llevar,,2025-12-24 16:36:10,cortesia
4160,1473,1,para_llevar,,2025-09-28 03:25:53,anulada
4161,1267,3,domicilio,,2025-04-17 04:51:18,pagada
4162,557,2,en_mesa,10.0,2025-04-09 18:20:23,pagada
4163,128,4,para_llevar,,2025-11-30 17:59:39,pagada
4164,1009,5,en_mesa,15.0,2025-06-05 01:06:53,pagada
4165,166,2,domicilio,,2025-09-26 16:08:36,anulada
4166,762,3,domicilio,,2025-07-07 10:15:38,anulada
4167,96,2,para_llevar,,2025-06-13 14:16:53,pagada
4168,373,4,para_llevar,,2025-10-23 02:10:10,pagada
4169,246,1,domicilio,,2025-07-19 18:12:33,anulada
4170,351,4,para_llevar,,2026-03-01 20:38:55,cortesia
4171,1469,3,domicilio,,2025-12-05 16:42:46,cortesia
4172,135,2,domicilio,,2025-12-25 07:36:08,cortesia
4173,1249,3,en_mesa,12.0,2025-12-14 14:06:50,pagada
4174,736,3,para_llevar,,2025-07-30 20:37:49,pagada
4175,1216,2,domicilio,,2025-06-09 08:53:10,cortesia
4176,547,3,para_llevar,,2025-07-19 10:04:45,pagada
4177,928,2,para_llevar,,2025-06-29 22:48:33,cortesia
4178,272,4,para_llevar,,2025-10-27 00:31:49,pagada
4179,948,5,para_llevar,,2025-04-20 03:46:22,pagada
4180,909,3,para_llevar,,2025-08-16 02:40:17,anulada
4181,1333,3,para_llevar,,2025-12-27 11:45:14,pagada
4182,604,4,en_mesa,15.0,2025-04-24 12:26:47,pagada
4183,806,3,domicilio,,2025-03-31 02:35:27,pagada
4184,683,1,en_mesa,1.0,2025-07-15 12:08:53,pagada
4185,892,5,para_llevar,,2025-11-07 07:10:32,pagada
4186,1136,1,para_llevar,,2025-07-26 18:52:20,pagada
4187,605,4,domicilio,,2025-07-04 12:33:29,pagada
4188,1108,2,para_llevar,,2025-08-10 19:04:25,pagada
4189,563,1,en_mesa,13.0,2025-06-08 04:08:30,cortesia
4190,72,4,en_mesa,5.0,2025-09-06 06:16:48,cortesia
4191,1222,3,en_mesa,7.0,2025-06-09 13:42:29,cortesia
4192,327,1,domicilio,,2025-12-13 02:01:10,anulada
4193,1420,5,domicilio,,2026-02-25 09:11:01,cortesia
4194,962,4,para_llevar,,2025-04-09 02:19:35,pagada
4195,747,3,para_llevar,,2025-11-20 23:46:50,pagada
4196,994,3,en_mesa,8.0,2025-07-28 10:06:35,pagada
4197,539,1,domicilio,,2025-06-29 11:45:40,pagada
4198,254,2,para_llevar,,2026-01-04 03:00:18,cortesia
4199,821,4,domicilio,,2026-03-01 10:55:32,anulada
4200,1453,4,en_mesa,2.0,2026-03-03 15:07:23,pagada
4201,756,3,para_llevar,,2025-12-31 14:57:00,pagada
4202,991,5,domicilio,,2025-05-31 16:17:24,pagada
4203,242,5,domicilio,,2026-01-06 16:42:26,pagada
4204,253,1,para_llevar,,2025-05-14 23:57:07,pagada
4205,896,4,para_llevar,,2025-07-30 02:46:20,anulada
4206,227,3,para_llevar,,2026-03-19 22:37:00,cortesia
4207,1499,2,para_llevar,,2025-10-30 07:51:02,cortesia
4208,662,3,para_llevar,,2026-01-17 20:42:32,pagada
4209,592,4,domicilio,,2025-10-14 00:29:20,pagada
4210,1347,2,para_llevar,,2026-01-04 06:38:43,anulada
4211,165,1,en_mesa,3.0,2026-02-25 08:04:58,cortesia
4212,848,2,en_mesa,8.0,2025-07-11 13:49:52,cortesia
4213,151,4,domicilio,,2025-12-18 02:41:28,anulada
4214,1348,2,en_mesa,7.0,2025-09-18 13:18:27,pagada
4215,222,3,domicilio,,2025-11-10 19:46:45,cortesia
4216,1344,3,domicilio,,2026-03-06 13:26:09,pagada
4217,1260,1,para_llevar,,2026-01-27 09:27:55,anulada
4218,416,2,domicilio,,2026-01-29 11:52:31,cortesia
4219,730,3,en_mesa,3.0,2025-12-14 15:34:56,anulada
4220,1381,2,en_mesa,8.0,2026-03-27 14:51:48,pagada
4221,889,2,para_llevar,,2025-06-07 17:01:47,cortesia
4222,336,4,domicilio,,2025-11-05 08:59:43,anulada
4223,448,3,en_mesa,12.0,2026-03-27 21:20:41,pagada
4224,209,1,para_llevar,,2025-06-02 23:11:09,cortesia
4225,1220,3,para_llevar,,2025-09-02 14:09:26,anulada
4226,277,3,para_llevar,,2026-03-02 11:42:22,anulada
4227,1153,3,en_mesa,1.0,2025-04-22 01:04:07,anulada
4228,1123,1,en_mesa,9.0,2025-11-03 14:09:28,pagada
4229,38,3,para_llevar,,2025-05-26 00:44:27,pagada
4230,2,4,domicilio,,2025-05-29 07:46:14,pagada
4231,1251,4,domicilio,,2026-01-23 12:24:29,pagada
4232,1095,5,para_llevar,,2025-05-20 19:39:26,cortesia
4233,275,4,en_mesa,11.0,2026-01-29 09:46:26,cortesia
4234,553,5,domicilio,,2025-07-07 04:31:24,pagada
4235,1050,2,domicilio,,2025-03-31 06:11:57,cortesia
4236,1341,2,domicilio,,2025-11-16 03:21:06,cortesia
4237,863,2,para_llevar,,2025-05-19 15:39:05,anulada
4238,731,2,en_mesa,2.0,2025-04-25 01:32:10,cortesia
4239,235,2,para_llevar,,2026-02-07 19:07:55,pagada
4240,567,4,en_mesa,9.0,2025-11-14 02:40:24,pagada
4241,891,1,para_llevar,,2025-06-04 04:43:08,pagada
4242,1272,2,en_mesa,6.0,2025-09-17 16:56:09,cortesia
4243,1111,5,en_mesa,4.0,2025-10-19 02:15:02,pagada
4244,254,5,en_mesa,6.0,2026-03-27 12:46:21,pagada
4245,328,5,en_mesa,12.0,2025-09-03 01:41:02,pagada
4246,77,2,en_mesa,3.0,2025-05-17 07:43:35,pagada
4247,1424,4,en_mesa,15.0,2026-03-12 14:38:28,pagada
4248,314,3,domicilio,,2025-05-27 07:29:16,pagada
4249,196,3,domicilio,,2025-11-06 18:20:47,pagada
4250,97,5,domicilio,,2025-10-25 00:57:10,pagada
4251,1029,4,para_llevar,,2025-10-19 09:54:45,cortesia
4252,1249,2,domicilio,,2025-10-22 02:21:52,pagada
4253,105,3,para_llevar,,2025-07-13 01:18:17,pagada
4254,110,5,domicilio,,2025-08-30 20:05:05,cortesia
4255,981,5,domicilio,,2025-07-11 00:37:38,cortesia
4256,957,1,en_mesa,15.0,2025-10-09 12:12:45,cortesia
4257,349,3,domicilio,,2025-08-12 07:05:07,anulada
4258,955,3,en_mesa,11.0,2025-12-12 12:53:33,pagada
4259,1359,4,en_mesa,1.0,2026-03-19 15:11:20,pagada
4260,295,5,para_llevar,,2025-05-31 21:35:06,pagada
4261,20,5,en_mesa,3.0,2025-05-05 22:15:35,cortesia
4262,1321,1,domicilio,,2026-02-16 17:19:27,pagada
4263,1161,3,en_mesa,4.0,2025-09-15 23:15:14,pagada
4264,122,3,domicilio,,2025-06-14 06:44:51,pagada
4265,710,1,para_llevar,,2025-06-16 10:55:18,anulada
4266,649,5,domicilio,,2025-12-08 20:36:31,cortesia
4267,1217,4,en_mesa,15.0,2025-06-30 18:35:35,anulada
4268,415,2,en_mesa,9.0,2025-04-18 07:26:15,pagada
4269,851,3,en_mesa,6.0,2026-03-09 00:22:50,pagada
4270,863,1,domicilio,,2026-02-03 17:40:06,pagada
4271,1299,4,en_mesa,15.0,2026-02-22 20:14:40,cortesia
4272,90,4,para_llevar,,2025-05-03 23:28:21,pagada
4273,962,3,en_mesa,3.0,2025-07-27 18:32:09,pagada
4274,1081,4,domicilio,,2025-11-12 16:35:37,pagada
4275,979,1,domicilio,,2025-08-28 13:44:55,pagada
4276,669,5,en_mesa,14.0,2026-01-09 11:53:07,pagada
4277,1160,4,domicilio,,2025-12-03 01:00:54,pagada
4278,638,3,domicilio,,2025-04-08 20:48:45,cortesia
4279,404,4,en_mesa,8.0,2025-04-16 19:34:41,anulada
4280,1228,1,en_mesa,15.0,2025-05-25 14:55:11,anulada
4281,1435,2,en_mesa,5.0,2026-01-02 14:18:42,pagada
4282,933,5,en_mesa,6.0,2025-09-02 01:35:11,pagada
4283,945,2,para_llevar,,2025-09-07 12:00:42,pagada
4284,85,3,domicilio,,2025-08-16 00:16:02,pagada
4285,235,1,domicilio,,2025-09-26 01:01:20,pagada
4286,1248,5,domicilio,,2026-01-28 05:47:31,anulada
4287,393,2,domicilio,,2025-08-08 21:38:18,pagada
4288,1148,5,para_llevar,,2025-04-11 17:36:18,pagada
4289,1415,3,para_llevar,,2025-07-04 02:41:13,pagada
4290,683,4,en_mesa,4.0,2026-03-10 06:55:48,pagada
4291,602,5,domicilio,,2025-06-03 11:59:16,pagada
4292,755,3,domicilio,,2025-11-09 05:00:41,pagada
4293,870,4,para_llevar,,2025-07-19 11:38:00,anulada
4294,111,1,domicilio,,2025-04-21 08:19:56,pagada
4295,1338,2,en_mesa,11.0,2025-05-11 13:35:54,pagada
4296,419,1,para_llevar,,2025-06-25 08:09:34,pagada
4297,315,5,en_mesa,10.0,2026-01-13 16:57:08,pagada
4298,443,2,domicilio,,2025-10-29 12:07:01,pagada
4299,532,3,para_llevar,,2026-01-12 22:48:55,pagada
4300,1105,3,en_mesa,9.0,2025-12-02 09:35:55,pagada
4301,1029,1,en_mesa,7.0,2026-02-21 14:27:37,pagada
4302,644,3,en_mesa,10.0,2025-06-11 05:58:23,anulada
4303,607,2,domicilio,,2025-04-12 08:21:17,pagada
4304,1474,5,para_llevar,,2025-04-26 17:27:17,pagada
4305,783,5,para_llevar,,2025-10-18 16:12:12,pagada
4306,534,2,domicilio,,2026-02-26 13:52:40,cortesia
4307,452,5,para_llevar,,2025-08-25 22:54:09,cortesia
4308,1144,1,domicilio,,2025-07-19 08:05:47,pagada
4309,1171,3,domicilio,,2026-02-05 03:19:05,pagada
4310,314,5,domicilio,,2026-01-16 21:01:32,cortesia
4311,1017,4,para_llevar,,2025-09-07 23:00:32,anulada
4312,472,3,domicilio,,2025-12-19 17:55:45,pagada
4313,463,1,en_mesa,1.0,2025-12-19 00:35:05,anulada
4314,1428,1,en_mesa,14.0,2025-07-26 09:29:58,pagada
4315,1421,5,en_mesa,1.0,2025-12-12 04:49:56,pagada
4316,198,3,para_llevar,,2025-11-02 14:57:56,pagada
4317,1391,5,domicilio,,2025-12-18 01:49:13,anulada
4318,663,2,para_llevar,,2025-11-21 06:19:51,pagada
4319,1394,3,para_llevar,,2025-06-03 20:32:22,anulada
4320,77,3,para_llevar,,2025-09-02 13:18:41,cortesia
4321,515,4,domicilio,,2025-09-15 22:35:35,pagada
4322,1263,4,para_llevar,,2025-07-15 16:12:35,pagada
4323,1343,3,para_llevar,,2026-01-26 18:48:35,pagada
4324,548,1,para_llevar,,2025-11-06 00:28:30,pagada
4325,824,1,para_llevar,,2025-05-09 00:54:10,pagada
4326,395,1,para_llevar,,2025-07-05 05:58:54,pagada
4327,442,4,domicilio,,2025-05-21 14:33:21,pagada
4328,1448,3,domicilio,,2025-10-28 06:32:02,pagada
4329,525,3,en_mesa,6.0,2025-08-20 09:04:07,cortesia
4330,1056,1,domicilio,,2026-02-10 09:30:15,pagada
4331,1460,3,domicilio,,2026-03-12 00:33:42,pagada
4332,819,1,para_llevar,,2026-01-08 02:08:11,pagada
4333,1328,4,para_llevar,,2025-11-21 22:56:34,pagada
4334,1410,2,domicilio,,2025-06-19 14:18:31,cortesia
4335,349,5,domicilio,,2026-01-01 10:36:46,pagada
4336,305,1,en_mesa,14.0,2025-07-27 08:19:18,pagada
4337,829,3,domicilio,,2026-02-28 03:56:24,pagada
4338,944,2,para_llevar,,2025-05-19 04:21:53,pagada
4339,1452,1,en_mesa,2.0,2025-05-01 17:40:30,cortesia
4340,1255,3,domicilio,,2025-09-23 12:36:08,pagada
4341,244,5,domicilio,,2026-01-19 13:51:47,pagada
4342,536,3,domicilio,,2025-12-18 03:07:45,pagada
4343,41,1,en_mesa,7.0,2026-03-24 17:36:20,anulada
4344,920,5,domicilio,,2025-06-30 06:31:20,pagada
4345,862,3,para_llevar,,2025-04-10 02:00:43,cortesia
4346,56,3,en_mesa,14.0,2025-10-06 15:19:54,cortesia
4347,99,3,en_mesa,2.0,2025-12-23 01:00:12,anulada
4348,1298,2,para_llevar,,2025-10-27 12:10:48,anulada
4349,484,3,para_llevar,,2026-03-26 23:06:58,pagada
4350,211,2,domicilio,,2025-12-12 02:28:29,pagada
4351,200,3,domicilio,,2026-01-20 11:16:48,pagada
4352,335,4,domicilio,,2026-03-17 08:53:05,anulada
4353,1094,2,en_mesa,14.0,2025-09-07 18:15:09,cortesia
4354,1157,5,domicilio,,2025-12-03 09:38:27,anulada
4355,976,1,en_mesa,15.0,2025-11-11 09:28:13,pagada
4356,80,2,domicilio,,2025-06-28 20:35:51,pagada
4357,762,1,para_llevar,,2026-02-05 22:25:29,anulada
4358,816,3,para_llevar,,2025-09-18 19:53:12,pagada
4359,606,4,para_llevar,,2025-12-04 19:44:38,pagada
4360,292,5,domicilio,,2025-06-15 10:45:56,cortesia
4361,772,4,en_mesa,15.0,2025-05-14 01:35:44,pagada
4362,1435,1,domicilio,,2026-01-20 20:54:02,pagada
4363,150,3,en_mesa,1.0,2025-09-01 06:16:24,cortesia
4364,1059,3,domicilio,,2025-05-20 19:06:08,pagada
4365,351,1,en_mesa,12.0,2025-05-17 02:26:32,cortesia
4366,851,1,domicilio,,2026-03-08 19:58:27,pagada
4367,339,4,domicilio,,2026-02-01 00:55:11,pagada
4368,1241,5,domicilio,,2025-11-14 08:32:49,pagada
4369,917,5,en_mesa,2.0,2025-06-21 10:12:16,pagada
4370,61,5,para_llevar,,2025-08-22 10:07:46,cortesia
4371,204,2,para_llevar,,2026-01-09 14:34:15,pagada
4372,333,4,domicilio,,2025-11-20 15:01:58,pagada
4373,833,1,para_llevar,,2026-02-20 00:24:13,cortesia
4374,759,5,para_llevar,,2025-04-24 16:43:58,pagada
4375,322,2,en_mesa,10.0,2026-01-27 23:31:10,cortesia
4376,598,2,domicilio,,2025-08-10 16:31:01,anulada
4377,473,4,para_llevar,,2025-11-05 05:43:48,pagada
4378,968,3,en_mesa,3.0,2025-04-06 18:49:20,pagada
4379,404,3,en_mesa,10.0,2025-07-10 02:40:29,pagada
4380,954,3,en_mesa,1.0,2025-11-20 21:33:19,pagada
4381,775,5,para_llevar,,2026-02-14 21:29:25,cortesia
4382,1090,2,para_llevar,,2025-09-22 22:09:13,pagada
4383,1341,3,en_mesa,3.0,2025-11-02 12:55:57,anulada
4384,694,1,domicilio,,2025-09-21 11:25:40,pagada
4385,728,3,para_llevar,,2025-07-06 10:05:12,pagada
4386,856,3,para_llevar,,2025-06-24 05:23:30,cortesia
4387,678,5,para_llevar,,2026-01-09 17:47:58,pagada
4388,1357,5,en_mesa,13.0,2026-01-16 15:01:10,pagada
4389,1268,3,en_mesa,5.0,2025-06-24 04:27:43,cortesia
4390,230,2,en_mesa,2.0,2025-11-11 16:32:18,pagada
4391,461,3,domicilio,,2025-09-23 10:02:51,pagada
4392,808,1,para_llevar,,2025-09-23 19:21:15,pagada
4393,1491,1,domicilio,,2025-08-07 08:25:38,cortesia
4394,528,5,domicilio,,2025-11-28 12:49:09,pagada
4395,1200,4,en_mesa,1.0,2025-06-22 18:10:11,cortesia
4396,420,4,domicilio,,2025-07-02 00:45:37,anulada
4397,101,3,para_llevar,,2025-09-13 08:52:26,cortesia
4398,1394,3,para_llevar,,2025-06-14 00:13:33,pagada
4399,1105,3,para_llevar,,2025-10-31 12:15:45,pagada
4400,205,5,para_llevar,,2026-01-26 18:28:19,cortesia
4401,165,5,en_mesa,12.0,2026-03-16 11:38:51,pagada
4402,1300,1,domicilio,,2025-09-28 16:01:49,pagada
4403,506,3,domicilio,,2026-01-24 06:58:14,pagada
4404,566,3,para_llevar,,2026-01-01 04:21:04,pagada
4405,919,4,en_mesa,9.0,2026-02-19 05:15:22,pagada
4406,850,4,para_llevar,,2025-03-31 09:39:32,pagada
4407,1090,5,domicilio,,2025-11-18 14:18:09,pagada
4408,87,4,domicilio,,2025-11-08 04:26:35,pagada
4409,953,2,en_mesa,1.0,2025-04-27 21:09:28,pagada
4410,358,3,en_mesa,13.0,2025-08-12 23:57:54,pagada
4411,981,4,para_llevar,,2025-12-25 00:24:18,pagada
4412,589,1,en_mesa,5.0,2025-10-12 00:52:22,pagada
4413,939,3,para_llevar,,2025-05-02 15:52:30,pagada
4414,246,1,para_llevar,,2025-11-17 21:19:41,cortesia
4415,817,4,para_llevar,,2025-07-22 20:53:11,pagada
4416,1210,3,en_mesa,14.0,2026-03-01 04:39:23,pagada
4417,930,2,en_mesa,9.0,2025-06-22 10:09:49,anulada
4418,1345,3,en_mesa,3.0,2025-11-30 20:26:35,pagada
4419,154,4,para_llevar,,2025-04-18 15:28:43,pagada
4420,910,2,para_llevar,,2026-01-30 01:51:30,pagada
4421,1123,1,en_mesa,12.0,2025-11-26 10:54:55,cortesia
4422,41,4,en_mesa,9.0,2025-09-25 20:28:27,pagada
4423,348,5,para_llevar,,2025-04-04 23:33:31,anulada
4424,486,5,en_mesa,10.0,2026-03-03 09:33:15,pagada
4425,832,3,domicilio,,2026-03-07 07:16:09,pagada
4426,1233,5,en_mesa,12.0,2025-04-11 22:57:14,pagada
4427,1107,1,en_mesa,12.0,2025-10-27 06:33:40,anulada
4428,1129,1,en_mesa,2.0,2025-09-12 13:35:07,cortesia
4429,1485,3,para_llevar,,2025-09-14 09:32:07,pagada
4430,1226,2,domicilio,,2026-01-27 21:45:05,pagada
4431,354,5,para_llevar,,2026-01-09 18:56:19,pagada
4432,1335,3,en_mesa,13.0,2025-10-10 08:18:24,cortesia
4433,63,3,para_llevar,,2026-01-03 02:32:09,cortesia
4434,163,3,en_mesa,11.0,2025-11-02 09:48:02,pagada
4435,316,1,en_mesa,6.0,2025-10-23 06:00:10,pagada
4436,1188,3,para_llevar,,2025-05-13 06:04:39,pagada
4437,1279,1,para_llevar,,2025-07-03 12:09:59,cortesia
4438,1036,2,domicilio,,2025-08-21 08:29:20,pagada
4439,49,5,en_mesa,2.0,2026-03-10 17:00:15,cortesia
4440,1248,1,en_mesa,9.0,2026-02-08 02:43:19,pagada
4441,1440,3,en_mesa,2.0,2025-09-10 23:11:49,pagada
4442,337,3,domicilio,,2025-10-16 10:45:47,anulada
4443,1493,5,domicilio,,2026-03-29 07:55:46,anulada
4444,1285,3,domicilio,,2026-03-30 03:38:34,pagada
4445,136,5,en_mesa,4.0,2025-04-24 00:00:37,cortesia
4446,380,3,domicilio,,2025-06-20 13:43:46,pagada
4447,214,1,domicilio,,2025-08-05 01:33:13,cortesia
4448,27,3,domicilio,,2025-09-24 15:56:35,pagada
4449,852,4,en_mesa,4.0,2025-12-31 23:03:37,pagada
4450,366,3,en_mesa,3.0,2025-07-27 23:42:18,cortesia
4451,1234,2,en_mesa,10.0,2025-08-15 07:31:01,cortesia
4452,1147,3,en_mesa,4.0,2025-04-17 17:36:14,pagada
4453,40,5,para_llevar,,2025-07-25 19:43:29,pagada
4454,645,2,domicilio,,2025-11-28 03:45:10,cortesia
4455,67,3,en_mesa,5.0,2025-04-23 03:11:36,pagada
4456,600,2,domicilio,,2025-11-24 22:17:23,pagada
4457,936,2,para_llevar,,2025-12-05 07:38:16,pagada
4458,559,4,para_llevar,,2026-03-15 03:54:18,pagada
4459,1232,5,para_llevar,,2025-11-30 02:18:33,pagada
4460,1224,4,en_mesa,9.0,2026-03-15 23:00:21,anulada
4461,333,3,para_llevar,,2025-12-25 16:32:00,anulada
4462,989,4,para_llevar,,2025-04-20 22:42:07,cortesia
4463,1034,4,en_mesa,14.0,2026-02-04 12:37:23,anulada
4464,872,3,para_llevar,,2025-10-08 09:01:31,pagada
4465,380,3,en_mesa,7.0,2025-05-23 19:11:27,cortesia
4466,48,4,domicilio,,2025-06-28 04:03:35,pagada
4467,1182,3,para_llevar,,2025-05-11 19:46:20,pagada
4468,399,1,domicilio,,2026-02-04 09:13:57,pagada
4469,1058,4,domicilio,,2025-07-10 11:50:11,cortesia
4470,632,2,para_llevar,,2025-07-19 05:31:37,pagada
4471,578,2,para_llevar,,2025-06-14 12:41:47,anulada
4472,593,4,domicilio,,2025-05-10 18:23:44,pagada
4473,960,3,domicilio,,2026-03-30 13:53:17,anulada
4474,378,4,para_llevar,,2025-08-29 23:59:15,pagada
4475,134,5,en_mesa,6.0,2026-02-19 22:47:46,cortesia
4476,1294,4,para_llevar,,2025-08-04 06:54:24,pagada
4477,1390,2,domicilio,,2025-07-12 05:01:55,pagada
4478,1439,1,en_mesa,7.0,2025-04-27 13:36:59,pagada
4479,967,1,domicilio,,2025-11-11 12:58:22,pagada
4480,312,1,domicilio,,2025-07-06 08:37:11,cortesia
4481,1249,1,en_mesa,6.0,2025-11-05 22:00:25,pagada
4482,139,2,domicilio,,2026-02-06 06:35:01,cortesia
4483,899,2,para_llevar,,2025-11-21 13:16:06,pagada
4484,1250,2,domicilio,,2025-06-11 02:21:15,anulada
4485,557,1,domicilio,,2025-07-27 05:27:07,pagada
4486,1004,5,para_llevar,,2025-05-06 12:33:19,cortesia
4487,163,4,en_mesa,10.0,2026-01-07 01:12:08,pagada
4488,678,1,para_llevar,,2026-01-27 04:09:10,pagada
4489,1279,3,domicilio,,2025-11-03 10:28:00,pagada
4490,1046,2,domicilio,,2026-03-13 09:38:14,pagada
4491,207,2,para_llevar,,2026-01-27 07:30:34,pagada
4492,1442,5,domicilio,,2026-03-03 18:19:38,pagada
4493,471,3,domicilio,,2025-12-22 18:01:39,cortesia
4494,161,5,para_llevar,,2026-02-05 08:51:40,pagada
4495,358,5,para_llevar,,2026-03-01 12:07:12,pagada
4496,282,1,para_llevar,,2025-04-21 14:53:16,pagada
4497,364,1,domicilio,,2025-06-21 04:33:38,pagada
4498,574,3,en_mesa,14.0,2025-08-29 16:37:03,cortesia
4499,259,3,en_mesa,6.0,2026-01-02 23:14:56,pagada
4500,865,5,para_llevar,,2026-02-10 22:17:27,pagada
4501,123,1,para_llevar,,2025-08-01 15:53:46,anulada
4502,96,1,en_mesa,4.0,2026-03-05 16:14:07,anulada
4503,119,4,para_llevar,,2025-11-22 07:55:01,anulada
4504,1246,2,en_mesa,9.0,2026-01-01 13:53:58,pagada
4505,437,5,para_llevar,,2026-02-06 00:26:22,pagada
4506,746,4,en_mesa,11.0,2025-11-05 08:05:07,cortesia
4507,626,5,domicilio,,2026-02-27 20:15:07,pagada
4508,453,3,en_mesa,12.0,2025-10-26 02:48:50,pagada
4509,1057,1,para_llevar,,2025-07-07 00:41:47,anulada
4510,199,4,para_llevar,,2026-01-16 15:36:29,pagada
4511,1099,5,en_mesa,7.0,2025-07-09 03:31:17,anulada
4512,1374,5,domicilio,,2025-11-27 21:37:39,pagada
4513,60,4,domicilio,,2025-04-29 17:07:54,cortesia
4514,1312,4,en_mesa,7.0,2025-12-30 09:43:58,pagada
4515,318,4,domicilio,,2025-09-27 13:14:06,pagada
4516,252,3,para_llevar,,2025-04-28 10:44:05,pagada
4517,1321,3,domicilio,,2025-07-26 11:45:55,cortesia
4518,737,5,en_mesa,5.0,2025-05-13 09:39:55,pagada
4519,830,4,domicilio,,2025-10-30 19:30:14,anulada
4520,1227,3,para_llevar,,2025-09-18 10:24:23,pagada
4521,151,3,domicilio,,2026-02-19 00:40:05,pagada
4522,907,4,en_mesa,11.0,2025-07-04 02:27:07,anulada
4523,1078,2,en_mesa,8.0,2025-10-01 09:37:12,pagada
4524,431,2,en_mesa,11.0,2025-08-29 21:36:52,cortesia
4525,1448,4,para_llevar,,2026-02-12 07:52:35,anulada
4526,29,2,domicilio,,2025-05-13 22:36:00,anulada
4527,457,4,domicilio,,2025-08-30 09:07:16,pagada
4528,929,1,en_mesa,6.0,2025-07-18 13:20:24,anulada
4529,1069,3,domicilio,,2025-09-06 18:56:37,pagada
4530,870,3,domicilio,,2025-12-11 19:52:21,pagada
4531,1317,4,domicilio,,2025-08-10 22:26:28,anulada
4532,14,2,para_llevar,,2025-12-29 14:19:47,pagada
4533,1290,5,en_mesa,13.0,2025-06-16 20:59:42,anulada
4534,464,5,para_llevar,,2025-08-29 17:17:48,pagada
4535,1073,4,en_mesa,6.0,2025-07-20 15:22:14,anulada
4536,1314,3,en_mesa,9.0,2025-04-09 08:49:21,cortesia
4537,421,5,domicilio,,2025-05-15 18:13:00,cortesia
4538,374,2,en_mesa,6.0,2026-03-08 19:52:03,cortesia
4539,157,1,en_mesa,1.0,2026-01-18 22:20:22,pagada
4540,1071,5,domicilio,,2025-07-12 01:43:05,cortesia
4541,65,4,para_llevar,,2025-07-01 11:35:05,pagada
4542,1199,3,para_llevar,,2025-07-23 11:40:03,pagada
4543,817,3,domicilio,,2025-04-03 11:02:44,pagada
4544,330,2,para_llevar,,2025-12-31 05:12:32,pagada
4545,722,4,domicilio,,2026-03-28 23:26:18,anulada
4546,936,1,para_llevar,,2025-04-03 09:32:57,cortesia
4547,721,5,domicilio,,2025-12-26 21:08:25,pagada
4548,1144,1,en_mesa,7.0,2025-09-30 01:03:10,pagada
4549,916,2,en_mesa,3.0,2025-09-04 12:29:50,anulada
4550,1282,2,en_mesa,11.0,2025-04-18 06:41:27,anulada
4551,433,4,domicilio,,2026-02-04 20:04:14,pagada
4552,523,2,para_llevar,,2025-08-04 22:30:38,cortesia
4553,670,1,domicilio,,2025-09-26 14:00:16,pagada
4554,860,2,domicilio,,2025-10-12 08:01:39,pagada
4555,127,2,para_llevar,,2025-06-20 17:17:53,pagada
4556,733,3,domicilio,,2025-09-18 00:46:55,pagada
4557,655,2,domicilio,,2026-02-12 23:07:37,cortesia
4558,173,3,domicilio,,2026-02-20 12:15:52,anulada
4559,952,3,domicilio,,2025-10-14 01:21:42,pagada
4560,997,4,domicilio,,2025-09-09 09:55:38,anulada
4561,1198,5,para_llevar,,2025-04-15 22:29:39,anulada
4562,1140,5,para_llevar,,2026-01-10 07:55:40,pagada
4563,521,1,en_mesa,14.0,2025-11-12 12:24:21,pagada
4564,606,1,para_llevar,,2025-06-25 07:25:33,pagada
4565,304,3,para_llevar,,2025-07-30 09:59:54,pagada
4566,451,5,para_llevar,,2025-12-21 05:20:27,cortesia
4567,887,2,domicilio,,2025-04-08 00:04:32,pagada
4568,910,2,domicilio,,2026-01-27 11:35:29,pagada
4569,1212,1,en_mesa,5.0,2026-03-16 13:18:01,anulada
4570,944,5,en_mesa,4.0,2025-06-06 01:58:02,anulada
4571,384,5,en_mesa,5.0,2025-11-11 03:50:23,pagada
4572,139,5,domicilio,,2026-01-04 03:24:45,pagada
4573,333,5,para_llevar,,2026-02-28 19:43:03,cortesia
4574,881,2,en_mesa,14.0,2025-10-05 12:40:28,pagada
4575,166,1,para_llevar,,2025-08-10 00:24:43,pagada
4576,267,1,domicilio,,2026-01-22 18:02:06,pagada
4577,1043,1,domicilio,,2025-05-09 00:18:16,pagada
4578,1222,1,domicilio,,2025-08-20 00:07:56,cortesia
4579,1116,2,en_mesa,11.0,2025-07-10 11:46:28,cortesia
4580,711,3,en_mesa,9.0,2025-12-24 02:04:44,anulada
4581,502,3,en_mesa,10.0,2025-12-22 09:38:18,pagada
4582,276,2,domicilio,,2026-02-16 19:46:36,cortesia
4583,1391,2,domicilio,,2025-12-19 21:45:59,pagada
4584,1338,3,en_mesa,1.0,2025-08-07 14:35:20,pagada
4585,1360,2,en_mesa,7.0,2026-03-10 09:01:15,anulada
4586,230,5,para_llevar,,2026-02-12 20:22:57,cortesia
4587,335,1,domicilio,,2025-06-27 13:28:46,pagada
4588,1354,4,domicilio,,2025-09-15 08:06:24,pagada
4589,857,5,domicilio,,2025-09-24 16:17:28,anulada
4590,1314,1,en_mesa,7.0,2025-10-10 18:57:54,pagada
4591,1131,5,para_llevar,,2025-05-29 00:14:25,pagada
4592,1461,2,en_mesa,10.0,2025-12-19 21:01:52,pagada
4593,420,3,para_llevar,,2026-01-30 22:28:49,cortesia
4594,456,2,domicilio,,2025-07-07 16:17:34,anulada
4595,427,5,en_mesa,9.0,2026-02-09 01:02:05,cortesia
4596,262,4,en_mesa,2.0,2026-01-14 00:37:10,anulada
4597,469,1,domicilio,,2025-09-16 04:27:51,cortesia
4598,708,2,en_mesa,13.0,2026-02-07 06:44:56,pagada
4599,407,3,en_mesa,5.0,2025-07-30 08:15:34,pagada
4600,532,2,en_mesa,13.0,2025-12-06 05:59:51,pagada
4601,118,3,para_llevar,,2025-05-31 20:50:25,pagada
4602,395,5,en_mesa,2.0,2026-02-23 09:07:41,pagada
4603,594,3,para_llevar,,2025-05-27 23:11:18,pagada
4604,405,1,domicilio,,2025-11-24 01:14:50,cortesia
4605,36,4,para_llevar,,2025-08-07 08:13:26,pagada
4606,1088,1,para_llevar,,2025-12-17 00:11:42,cortesia
4607,645,2,para_llevar,,2026-02-16 15:06:18,pagada
4608,788,1,en_mesa,2.0,2026-03-11 06:02:51,pagada
4609,859,2,en_mesa,4.0,2025-12-11 06:20:28,pagada
4610,936,2,en_mesa,5.0,2026-01-14 20:34:42,pagada
4611,1010,3,para_llevar,,2025-10-22 03:48:00,pagada
4612,758,3,para_llevar,,2025-08-14 11:10:50,pagada
4613,1398,5,en_mesa,3.0,2026-01-23 02:23:40,cortesia
4614,1118,1,domicilio,,2025-04-09 06:30:03,anulada
4615,247,1,en_mesa,7.0,2025-06-02 06:56:30,cortesia
4616,464,2,para_llevar,,2025-11-23 16:28:34,cortesia
4617,931,4,domicilio,,2025-06-05 10:31:15,pagada
4618,998,5,domicilio,,2025-06-14 23:36:51,cortesia
4619,188,5,en_mesa,9.0,2025-07-12 02:34:36,pagada
4620,852,5,domicilio,,2025-07-26 09:06:51,cortesia
4621,78,5,para_llevar,,2025-08-06 03:32:25,pagada
4622,551,1,domicilio,,2025-05-29 20:46:17,anulada
4623,382,4,en_mesa,11.0,2025-12-19 05:24:33,anulada
4624,782,3,para_llevar,,2025-10-07 15:31:12,pagada
4625,1368,3,domicilio,,2025-07-20 23:18:02,pagada
4626,843,4,para_llevar,,2026-03-05 14:08:50,pagada
4627,387,2,domicilio,,2025-05-03 10:26:54,pagada
4628,1111,1,en_mesa,8.0,2025-08-29 01:36:22,pagada
4629,611,4,para_llevar,,2025-04-23 14:48:42,pagada
4630,135,4,en_mesa,8.0,2025-12-26 00:30:55,pagada
4631,763,4,para_llevar,,2025-07-01 20:02:12,pagada
4632,919,4,en_mesa,3.0,2025-11-14 14:49:12,pagada
4633,460,3,domicilio,,2025-10-08 13:55:44,pagada
4634,206,5,para_llevar,,2025-11-16 23:00:40,anulada
4635,1093,2,domicilio,,2025-08-16 05:12:06,cortesia
4636,1380,3,en_mesa,12.0,2026-03-12 09:48:13,pagada
4637,420,5,para_llevar,,2025-09-26 09:59:46,anulada
4638,880,2,en_mesa,13.0,2025-04-19 00:09:37,pagada
4639,1355,2,domicilio,,2025-07-21 20:34:35,cortesia
4640,1070,2,domicilio,,2025-12-10 01:00:38,anulada
4641,1101,4,domicilio,,2025-05-03 03:31:58,anulada
4642,215,3,domicilio,,2026-01-15 18:48:11,pagada
4643,1466,2,para_llevar,,2025-06-25 23:04:52,cortesia
4644,1395,5,domicilio,,2025-05-02 17:29:15,pagada
4645,1386,3,domicilio,,2026-03-23 05:30:05,pagada
4646,802,2,domicilio,,2025-06-28 09:41:17,pagada
4647,740,2,domicilio,,2025-12-12 23:37:20,pagada
4648,701,1,domicilio,,2025-07-15 00:26:24,pagada
4649,716,4,para_llevar,,2025-12-12 03:32:41,pagada
4650,111,4,en_mesa,5.0,2025-11-08 07:04:14,pagada
4651,175,3,en_mesa,3.0,2025-10-31 18:26:51,anulada
4652,683,2,en_mesa,8.0,2025-10-20 19:28:19,pagada
4653,1394,4,en_mesa,12.0,2026-01-06 07:45:10,pagada
4654,129,1,domicilio,,2026-02-04 17:06:29,cortesia
4655,452,3,para_llevar,,2025-08-01 11:52:47,pagada
4656,103,5,domicilio,,2026-01-21 09:31:23,anulada
4657,1071,2,para_llevar,,2025-07-25 13:23:53,pagada
4658,1075,3,en_mesa,7.0,2025-09-20 15:11:13,pagada
4659,170,5,en_mesa,10.0,2025-10-18 15:57:12,anulada
4660,978,5,en_mesa,2.0,2025-06-03 13:58:12,pagada
4661,749,2,en_mesa,5.0,2025-10-14 22:14:06,anulada
4662,809,4,domicilio,,2025-04-20 17:21:12,pagada
4663,41,4,domicilio,,2025-07-24 23:02:23,pagada
4664,583,5,en_mesa,8.0,2025-04-13 09:10:13,pagada
4665,1342,3,domicilio,,2026-03-28 00:26:06,pagada
4666,451,2,domicilio,,2026-02-04 07:29:55,anulada
4667,939,3,domicilio,,2026-03-06 06:10:10,cortesia
4668,491,5,para_llevar,,2025-10-12 11:25:44,anulada
4669,810,3,para_llevar,,2025-03-30 21:33:43,pagada
4670,721,4,en_mesa,3.0,2025-07-07 13:19:02,anulada
4671,1046,2,para_llevar,,2025-08-19 02:42:47,pagada
4672,1195,2,domicilio,,2026-02-14 22:54:55,pagada
4673,1042,3,domicilio,,2025-04-17 23:15:23,pagada
4674,32,2,domicilio,,2025-04-18 20:45:31,pagada
4675,257,4,en_mesa,4.0,2025-06-04 06:12:36,pagada
4676,843,2,en_mesa,14.0,2025-09-10 08:43:27,anulada
4677,802,2,en_mesa,11.0,2025-09-21 21:46:00,pagada
4678,385,3,domicilio,,2025-08-08 10:49:14,pagada
4679,236,3,en_mesa,4.0,2026-01-21 20:41:17,pagada
4680,758,1,para_llevar,,2025-04-21 02:29:16,anulada
4681,633,3,para_llevar,,2026-03-30 06:58:53,pagada
4682,800,5,en_mesa,13.0,2025-09-25 02:58:16,pagada
4683,909,1,domicilio,,2025-08-30 05:07:40,pagada
4684,1034,3,domicilio,,2025-10-20 05:27:16,pagada
4685,1270,2,domicilio,,2026-03-20 15:57:46,pagada
4686,600,5,domicilio,,2025-05-26 13:08:32,pagada
4687,893,3,domicilio,,2025-10-30 21:45:32,cortesia
4688,119,5,para_llevar,,2026-01-15 15:29:52,cortesia
4689,616,2,domicilio,,2025-07-07 05:53:25,pagada
4690,982,4,en_mesa,5.0,2025-11-04 02:06:00,cortesia
4691,983,4,en_mesa,4.0,2025-11-11 09:24:24,cortesia
4692,327,4,domicilio,,2025-08-26 15:12:45,cortesia
4693,351,4,para_llevar,,2025-06-30 14:12:32,pagada
4694,1380,2,en_mesa,15.0,2025-04-09 01:17:48,pagada
4695,312,2,domicilio,,2025-05-06 06:03:06,pagada
4696,990,5,domicilio,,2026-01-23 01:22:05,cortesia
4697,381,3,para_llevar,,2025-05-22 21:25:04,cortesia
4698,982,2,en_mesa,9.0,2026-02-14 22:08:20,cortesia
4699,1297,1,domicilio,,2026-01-16 00:19:05,cortesia
4700,216,3,domicilio,,2025-04-02 02:05:12,pagada
4701,1005,2,en_mesa,4.0,2026-03-29 14:36:56,pagada
4702,370,5,domicilio,,2025-12-23 15:08:42,pagada
4703,55,4,para_llevar,,2025-10-07 20:59:15,pagada
4704,753,1,domicilio,,2026-03-30 02:00:27,cortesia
4705,1422,3,en_mesa,12.0,2025-05-16 16:24:29,pagada
4706,1063,5,en_mesa,15.0,2025-08-26 16:43:42,pagada
4707,1267,4,domicilio,,2026-02-28 20:45:57,cortesia
4708,1369,2,domicilio,,2025-10-01 12:11:38,pagada
4709,878,2,en_mesa,7.0,2026-01-27 03:12:57,cortesia
4710,1148,1,para_llevar,,2026-01-28 14:29:42,anulada
4711,926,5,para_llevar,,2025-06-27 11:27:57,pagada
4712,622,1,en_mesa,2.0,2025-08-18 14:02:40,pagada
4713,75,1,en_mesa,2.0,2025-06-04 15:45:32,pagada
4714,726,3,para_llevar,,2025-06-22 19:27:59,pagada
4715,1410,4,domicilio,,2025-07-26 03:52:41,pagada
4716,1343,2,en_mesa,12.0,2025-12-31 15:03:22,pagada
4717,1196,2,domicilio,,2025-12-06 13:42:03,cortesia
4718,1008,1,domicilio,,2026-02-02 04:35:13,anulada
4719,2,3,domicilio,,2026-01-16 02:27:37,pagada
4720,498,1,para_llevar,,2026-01-21 22:00:35,pagada
4721,694,4,para_llevar,,2025-05-14 20:05:43,pagada
4722,327,1,en_mesa,7.0,2025-04-14 00:43:15,pagada
4723,105,2,para_llevar,,2025-11-03 08:13:53,pagada
4724,656,1,en_mesa,12.0,2025-09-16 18:09:08,pagada
4725,1212,1,domicilio,,2026-02-27 01:18:11,pagada
4726,41,1,domicilio,,2026-01-09 12:31:24,anulada
4727,1242,2,en_mesa,3.0,2026-01-14 12:15:31,pagada
4728,207,3,domicilio,,2026-02-24 02:17:22,pagada
4729,294,3,para_llevar,,2025-05-22 14:04:13,anulada
4730,192,4,en_mesa,9.0,2025-11-29 23:26:05,cortesia
4731,1216,4,domicilio,,2025-04-12 11:56:35,pagada
4732,881,4,en_mesa,3.0,2025-06-10 14:00:17,pagada
4733,778,3,para_llevar,,2026-02-12 02:55:16,pagada
4734,354,3,para_llevar,,2026-03-28 21:37:47,pagada
4735,279,5,en_mesa,8.0,2025-07-06 15:17:08,pagada
4736,555,5,para_llevar,,2026-01-06 20:25:47,pagada
4737,369,4,para_llevar,,2026-02-09 13:15:06,cortesia
4738,1105,3,domicilio,,2025-08-07 19:11:34,pagada
4739,696,4,en_mesa,7.0,2025-08-14 13:44:19,pagada
4740,447,1,domicilio,,2025-12-03 13:38:35,pagada
4741,1093,1,en_mesa,13.0,2026-01-17 09:08:59,cortesia
4742,1308,2,para_llevar,,2025-10-01 11:06:37,pagada
4743,732,2,para_llevar,,2025-04-08 11:24:26,cortesia
4744,75,2,en_mesa,10.0,2025-06-06 10:25:20,cortesia
4745,1047,1,domicilio,,2025-12-06 22:20:02,cortesia
4746,423,3,domicilio,,2025-09-07 02:46:31,anulada
4747,160,1,domicilio,,2025-06-22 10:18:18,anulada
4748,950,2,domicilio,,2025-08-21 16:23:22,anulada
4749,190,1,domicilio,,2025-12-22 18:28:43,pagada
4750,146,4,domicilio,,2025-09-13 14:45:09,cortesia
4751,1283,3,para_llevar,,2026-03-01 20:01:19,pagada
4752,529,4,en_mesa,10.0,2026-02-24 20:08:58,pagada
4753,961,1,domicilio,,2025-07-23 13:36:56,pagada
4754,838,2,domicilio,,2025-06-12 22:30:40,pagada
4755,287,1,domicilio,,2025-08-19 12:20:41,cortesia
4756,834,1,para_llevar,,2025-05-03 00:48:50,pagada
4757,130,5,domicilio,,2025-11-12 17:46:32,pagada
4758,379,1,en_mesa,15.0,2026-03-15 09:02:23,anulada
4759,1024,3,en_mesa,5.0,2025-05-21 13:48:25,pagada
4760,1403,2,para_llevar,,2025-12-30 17:36:36,pagada
4761,274,1,para_llevar,,2026-01-27 14:07:28,pagada
4762,256,3,en_mesa,14.0,2025-06-25 13:51:54,cortesia
4763,1056,3,domicilio,,2025-11-14 16:54:37,pagada
4764,546,2,para_llevar,,2025-06-22 13:08:03,cortesia
4765,231,1,en_mesa,1.0,2025-12-21 10:58:00,cortesia
4766,1043,2,en_mesa,1.0,2025-11-16 15:06:11,pagada
4767,105,4,para_llevar,,2025-12-15 12:25:51,anulada
4768,1019,1,en_mesa,10.0,2025-10-27 19:43:06,pagada
4769,387,2,domicilio,,2025-12-31 19:40:23,cortesia
4770,967,4,domicilio,,2025-07-24 19:50:24,pagada
4771,1406,3,en_mesa,6.0,2025-10-10 04:41:48,anulada
4772,112,3,en_mesa,14.0,2025-07-30 19:52:36,pagada
4773,1305,2,en_mesa,7.0,2025-12-03 01:21:07,cortesia
4774,590,2,domicilio,,2025-06-27 14:32:15,pagada
4775,808,4,en_mesa,13.0,2025-05-19 12:12:29,cortesia
4776,1248,1,en_mesa,10.0,2025-09-12 17:39:58,anulada
4777,106,4,en_mesa,12.0,2025-06-26 14:15:44,cortesia
4778,656,1,domicilio,,2025-09-30 11:31:58,pagada
4779,773,3,para_llevar,,2025-06-18 20:00:25,pagada
4780,446,5,en_mesa,15.0,2025-04-27 07:10:02,pagada
4781,758,2,domicilio,,2026-01-11 20:24:47,cortesia
4782,216,2,domicilio,,2025-12-27 04:43:04,anulada
4783,941,3,domicilio,,2026-01-07 19:19:37,pagada
4784,598,5,en_mesa,9.0,2025-08-17 00:14:50,pagada
4785,650,5,para_llevar,,2025-04-04 15:17:33,cortesia
4786,391,2,domicilio,,2025-09-16 10:42:09,pagada
4787,173,3,domicilio,,2025-09-11 14:25:01,anulada
4788,381,4,domicilio,,2025-08-02 01:25:03,cortesia
4789,621,2,domicilio,,2025-06-06 10:21:50,pagada
4790,532,5,domicilio,,2026-01-17 16:14:45,pagada
4791,958,5,para_llevar,,2025-07-08 04:18:15,pagada
4792,498,4,para_llevar,,2025-06-15 10:32:46,pagada
4793,47,3,para_llevar,,2026-02-03 19:52:33,cortesia
4794,568,5,para_llevar,,2026-02-10 07:22:47,cortesia
4795,217,1,domicilio,,2026-03-25 16:38:49,pagada
4796,87,2,domicilio,,2025-10-18 23:57:54,anulada
4797,743,3,en_mesa,4.0,2026-03-20 10:05:31,pagada
4798,1490,4,domicilio,,2025-10-31 00:12:27,pagada
4799,1433,3,en_mesa,8.0,2025-08-12 07:47:22,pagada
4800,1495,4,para_llevar,,2025-06-12 19:48:36,pagada
4801,1416,4,para_llevar,,2025-08-23 04:10:11,anulada
4802,551,3,para_llevar,,2025-10-22 21:22:01,anulada
4803,315,2,para_llevar,,2026-02-06 13:30:40,cortesia
4804,1404,4,en_mesa,4.0,2025-04-26 15:00:57,cortesia
4805,1366,1,para_llevar,,2026-01-13 19:35:14,pagada
4806,1247,5,para_llevar,,2025-06-21 01:05:27,cortesia
4807,695,4,en_mesa,5.0,2026-03-23 19:28:49,pagada
4808,1384,4,para_llevar,,2025-12-11 20:40:37,pagada
4809,1101,3,domicilio,,2025-11-13 21:25:46,pagada
4810,751,4,para_llevar,,2025-05-30 19:19:29,pagada
4811,532,5,para_llevar,,2025-12-23 12:29:24,anulada
4812,1417,1,domicilio,,2025-08-13 14:34:16,cortesia
4813,1053,2,domicilio,,2025-10-08 01:17:54,cortesia
4814,94,1,para_llevar,,2025-06-28 10:01:21,pagada
4815,452,3,en_mesa,11.0,2025-08-26 17:07:24,pagada
4816,17,4,para_llevar,,2025-05-04 23:32:42,cortesia
4817,1246,1,domicilio,,2026-02-10 00:12:37,anulada
4818,102,1,para_llevar,,2025-08-15 18:09:38,pagada
4819,916,1,en_mesa,11.0,2025-07-02 01:20:46,pagada
4820,105,1,para_llevar,,2026-03-09 12:18:07,pagada
4821,708,5,para_llevar,,2025-05-22 05:42:08,cortesia
4822,368,3,para_llevar,,2026-02-11 21:49:08,anulada
4823,3,1,para_llevar,,2025-11-20 11:09:07,cortesia
4824,717,3,domicilio,,2025-08-31 17:21:57,pagada
4825,1196,3,en_mesa,12.0,2025-04-05 18:14:02,anulada
4826,440,5,domicilio,,2025-10-30 01:04:13,cortesia
4827,1346,5,en_mesa,7.0,2025-09-20 19:40:58,pagada
4828,158,3,en_mesa,14.0,2025-04-08 18:28:01,anulada
4829,1294,1,para_llevar,,2026-02-28 04:01:26,anulada
4830,1173,5,domicilio,,2026-03-30 13:33:08,pagada
4831,830,2,domicilio,,2025-09-10 08:12:06,pagada
4832,872,3,para_llevar,,2025-04-06 08:02:33,anulada
4833,268,5,domicilio,,2025-08-31 21:18:56,pagada
4834,130,1,en_mesa,14.0,2026-01-17 14:15:11,pagada
4835,1046,1,en_mesa,5.0,2025-05-09 00:21:39,pagada
4836,99,1,en_mesa,4.0,2026-01-07 01:31:51,cortesia
4837,1069,5,domicilio,,2026-02-09 03:48:29,pagada
4838,699,4,domicilio,,2026-01-25 13:04:20,cortesia
4839,69,2,en_mesa,3.0,2026-02-23 20:27:23,pagada
4840,707,3,para_llevar,,2025-11-22 07:20:02,anulada
4841,1430,2,en_mesa,1.0,2025-11-29 07:52:59,pagada
4842,733,2,domicilio,,2025-08-01 23:35:33,pagada
4843,656,2,en_mesa,2.0,2026-03-01 04:31:54,pagada
4844,1198,3,domicilio,,2025-05-03 20:48:37,pagada
4845,259,5,en_mesa,3.0,2025-11-21 18:28:22,pagada
4846,959,5,en_mesa,7.0,2025-12-10 17:00:42,pagada
4847,605,4,para_llevar,,2025-05-31 06:15:28,pagada
4848,787,3,en_mesa,7.0,2025-07-14 20:44:52,cortesia
4849,10,4,para_llevar,,2025-11-13 15:34:48,cortesia
4850,399,1,domicilio,,2025-10-11 01:16:22,pagada
4851,606,5,para_llevar,,2025-08-09 18:26:51,pagada
4852,1342,3,para_llevar,,2025-05-24 11:31:09,pagada
4853,804,2,para_llevar,,2025-05-18 16:40:21,pagada
4854,91,2,en_mesa,3.0,2025-09-09 21:21:44,cortesia
4855,774,1,para_llevar,,2026-02-20 21:02:23,cortesia
4856,350,4,para_llevar,,2025-06-27 12:21:33,pagada
4857,187,4,en_mesa,1.0,2025-10-10 23:01:47,pagada
4858,1103,5,domicilio,,2025-10-31 01:27:58,pagada
4859,814,4,domicilio,,2025-09-13 13:36:40,pagada
4860,1162,2,domicilio,,2026-02-17 09:22:04,pagada
4861,112,2,en_mesa,15.0,2026-02-22 15:57:50,anulada
4862,637,5,para_llevar,,2025-11-10 19:51:41,pagada
4863,275,4,en_mesa,14.0,2026-01-25 03:11:21,cortesia
4864,812,2,domicilio,,2025-07-01 23:49:26,pagada
4865,1214,4,para_llevar,,2026-03-09 07:33:22,cortesia
4866,1140,1,en_mesa,4.0,2026-01-04 03:54:26,pagada
4867,1058,1,en_mesa,14.0,2026-01-09 19:02:34,anulada
4868,123,1,en_mesa,1.0,2025-12-29 02:56:36,pagada
4869,88,3,para_llevar,,2025-05-05 19:42:15,cortesia
4870,1395,4,en_mesa,7.0,2025-08-04 22:31:02,pagada
4871,453,5,domicilio,,2025-07-20 02:01:13,cortesia
4872,342,2,domicilio,,2026-01-29 06:05:36,pagada
4873,1312,4,en_mesa,13.0,2025-04-24 01:06:29,cortesia
4874,1151,4,domicilio,,2025-11-03 09:22:02,pagada
4875,810,1,para_llevar,,2025-04-25 23:41:59,pagada
4876,857,5,domicilio,,2025-12-10 19:32:56,pagada
4877,536,2,domicilio,,2026-02-22 09:13:49,pagada
4878,1112,2,en_mesa,2.0,2025-12-20 04:04:03,pagada
4879,1497,2,domicilio,,2025-06-21 20:50:24,pagada
4880,1491,4,en_mesa,8.0,2025-05-03 12:51:34,pagada
4881,221,1,domicilio,,2026-03-14 04:56:30,pagada
4882,344,4,domicilio,,2025-04-03 13:46:53,anulada
4883,353,1,en_mesa,6.0,2025-11-02 21:29:58,cortesia
4884,1280,3,domicilio,,2025-08-16 21:16:54,pagada
4885,1451,3,en_mesa,13.0,2025-10-03 22:44:17,pagada
4886,946,3,en_mesa,15.0,2025-10-29 06:03:39,cortesia
4887,1387,4,en_mesa,13.0,2025-11-19 10:54:48,pagada
4888,74,3,para_llevar,,2025-08-03 22:20:50,cortesia
4889,830,4,domicilio,,2026-03-19 02:57:53,pagada
4890,105,4,domicilio,,2025-04-16 05:48:16,pagada
4891,955,3,para_llevar,,2025-04-14 10:16:27,cortesia
4892,1313,4,en_mesa,15.0,2025-05-08 22:27:36,pagada
4893,248,2,en_mesa,2.0,2025-10-31 16:56:13,pagada
4894,658,5,para_llevar,,2025-07-22 21:30:57,pagada
4895,852,2,para_llevar,,2025-11-11 21:09:41,pagada
4896,1480,3,en_mesa,6.0,2025-12-21 16:22:11,pagada
4897,1365,4,en_mesa,11.0,2026-02-25 22:03:45,anulada
4898,1422,3,para_llevar,,2025-07-30 00:46:13,cortesia
4899,873,5,domicilio,,2026-03-16 12:07:33,anulada
4900,705,5,para_llevar,,2025-07-06 21:05:35,cortesia
4901,1074,2,domicilio,,2025-04-05 01:22:15,pagada
4902,1396,4,en_mesa,3.0,2026-01-15 22:11:05,cortesia
4903,929,1,en_mesa,13.0,2026-02-27 22:49:23,cortesia
4904,1365,2,domicilio,,2026-01-12 13:23:28,cortesia
4905,965,2,domicilio,,2025-07-01 09:26:23,pagada
4906,1048,3,en_mesa,14.0,2025-12-24 14:20:06,pagada
4907,593,1,para_llevar,,2025-07-10 19:12:36,cortesia
4908,373,1,en_mesa,2.0,2025-05-04 08:50:03,pagada
4909,508,4,en_mesa,15.0,2025-04-25 14:58:27,pagada
4910,1117,1,para_llevar,,2026-03-16 06:58:50,pagada
4911,731,5,para_llevar,,2025-04-16 00:47:27,pagada
4912,456,3,domicilio,,2025-06-22 04:52:37,pagada
4913,1468,4,domicilio,,2026-02-25 05:01:16,pagada
4914,266,1,para_llevar,,2025-12-27 04:56:26,cortesia
4915,533,3,en_mesa,7.0,2025-10-19 01:33:31,pagada
4916,1185,2,para_llevar,,2025-08-18 07:09:29,cortesia
4917,861,2,en_mesa,9.0,2025-07-27 04:10:48,pagada
4918,592,2,en_mesa,14.0,2025-04-19 14:00:15,pagada
4919,1411,1,para_llevar,,2025-11-24 04:52:52,pagada
4920,603,1,domicilio,,2025-04-24 12:06:34,anulada
4921,912,3,en_mesa,1.0,2025-11-30 13:45:16,cortesia
4922,506,2,domicilio,,2025-10-07 10:16:42,anulada
4923,596,5,en_mesa,13.0,2025-04-16 21:49:13,pagada
4924,896,2,para_llevar,,2025-07-05 03:42:39,pagada
4925,117,3,domicilio,,2025-09-29 19:50:53,pagada
4926,670,1,para_llevar,,2025-05-02 00:12:37,pagada
4927,1350,1,domicilio,,2025-05-05 06:41:08,cortesia
4928,718,4,para_llevar,,2026-02-17 21:34:27,cortesia
4929,801,5,domicilio,,2025-06-04 07:51:50,cortesia
4930,902,4,en_mesa,9.0,2026-01-11 20:44:33,pagada
4931,770,2,domicilio,,2025-11-10 11:17:22,anulada
4932,518,3,en_mesa,8.0,2025-11-25 12:17:49,anulada
4933,87,1,en_mesa,3.0,2025-05-25 06:10:16,pagada
4934,1267,4,en_mesa,9.0,2026-01-21 09:40:12,pagada
4935,1093,1,domicilio,,2025-05-26 01:40:36,pagada
4936,744,5,en_mesa,8.0,2025-09-13 05:09:15,pagada
4937,1431,4,para_llevar,,2025-11-18 11:04:57,anulada
4938,152,5,en_mesa,7.0,2026-01-10 14:30:43,pagada
4939,845,5,domicilio,,2025-04-08 08:11:57,cortesia
4940,1348,4,en_mesa,8.0,2025-05-02 23:27:28,cortesia
4941,676,3,domicilio,,2026-03-23 11:45:48,pagada
4942,124,4,para_llevar,,2025-10-22 10:24:54,cortesia
4943,134,1,en_mesa,11.0,2025-06-20 06:13:22,pagada
4944,1458,2,para_llevar,,2025-07-25 17:16:14,pagada
4945,215,5,para_llevar,,2025-11-17 10:43:14,anulada
4946,1191,2,domicilio,,2025-11-04 12:52:48,pagada
4947,802,3,para_llevar,,2025-04-10 02:18:51,cortesia
4948,177,1,domicilio,,2026-01-07 23:33:35,pagada
4949,901,5,en_mesa,11.0,2025-04-23 12:40:25,cortesia
4950,108,3,para_llevar,,2025-06-17 04:56:37,anulada
4951,540,2,en_mesa,9.0,2026-02-19 12:31:27,pagada
4952,48,1,en_mesa,7.0,2025-06-10 06:25:12,pagada
4953,505,2,en_mesa,1.0,2025-06-19 20:55:21,pagada
4954,1361,5,domicilio,,2025-11-08 03:42:30,anulada
4955,994,3,domicilio,,2025-12-17 02:59:46,cortesia
4956,974,2,domicilio,,2025-07-15 11:50:15,cortesia
4957,594,2,en_mesa,8.0,2025-05-25 19:01:35,pagada
4958,713,4,en_mesa,7.0,2025-05-17 00:45:29,anulada
4959,1220,3,domicilio,,2026-02-26 14:25:54,pagada
4960,1263,5,domicilio,,2026-01-12 18:31:45,cortesia
4961,878,5,domicilio,,2026-03-11 19:17:55,pagada
4962,946,5,domicilio,,2025-11-21 18:22:07,pagada
4963,1363,2,para_llevar,,2026-02-04 00:02:04,pagada
4964,52,3,domicilio,,2025-12-28 17:22:34,pagada
4965,1308,1,en_mesa,9.0,2025-04-24 13:27:53,cortesia
4966,372,3,domicilio,,2025-11-02 14:44:20,anulada
4967,721,4,domicilio,,2026-02-08 13:31:31,pagada
4968,773,5,domicilio,,2025-04-13 14:25:00,pagada
4969,749,1,domicilio,,2025-10-14 15:20:10,cortesia
4970,340,4,para_llevar,,2025-09-27 01:37:04,pagada
4971,1011,4,para_llevar,,2025-07-26 06:50:50,anulada
4972,1002,3,para_llevar,,2025-12-05 01:37:50,cortesia
4973,837,2,domicilio,,2025-10-27 06:05:50,anulada
4974,482,1,en_mesa,3.0,2025-05-31 01:12:26,cortesia
4975,489,5,domicilio,,2026-01-10 00:10:49,anulada
4976,359,5,domicilio,,2025-07-24 22:21:15,pagada
4977,1199,2,en_mesa,8.0,2026-01-30 00:13:29,pagada
4978,887,5,domicilio,,2025-07-28 12:09:19,cortesia
4979,757,5,para_llevar,,2025-12-19 20:06:13,pagada
4980,1252,3,para_llevar,,2025-05-19 18:50:24,pagada
4981,822,2,en_mesa,1.0,2026-03-04 12:39:01,pagada
4982,800,4,en_mesa,5.0,2025-11-12 03:00:48,anulada
4983,796,4,para_llevar,,2025-09-11 18:54:30,cortesia
4984,294,5,domicilio,,2026-03-04 06:38:56,pagada
4985,1105,5,para_llevar,,2026-02-16 05:17:03,cortesia
4986,386,1,para_llevar,,2026-02-15 00:42:09,pagada
4987,470,2,en_mesa,15.0,2025-11-18 10:34:56,cortesia
4988,547,2,en_mesa,12.0,2026-03-13 14:40:02,cortesia
4989,88,4,en_mesa,12.0,2025-04-30 08:46:35,cortesia
4990,1001,3,domicilio,,2025-04-12 13:49:00,pagada
4991,653,1,domicilio,,2025-07-04 11:39:19,cortesia
4992,1391,2,en_mesa,5.0,2025-08-11 09:19:51,pagada
4993,1204,4,para_llevar,,2025-05-26 01:59:48,cortesia
4994,697,2,domicilio,,2025-09-23 23:43:10,anulada
4995,953,1,domicilio,,2025-10-04 04:11:15,anulada
4996,285,5,para_llevar,,2025-06-15 07:31:37,pagada
4997,362,2,para_llevar,,2026-01-08 23:13:20,pagada
4998,379,4,domicilio,,2026-03-10 08:10:52,anulada
4999,1417,2,para_llevar,,2025-07-17 09:46:39,pagada
5000,1255,1,domicilio,,2025-04-13 09:45:58,anulada
5001,832,3,domicilio,,2025-08-09 11:56:54,cortesia
5002,956,3,para_llevar,,2025-11-17 18:48:24,cortesia
5003,75,1,domicilio,,2026-02-18 03:34:01,anulada
5004,857,3,para_llevar,,2025-04-27 23:04:36,pagada
5005,387,2,en_mesa,4.0,2025-09-01 15:10:39,pagada
5006,479,3,para_llevar,,2025-07-16 19:19:15,anulada
5007,503,2,en_mesa,4.0,2025-04-15 13:59:14,cortesia
5008,1421,4,en_mesa,13.0,2025-09-29 03:08:43,pagada
5009,348,5,domicilio,,2025-05-31 03:10:59,pagada
5010,1103,1,en_mesa,4.0,2025-09-07 01:53:23,cortesia
5011,1495,3,en_mesa,7.0,2025-04-30 04:39:57,pagada
5012,1000,1,para_llevar,,2025-12-01 09:45:02,pagada
5013,668,3,en_mesa,7.0,2026-03-19 02:21:22,pagada
5014,1278,4,para_llevar,,2025-05-02 19:43:24,pagada
5015,1421,3,domicilio,,2025-10-18 15:27:27,pagada
5016,1033,5,para_llevar,,2025-07-15 03:14:01,pagada
5017,1397,4,en_mesa,13.0,2026-01-15 03:40:47,pagada
5018,740,3,para_llevar,,2025-07-20 13:26:27,pagada
5019,1382,1,para_llevar,,2026-03-12 05:06:46,pagada
5020,201,2,domicilio,,2025-11-02 17:30:53,anulada
5021,1333,1,en_mesa,15.0,2025-11-03 15:24:40,pagada
5022,985,5,para_llevar,,2025-10-25 23:31:28,anulada
5023,1044,4,para_llevar,,2025-10-28 06:22:44,pagada
5024,19,3,en_mesa,4.0,2025-07-14 15:49:02,pagada
5025,452,2,en_mesa,4.0,2025-06-09 08:31:24,pagada
5026,347,2,en_mesa,3.0,2025-12-17 07:41:40,anulada
5027,404,5,para_llevar,,2025-07-17 05:19:22,pagada
5028,214,3,para_llevar,,2025-11-26 14:21:20,cortesia
5029,941,3,para_llevar,,2026-02-07 14:02:46,anulada
5030,261,5,domicilio,,2025-10-25 19:27:37,pagada
5031,58,5,en_mesa,1.0,2025-08-02 00:39:25,pagada
5032,1339,2,en_mesa,14.0,2025-10-27 07:08:05,anulada
5033,106,4,domicilio,,2025-04-18 16:10:50,anulada
5034,216,1,domicilio,,2025-12-24 11:02:53,anulada
5035,8,4,en_mesa,1.0,2026-01-21 15:32:44,anulada
5036,1427,3,para_llevar,,2025-09-02 07:31:42,anulada
5037,1438,5,en_mesa,1.0,2025-10-12 13:45:46,pagada
5038,758,2,para_llevar,,2025-10-22 03:50:31,anulada
5039,241,4,para_llevar,,2025-12-05 00:25:06,anulada
5040,356,4,para_llevar,,2025-09-29 06:49:08,cortesia
5041,1002,3,domicilio,,2025-07-26 00:29:55,pagada
5042,422,5,en_mesa,15.0,2025-04-07 02:48:15,anulada
5043,478,1,para_llevar,,2025-12-20 15:01:18,pagada
5044,1130,2,para_llevar,,2025-05-11 07:28:15,pagada
5045,1449,5,domicilio,,2025-05-19 11:45:23,cortesia
5046,508,1,para_llevar,,2026-03-14 09:26:18,pagada
5047,985,5,domicilio,,2025-08-29 13:53:27,pagada
5048,900,2,en_mesa,14.0,2026-01-12 10:47:05,anulada
5049,602,2,para_llevar,,2025-04-02 12:18:32,pagada
5050,540,2,en_mesa,11.0,2025-05-21 06:22:54,cortesia
5051,518,2,en_mesa,12.0,2025-06-25 10:55:18,cortesia
5052,1336,1,para_llevar,,2025-04-08 08:29:58,pagada
5053,1148,5,en_mesa,14.0,2025-05-24 07:27:05,anulada
5054,1105,2,para_llevar,,2025-07-12 06:12:24,pagada
5055,1038,3,para_llevar,,2025-04-18 19:27:41,pagada
5056,1327,2,domicilio,,2025-08-13 00:34:33,pagada
5057,960,4,domicilio,,2025-04-17 14:03:48,pagada
5058,550,1,para_llevar,,2025-06-11 04:32:50,pagada
5059,392,2,en_mesa,7.0,2025-05-04 06:06:13,pagada
5060,868,5,para_llevar,,2026-02-18 18:56:44,pagada
5061,276,2,para_llevar,,2025-06-26 09:46:22,pagada
5062,102,5,para_llevar,,2026-03-13 02:09:49,pagada
5063,242,1,domicilio,,2025-10-15 14:38:02,pagada
5064,547,3,domicilio,,2026-01-13 20:21:01,pagada
5065,1314,1,en_mesa,11.0,2025-12-21 10:32:37,anulada
5066,841,4,en_mesa,10.0,2025-08-11 21:01:31,pagada
5067,1118,5,domicilio,,2025-04-26 12:44:44,pagada
5068,324,2,en_mesa,12.0,2025-07-28 05:58:57,pagada
5069,645,5,en_mesa,1.0,2026-01-21 20:12:58,cortesia
5070,788,5,domicilio,,2025-06-15 09:05:21,pagada
5071,1379,5,para_llevar,,2025-04-06 11:15:58,pagada
5072,861,4,en_mesa,6.0,2025-12-29 14:45:31,pagada
5073,60,3,en_mesa,13.0,2025-07-25 09:55:00,pagada
5074,1041,5,para_llevar,,2025-06-27 11:21:48,anulada
5075,357,5,para_llevar,,2025-11-30 05:19:18,pagada
5076,541,5,domicilio,,2025-04-30 15:45:21,pagada
5077,1409,1,domicilio,,2025-08-18 02:17:03,pagada
5078,1096,5,domicilio,,2025-06-03 12:16:27,anulada
5079,1490,1,en_mesa,2.0,2026-03-30 04:16:04,pagada
5080,975,1,en_mesa,7.0,2025-10-05 23:51:16,pagada
5081,227,5,en_mesa,12.0,2025-08-20 15:35:09,pagada
5082,1047,4,domicilio,,2026-01-20 15:27:15,anulada
5083,176,4,domicilio,,2025-08-30 05:43:07,pagada
5084,1070,4,para_llevar,,2025-08-27 22:07:59,cortesia
5085,1287,5,domicilio,,2025-10-25 09:05:41,pagada
5086,487,3,para_llevar,,2025-08-22 20:27:59,pagada
5087,472,2,en_mesa,3.0,2025-05-28 11:57:50,pagada
5088,275,2,en_mesa,14.0,2025-05-26 09:34:13,pagada
5089,504,2,en_mesa,13.0,2025-12-04 02:28:00,pagada
5090,382,4,en_mesa,9.0,2025-09-21 00:33:34,pagada
5091,211,4,en_mesa,15.0,2025-07-20 05:34:14,cortesia
5092,86,4,domicilio,,2025-04-06 22:08:01,pagada
5093,939,1,en_mesa,9.0,2025-08-01 09:04:06,pagada
5094,1282,3,para_llevar,,2025-12-23 12:36:14,pagada
5095,626,2,en_mesa,15.0,2026-02-01 00:26:06,pagada
5096,694,2,en_mesa,1.0,2025-10-04 21:58:06,pagada
5097,1036,3,en_mesa,1.0,2026-02-06 11:40:33,pagada
5098,1080,1,en_mesa,1.0,2026-03-19 00:24:00,pagada
5099,763,1,en_mesa,12.0,2025-08-08 12:39:43,pagada
5100,895,1,domicilio,,2025-08-23 03:50:40,pagada
5101,1500,3,domicilio,,2026-01-27 03:33:44,pagada
5102,270,4,en_mesa,15.0,2025-04-14 23:20:20,pagada
5103,470,3,en_mesa,2.0,2025-10-02 22:26:53,pagada
5104,1353,4,para_llevar,,2025-04-30 20:36:40,cortesia
5105,360,5,en_mesa,7.0,2026-02-10 05:25:15,anulada
5106,1194,1,en_mesa,4.0,2025-05-17 12:56:15,pagada
5107,378,2,domicilio,,2025-09-25 01:36:19,pagada
5108,413,5,para_llevar,,2025-08-12 23:35:11,pagada
5109,433,1,para_llevar,,2025-11-30 14:00:07,pagada
5110,715,3,domicilio,,2025-09-03 07:51:08,pagada
5111,1388,1,domicilio,,2025-06-08 13:13:40,pagada
5112,478,1,en_mesa,5.0,2025-05-31 23:15:28,anulada
5113,1340,3,domicilio,,2025-08-14 16:56:48,cortesia
5114,1385,1,para_llevar,,2025-09-26 20:33:59,pagada
5115,54,4,en_mesa,6.0,2026-03-06 15:30:45,pagada
5116,645,1,en_mesa,2.0,2026-03-01 10:19:15,cortesia
5117,998,4,para_llevar,,2026-03-01 17:35:22,cortesia
5118,578,3,para_llevar,,2026-03-01 12:01:46,anulada
5119,749,3,para_llevar,,2025-11-11 15:40:29,pagada
5120,1445,5,domicilio,,2025-08-30 19:30:52,cortesia
5121,1329,4,para_llevar,,2025-11-30 16:22:20,pagada
5122,179,3,domicilio,,2025-04-01 14:24:01,pagada
5123,1428,3,para_llevar,,2025-12-21 08:39:27,cortesia
5124,722,5,domicilio,,2025-10-13 14:21:10,pagada
5125,555,2,en_mesa,4.0,2026-03-07 05:57:08,pagada
5126,1330,1,en_mesa,5.0,2025-11-09 06:38:41,cortesia
5127,213,2,para_llevar,,2025-04-06 22:12:53,anulada
5128,1189,4,en_mesa,9.0,2025-08-20 04:21:40,pagada
5129,420,3,en_mesa,14.0,2025-07-18 19:27:43,pagada
5130,113,3,para_llevar,,2025-07-05 03:15:29,cortesia
5131,975,2,en_mesa,15.0,2026-03-01 13:11:39,anulada
5132,1086,5,en_mesa,4.0,2026-03-13 17:56:32,pagada
5133,873,1,para_llevar,,2025-10-26 10:48:30,pagada
5134,1156,5,en_mesa,12.0,2025-08-10 21:08:37,pagada
5135,966,1,en_mesa,6.0,2025-04-25 13:38:27,pagada
5136,312,5,en_mesa,3.0,2025-09-22 07:02:13,cortesia
5137,403,4,para_llevar,,2025-12-26 15:58:29,pagada
5138,1057,3,para_llevar,,2025-07-09 23:30:14,pagada
5139,68,1,domicilio,,2025-04-19 17:01:16,pagada
5140,1171,3,para_llevar,,2025-10-15 14:56:57,pagada
5141,1400,2,en_mesa,15.0,2025-12-06 06:56:04,cortesia
5142,873,1,domicilio,,2025-12-24 19:19:52,pagada
5143,932,1,para_llevar,,2025-04-19 21:14:14,cortesia
5144,759,2,domicilio,,2026-02-25 09:27:12,pagada
5145,25,2,domicilio,,2026-02-01 15:15:07,cortesia
5146,1254,5,domicilio,,2025-05-25 13:54:00,cortesia
5147,463,2,para_llevar,,2025-07-25 02:23:41,anulada
5148,1278,1,en_mesa,1.0,2025-05-29 14:59:11,pagada
5149,71,4,domicilio,,2025-08-31 06:48:55,pagada
5150,18,2,en_mesa,14.0,2025-08-17 15:26:41,anulada
5151,1218,1,en_mesa,6.0,2025-04-23 02:59:21,pagada
5152,1001,1,para_llevar,,2025-09-02 18:00:58,anulada
5153,24,4,domicilio,,2025-08-17 17:02:57,pagada
5154,1387,2,para_llevar,,2025-12-10 13:00:09,pagada
5155,969,5,en_mesa,1.0,2025-11-18 04:32:17,pagada
5156,1421,4,en_mesa,9.0,2026-01-05 16:36:11,cortesia
5157,976,1,en_mesa,1.0,2026-01-28 19:44:08,pagada
5158,135,3,para_llevar,,2025-08-27 09:05:46,anulada
5159,1164,3,en_mesa,11.0,2026-03-14 11:55:33,cortesia
5160,815,4,domicilio,,2025-07-15 20:51:10,anulada
5161,1414,3,domicilio,,2025-06-14 13:40:05,cortesia
5162,1386,4,en_mesa,9.0,2025-08-21 01:58:34,cortesia
5163,482,3,domicilio,,2025-08-30 14:49:47,pagada
5164,136,3,domicilio,,2025-09-13 19:55:29,cortesia
5165,418,3,domicilio,,2025-04-10 22:18:19,pagada
5166,1335,3,domicilio,,2025-12-14 02:30:07,cortesia
5167,204,3,en_mesa,13.0,2025-07-22 13:20:16,pagada
5168,1465,5,para_llevar,,2025-12-17 05:08:11,anulada
5169,1075,2,domicilio,,2025-09-05 10:51:08,pagada
5170,190,1,domicilio,,2025-07-18 12:06:37,pagada
5171,1081,3,en_mesa,1.0,2026-03-02 13:54:58,pagada
5172,982,1,domicilio,,2025-11-14 06:40:05,cortesia
5173,273,4,para_llevar,,2026-01-02 12:56:45,pagada
5174,638,5,para_llevar,,2025-08-16 23:55:22,anulada
5175,361,3,domicilio,,2025-11-01 19:36:47,pagada
5176,861,1,en_mesa,14.0,2025-06-05 01:42:01,pagada
5177,793,2,para_llevar,,2025-07-25 07:49:59,anulada
5178,970,5,en_mesa,13.0,2025-08-07 16:44:17,pagada
5179,262,3,domicilio,,2025-06-23 12:37:50,pagada
5180,728,5,domicilio,,2025-09-10 22:08:00,pagada
5181,551,2,en_mesa,7.0,2026-03-16 00:50:28,pagada
5182,2,1,domicilio,,2025-10-03 10:18:55,cortesia
5183,886,1,domicilio,,2025-11-15 00:01:02,anulada
5184,1219,5,para_llevar,,2025-04-24 03:43:01,pagada
5185,571,4,en_mesa,4.0,2025-07-30 21:45:46,pagada
5186,406,2,en_mesa,9.0,2025-04-07 04:38:07,pagada
5187,1169,5,en_mesa,3.0,2025-05-25 05:19:09,pagada
5188,778,3,para_llevar,,2025-10-31 03:00:41,anulada
5189,1373,2,en_mesa,5.0,2025-11-27 13:23:52,pagada
5190,364,1,domicilio,,2025-04-14 02:03:29,cortesia
5191,230,4,en_mesa,4.0,2025-07-20 12:39:28,pagada
5192,1280,3,en_mesa,14.0,2025-06-05 08:07:52,pagada
5193,1371,1,para_llevar,,2025-06-15 07:54:29,pagada
5194,900,1,en_mesa,1.0,2025-10-08 22:50:22,cortesia
5195,1420,1,domicilio,,2025-10-09 05:38:20,cortesia
5196,407,2,domicilio,,2025-05-26 18:13:08,anulada
5197,646,4,en_mesa,8.0,2026-02-27 15:49:19,anulada
5198,199,5,domicilio,,2025-10-18 13:28:25,pagada
5199,817,5,para_llevar,,2025-07-06 06:57:46,anulada
5200,1326,3,domicilio,,2025-05-13 14:11:21,anulada
5201,1479,3,para_llevar,,2025-10-28 18:33:58,pagada
5202,977,5,en_mesa,2.0,2025-06-12 14:41:59,pagada
5203,372,4,en_mesa,8.0,2025-09-22 19:05:11,pagada
5204,432,3,para_llevar,,2026-03-28 08:25:34,pagada
5205,1193,4,en_mesa,6.0,2026-01-24 08:19:48,cortesia
5206,680,4,en_mesa,1.0,2026-03-26 11:17:39,pagada
5207,1094,3,domicilio,,2025-07-13 10:37:11,anulada
5208,882,2,para_llevar,,2025-05-15 22:43:14,pagada
5209,84,4,domicilio,,2025-06-05 20:33:31,anulada
5210,1180,5,domicilio,,2026-03-21 00:37:03,pagada
5211,14,2,domicilio,,2025-04-05 16:36:55,anulada
5212,1384,5,en_mesa,3.0,2025-08-11 03:43:40,pagada
5213,1413,3,en_mesa,11.0,2026-03-29 06:03:18,pagada
5214,543,2,en_mesa,14.0,2025-08-30 12:21:26,pagada
5215,1343,1,en_mesa,8.0,2025-05-31 01:07:44,anulada
5216,751,3,en_mesa,9.0,2025-09-28 11:14:28,pagada
5217,817,5,en_mesa,14.0,2025-08-28 17:20:21,cortesia
5218,417,1,en_mesa,7.0,2026-03-25 06:01:30,pagada
5219,749,4,en_mesa,13.0,2025-05-18 05:54:09,pagada
5220,231,4,en_mesa,4.0,2025-05-22 21:36:46,pagada
5221,1218,5,domicilio,,2026-02-02 00:41:35,pagada
5222,262,2,en_mesa,11.0,2025-09-04 12:58:23,anulada
5223,716,2,para_llevar,,2025-09-23 01:24:50,cortesia
5224,855,3,en_mesa,15.0,2025-08-15 20:43:04,pagada
5225,341,4,domicilio,,2025-11-19 17:12:04,pagada
5226,217,1,para_llevar,,2025-08-24 01:24:34,pagada
5227,101,2,para_llevar,,2025-10-23 07:04:05,pagada
5228,450,4,domicilio,,2026-03-26 03:43:13,pagada
5229,785,4,para_llevar,,2025-05-13 21:48:02,pagada
5230,1294,1,domicilio,,2026-02-27 09:05:46,pagada
5231,1424,5,domicilio,,2025-06-25 21:27:46,pagada
5232,719,1,en_mesa,12.0,2025-12-30 15:22:31,anulada
5233,1165,1,en_mesa,2.0,2025-07-08 17:33:32,cortesia
5234,1376,2,en_mesa,15.0,2025-10-02 01:25:32,pagada
5235,575,1,para_llevar,,2025-07-27 22:16:15,pagada
5236,1335,5,en_mesa,8.0,2025-08-01 00:39:52,pagada
5237,1378,2,domicilio,,2026-03-11 04:49:55,pagada
5238,1368,2,domicilio,,2026-03-28 23:52:35,pagada
5239,1298,3,para_llevar,,2025-06-10 10:16:10,pagada
5240,263,3,en_mesa,5.0,2026-01-23 19:30:52,cortesia
5241,467,4,para_llevar,,2026-01-20 05:17:07,anulada
5242,341,2,para_llevar,,2025-09-28 22:54:13,pagada
5243,857,2,en_mesa,2.0,2026-02-07 17:25:51,pagada
5244,525,5,para_llevar,,2026-01-18 07:46:39,pagada
5245,411,3,domicilio,,2026-01-24 01:52:29,pagada
5246,1226,4,domicilio,,2025-04-16 19:15:30,anulada
5247,821,5,para_llevar,,2026-03-16 13:28:41,pagada
5248,378,4,en_mesa,2.0,2025-09-21 11:38:25,pagada
5249,1473,5,domicilio,,2025-12-30 23:33:44,cortesia
5250,920,5,para_llevar,,2025-04-12 08:12:02,cortesia
5251,636,5,domicilio,,2025-10-19 10:31:18,pagada
5252,1344,5,en_mesa,13.0,2025-10-05 14:29:14,cortesia
5253,1089,5,domicilio,,2026-03-25 03:58:06,pagada
5254,858,4,domicilio,,2025-10-07 05:35:26,cortesia
5255,1293,3,domicilio,,2026-03-13 19:19:09,pagada
5256,782,4,en_mesa,8.0,2025-04-11 18:31:29,pagada
5257,782,5,en_mesa,5.0,2025-11-20 06:06:12,anulada
5258,595,3,para_llevar,,2025-10-17 10:49:21,anulada
5259,1397,3,domicilio,,2025-11-24 07:35:47,pagada
5260,777,2,para_llevar,,2025-12-06 08:47:41,pagada
5261,1369,4,domicilio,,2025-12-07 00:28:38,anulada
5262,361,5,en_mesa,11.0,2025-09-19 03:23:18,pagada
5263,666,3,domicilio,,2025-09-06 08:46:07,pagada
5264,303,4,domicilio,,2025-08-13 09:57:53,pagada
5265,988,2,domicilio,,2025-04-01 07:57:42,pagada
5266,1447,2,en_mesa,13.0,2025-05-14 13:02:34,anulada
5267,733,1,para_llevar,,2026-03-13 20:48:20,anulada
5268,989,4,domicilio,,2025-12-20 12:03:16,pagada
5269,207,3,en_mesa,12.0,2025-08-23 05:24:52,cortesia
5270,98,2,en_mesa,14.0,2025-10-31 16:16:50,cortesia
5271,1473,4,en_mesa,13.0,2026-02-06 19:59:21,anulada
5272,75,4,en_mesa,4.0,2026-01-28 05:26:37,pagada
5273,1289,2,domicilio,,2025-11-17 12:38:25,anulada
5274,412,4,para_llevar,,2025-12-05 22:35:22,pagada
5275,92,3,en_mesa,13.0,2025-06-16 02:59:07,pagada
5276,1353,2,domicilio,,2025-05-30 09:17:49,pagada
5277,751,2,domicilio,,2025-07-19 11:59:05,anulada
5278,976,5,en_mesa,3.0,2025-10-08 10:07:28,pagada
5279,332,1,en_mesa,7.0,2025-08-12 12:34:04,anulada
5280,1177,4,domicilio,,2026-02-02 00:11:42,cortesia
5281,1197,2,en_mesa,15.0,2025-05-11 00:03:22,pagada
5282,1367,3,en_mesa,2.0,2025-08-07 23:02:55,pagada
5283,672,3,en_mesa,14.0,2025-08-18 15:22:30,cortesia
5284,456,2,domicilio,,2025-04-05 12:38:22,pagada
5285,766,5,en_mesa,14.0,2025-09-14 02:59:19,pagada
5286,1430,3,domicilio,,2025-09-01 08:12:46,cortesia
5287,1406,2,domicilio,,2026-03-22 08:29:09,pagada
5288,452,3,para_llevar,,2025-04-12 15:44:46,anulada
5289,1376,1,para_llevar,,2026-03-22 11:53:46,cortesia
5290,119,3,domicilio,,2025-09-10 21:57:53,anulada
5291,376,1,para_llevar,,2025-07-24 01:18:06,cortesia
5292,818,2,en_mesa,5.0,2025-12-28 17:17:11,pagada
5293,609,2,domicilio,,2025-04-02 04:53:40,pagada
5294,1486,4,domicilio,,2025-06-26 12:02:04,pagada
5295,1303,1,para_llevar,,2025-08-10 15:01:46,anulada
5296,873,4,en_mesa,1.0,2025-11-10 11:41:34,anulada
5297,949,5,domicilio,,2026-03-30 13:16:20,pagada
5298,763,1,para_llevar,,2026-01-12 09:32:02,cortesia
5299,756,3,para_llevar,,2025-10-21 21:21:46,anulada
5300,570,2,para_llevar,,2026-02-12 12:03:50,cortesia
5301,691,1,domicilio,,2025-09-22 02:28:29,anulada
5302,1400,1,domicilio,,2025-12-13 21:15:12,anulada
5303,313,1,en_mesa,2.0,2025-07-06 12:22:30,pagada
5304,1481,2,en_mesa,2.0,2025-12-11 11:36:18,pagada
5305,1288,4,domicilio,,2025-06-13 09:04:44,pagada
5306,50,5,domicilio,,2025-12-13 01:49:22,cortesia
5307,1331,5,domicilio,,2025-07-29 22:37:37,pagada
5308,632,5,para_llevar,,2026-02-05 11:02:09,pagada
5309,1484,5,para_llevar,,2025-12-20 02:13:38,pagada
5310,387,5,domicilio,,2025-10-16 14:46:31,pagada
5311,329,1,para_llevar,,2025-11-04 11:32:28,anulada
5312,1018,1,en_mesa,13.0,2025-12-25 06:26:05,pagada
5313,431,3,para_llevar,,2025-12-21 05:56:58,anulada
5314,690,3,domicilio,,2025-07-10 01:04:05,cortesia
5315,216,4,en_mesa,11.0,2025-08-22 18:08:09,pagada
5316,459,3,domicilio,,2026-03-17 20:19:25,anulada
5317,173,1,para_llevar,,2026-03-27 19:05:02,anulada
5318,1254,3,en_mesa,14.0,2026-03-07 11:26:30,anulada
5319,625,3,en_mesa,8.0,2025-04-22 15:55:04,pagada
5320,1398,5,domicilio,,2026-03-26 15:15:21,anulada
5321,1332,4,domicilio,,2025-09-30 10:05:15,pagada
5322,256,2,en_mesa,13.0,2026-03-28 06:56:23,pagada
5323,618,4,en_mesa,3.0,2026-01-05 03:03:33,pagada
5324,600,4,domicilio,,2025-11-15 20:31:55,pagada
5325,207,5,para_llevar,,2025-12-06 15:44:40,pagada
5326,606,3,domicilio,,2026-01-10 11:16:52,anulada
5327,908,5,en_mesa,3.0,2026-02-17 07:05:19,pagada
5328,183,3,domicilio,,2025-11-04 20:04:18,pagada
5329,876,4,domicilio,,2025-12-21 23:19:37,cortesia
5330,890,5,domicilio,,2025-09-07 09:47:53,pagada
5331,540,4,domicilio,,2025-06-26 18:44:00,pagada
5332,759,3,en_mesa,11.0,2025-10-26 05:54:16,anulada
5333,837,1,para_llevar,,2025-11-02 17:03:38,pagada
5334,1071,5,para_llevar,,2025-09-16 22:01:47,pagada
5335,563,3,domicilio,,2025-04-13 09:38:11,pagada
5336,120,2,en_mesa,7.0,2025-08-29 10:12:50,pagada
5337,423,1,para_llevar,,2025-09-02 15:32:55,pagada
5338,1067,1,en_mesa,15.0,2025-11-10 17:56:24,pagada
5339,1108,2,para_llevar,,2025-08-23 12:29:21,pagada
5340,949,3,domicilio,,2025-10-28 14:45:37,anulada
5341,1407,2,en_mesa,3.0,2026-01-09 12:20:08,pagada
5342,40,1,en_mesa,5.0,2025-04-16 05:46:07,pagada
5343,77,3,para_llevar,,2026-01-07 19:41:51,anulada
5344,1489,1,en_mesa,15.0,2026-02-22 07:23:23,anulada
5345,75,4,en_mesa,14.0,2025-10-28 03:39:49,pagada
5346,282,4,para_llevar,,2025-04-08 10:59:33,cortesia
5347,966,4,para_llevar,,2025-12-30 01:03:53,pagada
5348,714,2,en_mesa,11.0,2025-07-01 01:12:21,pagada
5349,371,2,para_llevar,,2025-08-02 19:00:05,anulada
5350,431,2,en_mesa,6.0,2026-01-17 12:25:34,anulada
5351,395,5,domicilio,,2025-07-09 02:46:18,pagada
5352,905,4,en_mesa,15.0,2025-10-10 10:24:10,pagada
5353,1439,2,para_llevar,,2026-01-18 01:12:39,cortesia
5354,1316,2,para_llevar,,2025-09-22 23:14:56,pagada
5355,385,1,en_mesa,8.0,2025-07-19 09:01:33,anulada
5356,823,1,en_mesa,7.0,2025-09-26 04:30:07,anulada
5357,646,1,en_mesa,9.0,2026-01-28 00:12:30,anulada
5358,795,2,para_llevar,,2025-05-20 18:35:01,pagada
5359,1089,3,en_mesa,3.0,2026-03-19 06:14:17,pagada
5360,1154,4,domicilio,,2026-01-06 04:55:08,anulada
5361,865,3,en_mesa,1.0,2026-02-22 04:01:12,pagada
5362,1346,3,para_llevar,,2025-11-20 20:36:35,pagada
5363,769,4,domicilio,,2025-10-06 21:07:14,pagada
5364,1393,4,domicilio,,2025-04-05 21:34:36,anulada
5365,1356,2,domicilio,,2025-05-03 21:32:15,pagada
5366,914,3,domicilio,,2025-06-20 21:54:48,pagada
5367,517,3,domicilio,,2025-05-28 23:33:25,pagada
5368,246,5,en_mesa,2.0,2025-12-13 10:15:13,pagada
5369,1046,4,domicilio,,2026-01-15 03:35:25,pagada
5370,74,5,para_llevar,,2025-10-27 18:59:59,pagada
5371,237,2,para_llevar,,2025-12-15 04:41:46,pagada
5372,522,4,en_mesa,5.0,2025-06-06 12:55:40,pagada
5373,696,4,domicilio,,2025-11-06 10:50:17,pagada
5374,195,3,para_llevar,,2025-05-17 07:37:59,pagada
5375,164,3,para_llevar,,2025-05-11 16:08:17,anulada
5376,851,4,domicilio,,2026-01-13 17:51:56,pagada
5377,1184,1,para_llevar,,2025-12-03 11:29:30,pagada
5378,401,2,para_llevar,,2025-12-08 18:36:39,anulada
5379,57,4,domicilio,,2025-09-07 06:44:39,pagada
5380,638,3,domicilio,,2026-03-11 20:23:59,cortesia
5381,1226,4,en_mesa,13.0,2025-07-15 19:22:13,anulada
5382,1308,4,en_mesa,14.0,2025-12-18 05:30:24,pagada
5383,1014,4,para_llevar,,2026-01-11 10:04:51,pagada
5384,519,3,para_llevar,,2025-08-06 07:11:49,cortesia
5385,752,5,para_llevar,,2025-11-29 01:37:09,pagada
5386,782,4,para_llevar,,2025-07-24 06:59:31,pagada
5387,703,5,para_llevar,,2025-11-12 06:03:19,anulada
5388,877,3,para_llevar,,2025-12-31 01:32:07,cortesia
5389,405,3,en_mesa,6.0,2025-10-08 01:08:18,anulada
5390,617,1,en_mesa,3.0,2025-05-29 19:41:18,anulada
5391,76,1,domicilio,,2025-07-09 02:21:29,cortesia
5392,132,3,en_mesa,1.0,2025-05-09 00:33:06,anulada
5393,1008,1,en_mesa,8.0,2025-10-09 09:34:32,pagada
5394,1369,5,en_mesa,13.0,2025-05-11 11:22:09,pagada
5395,623,3,en_mesa,11.0,2025-10-09 14:20:33,pagada
5396,907,2,domicilio,,2025-10-15 14:17:50,pagada
5397,32,1,domicilio,,2026-02-18 17:30:17,anulada
5398,593,1,domicilio,,2025-09-13 13:58:37,cortesia
5399,182,3,en_mesa,11.0,2025-07-13 10:10:17,anulada
5400,114,4,para_llevar,,2025-10-26 16:24:54,pagada
5401,819,2,para_llevar,,2026-03-23 16:53:07,cortesia
5402,451,4,en_mesa,3.0,2025-11-24 03:57:28,pagada
5403,976,2,para_llevar,,2026-03-03 02:27:47,pagada
5404,1247,4,domicilio,,2025-10-11 15:57:59,pagada
5405,106,1,para_llevar,,2025-04-06 20:01:06,pagada
5406,554,5,en_mesa,11.0,2025-10-23 01:33:47,pagada
5407,541,1,para_llevar,,2025-07-29 08:48:41,pagada
5408,1066,5,en_mesa,8.0,2025-07-14 10:52:40,pagada
5409,166,2,en_mesa,3.0,2025-10-12 22:55:21,pagada
5410,552,5,para_llevar,,2025-10-09 03:28:06,pagada
5411,1378,2,domicilio,,2025-04-20 22:53:06,pagada
5412,1042,4,en_mesa,1.0,2025-10-06 06:30:38,cortesia
5413,162,1,para_llevar,,2025-12-09 01:31:05,anulada
5414,1305,3,domicilio,,2026-03-13 21:53:55,pagada
5415,1056,1,para_llevar,,2025-05-02 13:41:12,pagada
5416,1024,2,en_mesa,11.0,2025-09-18 00:41:19,cortesia
5417,1450,3,domicilio,,2025-08-13 10:01:05,pagada
5418,815,1,domicilio,,2025-07-08 07:43:07,cortesia
5419,707,2,para_llevar,,2025-04-19 12:07:11,anulada
5420,721,2,para_llevar,,2025-12-22 18:23:20,pagada
5421,531,4,domicilio,,2025-05-05 23:26:52,pagada
5422,1464,1,en_mesa,3.0,2026-03-30 18:55:51,pagada
5423,252,4,domicilio,,2025-05-21 15:45:48,anulada
5424,534,1,domicilio,,2025-11-09 11:52:49,anulada
5425,948,2,para_llevar,,2026-03-29 14:20:09,pagada
5426,57,2,en_mesa,1.0,2025-11-29 10:39:19,anulada
5427,17,3,en_mesa,3.0,2025-07-21 08:06:50,cortesia
5428,313,4,para_llevar,,2025-12-12 10:20:37,cortesia
5429,15,4,domicilio,,2025-11-20 08:51:31,cortesia
5430,81,5,en_mesa,6.0,2026-03-28 22:25:16,cortesia
5431,1480,2,para_llevar,,2025-10-08 04:24:01,pagada
5432,111,1,en_mesa,2.0,2025-12-27 14:28:37,anulada
5433,275,4,domicilio,,2025-05-02 02:57:15,cortesia
5434,899,5,en_mesa,6.0,2026-03-17 19:52:17,cortesia
5435,1096,2,para_llevar,,2025-09-25 18:50:48,anulada
5436,947,3,domicilio,,2025-07-04 04:26:56,pagada
5437,1030,4,domicilio,,2025-04-22 21:53:15,pagada
5438,216,2,para_llevar,,2025-09-20 18:30:11,cortesia
5439,1296,1,domicilio,,2026-01-29 12:57:09,cortesia
5440,690,3,para_llevar,,2026-01-30 08:36:12,anulada
5441,198,1,para_llevar,,2025-06-04 15:31:04,pagada
5442,264,2,en_mesa,11.0,2025-06-11 05:21:56,pagada
5443,743,4,para_llevar,,2025-11-04 05:01:10,cortesia
5444,95,5,domicilio,,2025-07-22 19:46:08,pagada
5445,934,3,domicilio,,2025-10-28 19:34:39,anulada
5446,772,3,domicilio,,2025-08-25 16:36:53,pagada
5447,293,2,en_mesa,7.0,2025-08-28 16:55:42,pagada
5448,236,2,para_llevar,,2025-06-21 15:33:38,pagada
5449,611,3,domicilio,,2025-07-08 23:31:12,anulada
5450,1068,3,en_mesa,5.0,2025-11-16 20:01:32,anulada
5451,811,2,en_mesa,10.0,2025-10-31 13:34:42,pagada
5452,908,3,para_llevar,,2025-10-07 08:26:14,pagada
5453,1322,2,en_mesa,6.0,2025-08-07 22:50:20,pagada
5454,764,1,en_mesa,15.0,2025-09-17 11:13:43,cortesia
5455,1475,3,para_llevar,,2026-02-21 20:43:15,pagada
5456,489,5,para_llevar,,2026-03-01 18:02:26,pagada
5457,460,4,para_llevar,,2025-07-04 11:44:52,pagada
5458,1456,4,para_llevar,,2026-03-20 07:43:27,pagada
5459,181,2,domicilio,,2025-05-22 10:45:07,pagada
5460,1400,3,para_llevar,,2026-02-11 07:01:39,pagada
5461,847,3,para_llevar,,2025-06-26 23:17:15,cortesia
5462,588,5,para_llevar,,2025-11-26 11:52:36,cortesia
5463,1128,4,en_mesa,11.0,2026-03-10 15:39:41,pagada
5464,24,5,domicilio,,2025-06-01 06:59:55,pagada
5465,815,3,domicilio,,2025-11-21 02:57:33,pagada
5466,767,1,para_llevar,,2025-07-12 20:07:36,anulada
5467,782,2,en_mesa,12.0,2025-09-22 03:38:40,anulada
5468,1445,2,domicilio,,2025-10-04 19:27:57,pagada
5469,1062,4,para_llevar,,2025-04-15 09:15:58,pagada
5470,803,1,en_mesa,1.0,2025-05-20 13:26:54,cortesia
5471,1390,3,en_mesa,6.0,2025-05-20 04:11:08,pagada
5472,447,4,para_llevar,,2025-07-30 09:46:55,anulada
5473,264,1,domicilio,,2025-04-20 11:51:49,cortesia
5474,635,3,domicilio,,2025-11-22 13:02:36,anulada
5475,610,2,domicilio,,2025-12-14 14:48:40,anulada
5476,39,2,domicilio,,2025-07-23 16:33:24,pagada
5477,1234,2,domicilio,,2026-01-28 17:46:24,anulada
5478,1137,2,domicilio,,2026-02-18 21:49:40,pagada
5479,530,1,en_mesa,5.0,2026-02-15 15:41:26,cortesia
5480,274,3,en_mesa,4.0,2025-09-06 10:39:30,pagada
5481,504,5,en_mesa,8.0,2025-08-17 23:55:21,anulada
5482,775,3,para_llevar,,2025-05-21 22:04:11,cortesia
5483,1357,5,domicilio,,2025-12-01 01:34:15,pagada
5484,626,4,en_mesa,1.0,2025-10-20 15:20:08,pagada
5485,685,1,domicilio,,2025-11-10 03:54:01,pagada
5486,1155,5,para_llevar,,2025-06-13 23:19:06,anulada
5487,355,1,domicilio,,2025-11-29 23:30:35,cortesia
5488,1347,5,en_mesa,6.0,2025-10-12 15:21:38,pagada
5489,1449,4,para_llevar,,2025-12-01 19:14:27,pagada
5490,1209,2,en_mesa,4.0,2025-08-05 02:09:33,pagada
5491,264,2,para_llevar,,2026-03-24 02:37:31,cortesia
5492,288,5,para_llevar,,2025-06-09 12:54:54,cortesia
5493,427,2,en_mesa,15.0,2025-10-18 09:50:38,pagada
5494,922,4,domicilio,,2025-05-03 16:10:16,pagada
5495,255,5,en_mesa,14.0,2025-04-29 15:45:30,anulada
5496,429,4,para_llevar,,2025-11-21 00:57:13,anulada
5497,322,5,domicilio,,2026-01-22 15:01:48,anulada
5498,259,4,para_llevar,,2025-05-11 03:29:22,anulada
5499,1188,2,para_llevar,,2026-02-02 19:41:18,pagada
5500,211,1,en_mesa,4.0,2025-12-23 16:01:32,anulada
5501,1382,3,para_llevar,,2025-04-16 10:23:26,cortesia
5502,38,2,para_llevar,,2025-12-21 21:22:07,pagada
5503,1393,1,domicilio,,2026-02-14 00:07:46,cortesia
5504,242,1,en_mesa,11.0,2025-07-27 12:58:06,pagada
5505,1189,3,para_llevar,,2026-03-28 02:34:01,pagada
5506,844,4,en_mesa,13.0,2025-12-27 12:21:11,pagada
5507,23,2,domicilio,,2025-11-01 14:18:00,pagada
5508,379,4,para_llevar,,2026-03-27 17:50:07,pagada
5509,123,5,en_mesa,13.0,2026-01-08 01:48:08,cortesia
5510,1266,3,para_llevar,,2025-10-30 07:44:45,pagada
5511,1200,2,domicilio,,2025-04-12 20:45:51,pagada
5512,1327,2,para_llevar,,2025-12-17 04:50:51,pagada
5513,735,4,en_mesa,15.0,2025-08-21 22:36:29,pagada
5514,331,2,domicilio,,2025-05-22 15:23:09,pagada
5515,1369,2,en_mesa,1.0,2025-08-10 11:44:47,pagada
5516,1075,4,para_llevar,,2025-05-25 17:03:18,pagada
5517,531,4,para_llevar,,2025-09-04 00:05:00,anulada
5518,1179,5,para_llevar,,2025-12-31 07:45:13,anulada
5519,1279,3,para_llevar,,2026-01-21 07:22:41,cortesia
5520,331,3,domicilio,,2025-08-15 10:45:41,anulada
5521,121,2,domicilio,,2025-10-01 15:35:00,cortesia
5522,1398,1,domicilio,,2025-06-13 14:22:17,pagada
5523,48,2,para_llevar,,2025-05-08 21:35:24,pagada
5524,330,5,para_llevar,,2025-05-09 10:49:24,pagada
5525,250,5,para_llevar,,2025-11-14 23:37:38,anulada
5526,1390,2,en_mesa,13.0,2025-07-21 05:38:00,pagada
5527,320,5,en_mesa,5.0,2025-05-10 10:35:48,pagada
5528,35,1,para_llevar,,2026-01-23 09:09:28,pagada
5529,487,2,en_mesa,2.0,2025-11-14 22:57:28,pagada
5530,1259,2,para_llevar,,2025-12-10 10:48:53,pagada
5531,838,5,domicilio,,2026-03-23 21:31:37,pagada
5532,1169,4,en_mesa,11.0,2025-05-06 18:01:47,pagada
5533,1432,2,en_mesa,12.0,2026-01-02 03:43:08,pagada
5534,968,3,en_mesa,13.0,2025-09-02 10:27:39,pagada
5535,900,4,para_llevar,,2025-07-07 23:59:16,pagada
5536,985,5,para_llevar,,2026-02-17 10:06:46,anulada
5537,456,5,en_mesa,2.0,2025-11-23 07:47:51,pagada
5538,453,2,para_llevar,,2025-08-14 22:52:15,pagada
5539,591,1,para_llevar,,2025-12-29 01:06:19,pagada
5540,537,4,domicilio,,2025-11-22 12:01:29,pagada
5541,716,4,para_llevar,,2025-07-10 13:22:13,pagada
5542,71,1,en_mesa,13.0,2026-02-04 22:20:02,anulada
5543,1373,5,domicilio,,2025-08-05 08:11:14,anulada
5544,448,4,domicilio,,2025-08-19 23:58:03,cortesia
5545,1183,5,en_mesa,11.0,2025-10-11 01:41:53,pagada
5546,160,2,en_mesa,2.0,2025-07-03 16:33:31,cortesia
5547,1105,4,domicilio,,2025-08-03 21:36:16,pagada
5548,1386,2,en_mesa,4.0,2026-02-17 01:09:34,pagada
5549,573,2,domicilio,,2025-05-23 06:31:10,anulada
5550,1307,3,domicilio,,2025-07-03 22:52:22,anulada
5551,1476,5,para_llevar,,2026-02-25 21:17:57,cortesia
5552,1307,4,en_mesa,4.0,2025-04-05 04:56:42,cortesia
5553,593,3,para_llevar,,2025-08-18 16:57:10,anulada
5554,1259,4,en_mesa,5.0,2026-03-08 09:42:29,pagada
5555,316,1,domicilio,,2025-08-02 17:49:43,pagada
5556,1004,5,en_mesa,3.0,2025-10-20 07:02:09,pagada
5557,519,5,para_llevar,,2025-04-11 21:59:15,pagada
5558,62,2,en_mesa,3.0,2026-01-08 01:25:04,pagada
5559,1201,4,para_llevar,,2025-04-13 13:28:02,pagada
5560,631,5,domicilio,,2025-07-23 02:22:48,anulada
5561,222,4,para_llevar,,2025-07-04 08:51:19,pagada
5562,632,4,en_mesa,2.0,2025-12-12 08:37:57,cortesia
5563,472,2,para_llevar,,2026-03-12 08:57:06,pagada
5564,813,1,para_llevar,,2025-08-18 22:56:24,cortesia
5565,308,3,para_llevar,,2025-08-17 21:56:22,pagada
5566,183,5,en_mesa,15.0,2025-10-06 08:28:55,pagada
5567,197,4,domicilio,,2025-10-26 19:57:05,anulada
5568,16,4,para_llevar,,2025-09-26 15:10:39,pagada
5569,1021,2,domicilio,,2026-02-24 10:28:32,cortesia
5570,2,1,en_mesa,8.0,2025-10-06 03:27:03,pagada
5571,731,5,para_llevar,,2025-09-28 21:02:19,pagada
5572,877,5,domicilio,,2025-11-14 05:07:14,anulada
5573,351,2,domicilio,,2025-06-18 12:05:58,pagada
5574,581,1,domicilio,,2025-10-01 19:18:38,cortesia
5575,1283,1,en_mesa,15.0,2025-05-26 23:53:40,cortesia
5576,188,3,para_llevar,,2026-03-30 14:15:50,pagada
5577,235,2,en_mesa,12.0,2025-05-08 17:48:57,pagada
5578,947,3,en_mesa,7.0,2025-06-05 11:55:25,anulada
5579,733,3,domicilio,,2025-09-18 00:12:49,anulada
5580,626,3,en_mesa,7.0,2025-11-26 23:35:04,pagada
5581,1227,3,en_mesa,9.0,2025-05-25 09:18:59,pagada
5582,148,4,en_mesa,15.0,2026-02-03 16:01:28,pagada
5583,665,2,domicilio,,2025-08-26 21:29:42,pagada
5584,281,2,para_llevar,,2025-05-10 21:41:21,pagada
5585,1428,5,domicilio,,2025-07-06 10:06:23,anulada
5586,146,3,para_llevar,,2026-01-31 19:19:01,pagada
5587,465,3,en_mesa,8.0,2025-08-02 03:04:18,anulada
5588,816,4,para_llevar,,2025-07-10 11:11:37,cortesia
5589,1332,1,para_llevar,,2026-01-28 02:29:12,pagada
5590,828,2,domicilio,,2025-05-21 12:57:34,pagada
5591,1204,5,para_llevar,,2025-12-16 05:57:02,cortesia
5592,15,5,para_llevar,,2025-04-07 21:41:16,pagada
5593,539,3,domicilio,,2025-05-03 01:40:54,cortesia
5594,1263,5,para_llevar,,2025-08-15 04:58:57,cortesia
5595,1244,1,domicilio,,2025-10-20 18:29:57,pagada
5596,181,5,en_mesa,12.0,2026-01-01 06:27:39,pagada
5597,1117,4,domicilio,,2025-11-21 06:16:17,anulada
5598,1457,2,domicilio,,2025-09-08 09:16:12,pagada
5599,1415,3,para_llevar,,2025-10-30 19:17:59,pagada
5600,1480,2,domicilio,,2025-12-15 20:57:20,pagada
5601,94,5,para_llevar,,2025-09-14 15:05:06,cortesia
5602,478,1,para_llevar,,2026-03-25 17:31:19,cortesia
5603,297,3,domicilio,,2025-07-18 12:22:13,anulada
5604,1169,5,en_mesa,6.0,2025-06-08 07:37:35,pagada
5605,278,4,para_llevar,,2025-05-05 18:45:26,pagada
5606,1130,4,en_mesa,12.0,2026-03-03 15:22:45,cortesia
5607,1099,4,domicilio,,2025-12-10 11:52:54,cortesia
5608,87,2,para_llevar,,2026-01-16 19:45:17,pagada
5609,894,1,en_mesa,4.0,2025-06-10 12:48:04,pagada
5610,785,4,para_llevar,,2026-02-05 10:59:22,pagada
5611,113,3,para_llevar,,2025-12-05 15:54:59,anulada
5612,729,5,para_llevar,,2025-10-28 12:42:29,anulada
5613,992,4,para_llevar,,2026-02-01 01:00:32,cortesia
5614,559,4,en_mesa,5.0,2025-10-06 12:12:35,pagada
5615,591,4,domicilio,,2026-01-02 06:21:53,anulada
5616,1256,1,domicilio,,2025-09-29 04:20:20,pagada
5617,1315,4,domicilio,,2026-02-13 15:07:36,cortesia
5618,1286,3,en_mesa,12.0,2025-11-16 19:26:50,pagada
5619,887,3,en_mesa,8.0,2025-08-09 15:47:08,pagada
5620,1202,4,en_mesa,8.0,2025-11-29 00:18:07,pagada
5621,988,2,domicilio,,2025-04-28 14:10:43,pagada
5622,16,1,para_llevar,,2025-11-13 10:08:02,pagada
5623,219,2,en_mesa,1.0,2025-09-26 22:46:41,pagada
5624,368,5,para_llevar,,2025-12-15 18:16:47,pagada
5625,461,4,domicilio,,2025-06-04 15:49:55,cortesia
5626,60,3,para_llevar,,2025-05-22 07:34:46,pagada
5627,960,3,domicilio,,2026-03-07 05:15:19,cortesia
5628,47,3,en_mesa,6.0,2026-03-30 06:18:47,pagada
5629,644,5,en_mesa,14.0,2025-12-07 04:10:40,pagada
5630,1190,5,en_mesa,5.0,2026-01-19 13:11:06,pagada
5631,1399,5,domicilio,,2025-10-12 13:42:05,anulada
5632,998,5,en_mesa,15.0,2025-09-17 16:56:58,pagada
5633,1253,4,para_llevar,,2025-05-29 08:48:45,cortesia
5634,453,4,domicilio,,2025-10-17 03:41:45,anulada
5635,1259,1,domicilio,,2025-04-12 04:13:49,pagada
5636,616,3,en_mesa,10.0,2025-05-18 09:43:18,pagada
5637,804,1,para_llevar,,2025-11-30 23:05:04,pagada
5638,689,5,domicilio,,2025-09-18 10:37:05,cortesia
5639,1479,4,para_llevar,,2025-05-17 00:58:47,anulada
5640,604,5,domicilio,,2025-12-16 20:41:50,cortesia
5641,117,3,domicilio,,2025-08-03 17:07:51,pagada
5642,1143,1,domicilio,,2026-02-10 19:25:31,pagada
5643,1323,4,domicilio,,2025-07-10 10:47:09,pagada
5644,609,3,en_mesa,8.0,2025-07-21 09:04:10,pagada
5645,294,4,domicilio,,2025-09-17 12:05:18,pagada
5646,829,1,en_mesa,13.0,2025-10-14 15:24:01,cortesia
5647,1348,1,domicilio,,2026-01-01 11:34:51,cortesia
5648,1250,1,domicilio,,2025-04-23 14:10:10,pagada
5649,499,4,domicilio,,2026-02-17 09:14:51,pagada
5650,1112,3,domicilio,,2025-04-05 07:38:09,pagada
5651,921,5,en_mesa,2.0,2025-11-01 23:46:31,anulada
5652,994,4,en_mesa,3.0,2025-10-18 16:32:29,pagada
5653,584,4,en_mesa,8.0,2025-05-24 23:51:09,pagada
5654,726,5,en_mesa,7.0,2026-01-03 20:25:20,pagada
5655,380,1,en_mesa,5.0,2025-11-07 15:05:21,pagada
5656,273,2,para_llevar,,2025-11-11 10:21:33,anulada
5657,151,1,en_mesa,11.0,2025-04-14 04:12:21,cortesia
5658,647,4,domicilio,,2025-06-22 19:36:04,pagada
5659,200,5,para_llevar,,2025-07-25 03:23:12,pagada
5660,1195,1,domicilio,,2025-11-13 07:09:38,pagada
5661,651,3,domicilio,,2026-02-13 20:49:29,pagada
5662,265,4,domicilio,,2026-01-28 17:01:26,anulada
5663,1189,4,para_llevar,,2025-12-04 03:16:35,pagada
5664,1472,5,para_llevar,,2025-08-17 03:18:27,pagada
5665,209,3,para_llevar,,2026-01-23 04:53:30,pagada
5666,1046,3,en_mesa,7.0,2025-10-07 07:12:32,cortesia
5667,1010,1,para_llevar,,2026-01-17 12:22:58,pagada
5668,936,2,para_llevar,,2025-12-18 12:23:44,pagada
5669,737,4,domicilio,,2025-05-13 18:34:24,cortesia
5670,488,2,para_llevar,,2025-10-19 16:59:56,cortesia
5671,451,2,domicilio,,2025-12-30 02:25:24,pagada
5672,282,1,en_mesa,2.0,2025-11-30 16:14:52,pagada
5673,279,3,para_llevar,,2026-01-21 01:14:08,pagada
5674,193,4,para_llevar,,2025-06-28 16:50:27,anulada
5675,1013,5,en_mesa,14.0,2025-04-23 20:29:32,pagada
5676,81,5,en_mesa,1.0,2026-02-06 11:00:56,pagada
5677,124,1,domicilio,,2025-05-26 21:06:57,cortesia
5678,1444,3,para_llevar,,2026-02-03 15:30:02,pagada
5679,632,3,domicilio,,2025-04-23 11:13:06,anulada
5680,1120,3,para_llevar,,2025-07-10 21:41:04,anulada
5681,990,2,en_mesa,4.0,2025-11-11 17:12:13,cortesia
5682,1049,3,domicilio,,2026-01-05 22:52:36,pagada
5683,1376,5,para_llevar,,2026-01-29 02:32:23,pagada
5684,574,3,para_llevar,,2025-12-07 08:17:45,pagada
5685,871,5,en_mesa,4.0,2026-01-05 17:23:18,anulada
5686,490,4,en_mesa,1.0,2025-05-13 21:25:30,cortesia
5687,462,2,en_mesa,12.0,2026-03-14 06:25:10,anulada
5688,751,3,domicilio,,2026-01-25 12:47:08,cortesia
5689,528,1,en_mesa,14.0,2025-09-04 05:08:32,anulada
5690,715,4,domicilio,,2025-09-04 02:47:37,pagada
5691,1368,3,en_mesa,14.0,2025-04-05 14:04:22,cortesia
5692,1154,3,en_mesa,11.0,2026-02-12 13:57:04,anulada
5693,1466,3,en_mesa,10.0,2025-07-15 19:01:45,pagada
5694,442,4,en_mesa,1.0,2025-12-02 09:29:18,pagada
5695,474,1,para_llevar,,2026-02-22 22:20:55,pagada
5696,874,2,domicilio,,2025-05-24 02:40:51,pagada
5697,1313,5,domicilio,,2025-08-08 09:21:32,pagada
5698,1255,3,en_mesa,10.0,2025-06-08 19:38:13,pagada
5699,1289,4,para_llevar,,2025-11-12 14:58:03,pagada
5700,1435,3,domicilio,,2025-06-06 14:17:30,pagada
5701,68,1,en_mesa,10.0,2025-09-11 03:44:05,anulada
5702,258,2,para_llevar,,2025-03-31 19:52:20,anulada
5703,809,2,para_llevar,,2025-11-02 05:25:48,pagada
5704,274,2,domicilio,,2025-10-26 12:29:38,pagada
5705,433,3,domicilio,,2025-06-02 23:28:28,anulada
5706,680,1,para_llevar,,2025-05-27 19:37:28,pagada
5707,824,4,en_mesa,8.0,2025-08-07 11:50:19,cortesia
5708,1379,4,para_llevar,,2025-09-15 01:09:09,pagada
5709,1120,4,en_mesa,2.0,2025-12-13 08:21:57,pagada
5710,258,2,en_mesa,12.0,2025-10-14 18:06:32,pagada
5711,1150,1,para_llevar,,2025-05-15 06:06:23,pagada
5712,1261,1,en_mesa,13.0,2025-04-25 14:49:31,anulada
5713,1013,2,para_llevar,,2025-09-19 17:47:26,cortesia
5714,59,1,en_mesa,2.0,2025-07-22 20:57:51,cortesia
5715,653,4,domicilio,,2025-10-29 02:23:26,pagada
5716,800,5,en_mesa,8.0,2025-04-20 22:52:44,pagada
5717,1157,1,en_mesa,5.0,2026-01-17 11:03:25,anulada
5718,144,4,domicilio,,2025-04-27 19:12:56,anulada
5719,112,4,domicilio,,2025-04-29 16:53:12,pagada
5720,634,2,para_llevar,,2025-04-17 02:18:00,anulada
5721,1180,2,domicilio,,2025-10-15 13:10:35,cortesia
5722,571,1,en_mesa,5.0,2025-12-10 10:20:56,anulada
5723,536,1,para_llevar,,2025-08-23 13:16:39,pagada
5724,767,5,en_mesa,3.0,2025-11-16 00:32:13,pagada
5725,210,4,para_llevar,,2025-03-31 23:37:43,cortesia
5726,498,2,domicilio,,2025-09-13 03:00:12,pagada
5727,835,5,domicilio,,2025-10-21 23:52:40,anulada
5728,1450,1,para_llevar,,2026-01-02 02:02:12,pagada
5729,302,1,domicilio,,2025-12-19 14:59:53,anulada
5730,1231,1,para_llevar,,2025-09-29 12:58:46,cortesia
5731,479,3,para_llevar,,2025-08-19 14:12:11,pagada
5732,730,5,en_mesa,1.0,2026-01-08 01:22:09,cortesia
5733,589,1,domicilio,,2025-09-25 14:32:44,anulada
5734,155,1,en_mesa,4.0,2026-01-03 15:51:00,pagada
5735,1376,2,domicilio,,2025-09-29 09:55:12,pagada
5736,455,5,para_llevar,,2025-05-07 20:15:37,pagada
5737,246,5,en_mesa,14.0,2026-03-13 19:53:02,pagada
5738,1444,2,en_mesa,8.0,2025-11-27 21:32:03,cortesia
5739,628,1,domicilio,,2025-04-20 10:14:48,pagada
5740,860,3,domicilio,,2026-01-18 12:36:58,pagada
5741,1008,3,para_llevar,,2025-12-04 23:13:17,pagada
5742,359,4,domicilio,,2025-11-25 20:54:23,pagada
5743,427,4,domicilio,,2025-08-13 01:08:10,pagada
5744,1436,1,para_llevar,,2026-03-16 18:58:13,cortesia
5745,1124,1,domicilio,,2025-12-13 01:55:33,anulada
5746,1227,1,para_llevar,,2025-04-05 11:02:44,cortesia
5747,1225,5,domicilio,,2026-01-27 22:13:00,cortesia
5748,348,5,domicilio,,2026-01-06 23:39:39,anulada
5749,1480,2,en_mesa,1.0,2025-12-20 22:10:56,pagada
5750,269,2,para_llevar,,2025-10-15 10:50:24,cortesia
5751,1392,1,para_llevar,,2025-10-08 23:12:41,cortesia
5752,245,5,en_mesa,3.0,2025-11-26 20:42:16,pagada
5753,1467,2,para_llevar,,2026-03-22 16:09:22,pagada
5754,1212,1,para_llevar,,2025-11-19 13:45:51,pagada
5755,938,5,para_llevar,,2025-05-23 04:41:05,pagada
5756,202,1,domicilio,,2025-06-12 07:54:23,anulada
5757,793,4,en_mesa,3.0,2026-02-01 03:02:12,pagada
5758,1241,2,para_llevar,,2026-03-05 20:24:51,pagada
5759,567,4,domicilio,,2025-12-24 18:10:36,cortesia
5760,1226,1,para_llevar,,2026-03-11 02:02:40,cortesia
5761,880,3,domicilio,,2025-10-01 17:16:01,cortesia
5762,1466,1,en_mesa,8.0,2025-08-18 05:39:53,pagada
5763,1297,3,en_mesa,11.0,2025-07-24 03:04:23,anulada
5764,504,5,en_mesa,14.0,2026-02-07 17:35:03,anulada
5765,1196,1,en_mesa,7.0,2025-05-09 15:21:35,cortesia
5766,583,2,en_mesa,11.0,2025-10-29 03:26:36,cortesia
5767,895,5,domicilio,,2025-04-30 19:17:57,anulada
5768,1015,3,domicilio,,2025-05-11 19:57:34,pagada
5769,449,1,para_llevar,,2025-07-10 09:12:53,pagada
5770,103,1,para_llevar,,2025-12-07 05:57:23,pagada
5771,348,3,domicilio,,2025-09-02 01:34:42,pagada
5772,691,1,en_mesa,12.0,2025-06-30 01:33:50,pagada
5773,822,3,domicilio,,2025-10-04 05:38:53,pagada
5774,183,1,domicilio,,2025-05-07 22:58:43,pagada
5775,618,1,en_mesa,4.0,2025-04-11 16:30:54,anulada
5776,1363,1,domicilio,,2025-06-09 11:00:36,anulada
5777,1035,5,domicilio,,2025-11-10 10:54:57,pagada
5778,983,5,domicilio,,2025-04-15 06:29:25,pagada
5779,1193,3,domicilio,,2025-05-27 16:25:13,pagada
5780,197,2,para_llevar,,2025-06-21 19:26:32,cortesia
5781,329,3,en_mesa,13.0,2026-01-14 17:27:39,pagada
5782,558,3,domicilio,,2026-03-29 16:42:15,cortesia
5783,383,3,domicilio,,2025-05-10 07:57:33,anulada
5784,1374,4,en_mesa,13.0,2025-08-31 09:43:31,cortesia
5785,1044,4,domicilio,,2025-08-31 17:42:44,anulada
5786,488,5,domicilio,,2025-09-21 14:40:11,anulada
5787,1452,2,domicilio,,2025-12-10 22:42:38,cortesia
5788,1027,1,en_mesa,2.0,2025-07-05 21:27:02,cortesia
5789,137,5,domicilio,,2025-08-11 04:04:00,anulada
5790,895,1,en_mesa,1.0,2026-02-16 22:52:48,cortesia
5791,679,1,en_mesa,13.0,2026-02-26 23:11:06,anulada
5792,355,3,domicilio,,2026-03-13 00:17:01,pagada
5793,716,3,en_mesa,5.0,2025-11-15 12:36:04,pagada
5794,764,4,para_llevar,,2025-11-05 07:13:41,anulada
5795,694,2,en_mesa,9.0,2025-08-12 11:44:46,pagada
5796,209,3,domicilio,,2025-12-02 01:53:34,pagada
5797,563,1,domicilio,,2026-01-17 20:06:18,cortesia
5798,763,4,en_mesa,11.0,2025-09-16 07:13:19,pagada
5799,747,1,para_llevar,,2026-03-10 04:24:56,pagada
5800,805,4,para_llevar,,2025-07-10 12:01:21,pagada
5801,136,4,para_llevar,,2025-06-04 04:52:38,anulada
5802,1224,3,para_llevar,,2026-01-06 09:47:45,pagada
5803,181,3,para_llevar,,2026-02-09 10:40:17,pagada
5804,1062,4,para_llevar,,2025-09-16 17:39:32,pagada
5805,343,2,en_mesa,11.0,2025-05-16 19:10:12,pagada
5806,891,4,para_llevar,,2026-03-06 08:40:23,pagada
5807,1243,5,para_llevar,,2025-12-31 03:25:04,pagada
5808,807,3,en_mesa,8.0,2026-02-23 04:37:51,anulada
5809,491,5,para_llevar,,2025-07-10 09:14:19,anulada
5810,196,5,domicilio,,2025-12-23 13:16:37,anulada
5811,526,1,domicilio,,2025-07-11 09:57:35,pagada
5812,82,3,domicilio,,2026-02-09 18:14:14,anulada
5813,491,2,domicilio,,2026-02-28 11:18:53,pagada
5814,910,1,para_llevar,,2025-08-06 22:56:42,pagada
5815,654,2,domicilio,,2025-04-30 09:29:27,pagada
5816,343,1,para_llevar,,2026-01-06 01:48:50,pagada
5817,628,4,en_mesa,7.0,2025-10-10 21:53:31,pagada
5818,279,4,en_mesa,6.0,2025-08-17 05:12:17,cortesia
5819,752,1,para_llevar,,2025-07-28 09:48:12,pagada
5820,1429,2,en_mesa,8.0,2025-07-25 03:04:30,cortesia
5821,47,5,en_mesa,10.0,2025-06-05 09:32:13,pagada
5822,1459,2,para_llevar,,2025-08-12 09:34:26,pagada
5823,1196,5,en_mesa,14.0,2026-03-30 17:44:42,anulada
5824,9,2,para_llevar,,2025-04-04 09:37:26,pagada
5825,144,2,domicilio,,2025-08-03 01:25:35,cortesia
5826,797,1,en_mesa,9.0,2026-02-28 22:01:57,pagada
5827,168,5,en_mesa,5.0,2025-05-19 11:13:25,cortesia
5828,907,4,en_mesa,6.0,2025-06-26 03:12:05,pagada
5829,1143,1,en_mesa,14.0,2025-12-09 17:57:42,pagada
5830,293,1,en_mesa,1.0,2026-03-21 11:08:40,pagada
5831,537,3,en_mesa,4.0,2026-03-21 12:47:51,cortesia
5832,438,3,domicilio,,2025-09-02 06:32:43,pagada
5833,363,2,domicilio,,2025-07-06 04:07:27,cortesia
5834,147,1,para_llevar,,2026-03-24 10:31:29,pagada
5835,736,1,para_llevar,,2025-12-10 05:50:18,pagada
5836,686,4,para_llevar,,2025-09-10 18:12:09,pagada
5837,1295,2,domicilio,,2025-05-16 11:41:03,cortesia
5838,241,2,en_mesa,3.0,2025-06-18 01:53:05,anulada
5839,81,3,domicilio,,2026-02-20 14:06:34,pagada
5840,1034,3,en_mesa,13.0,2025-10-26 05:34:43,pagada
5841,1218,1,en_mesa,8.0,2025-08-18 22:07:39,pagada
5842,875,5,en_mesa,2.0,2025-09-22 04:46:18,cortesia
5843,962,1,domicilio,,2025-11-22 15:33:24,cortesia
5844,988,4,en_mesa,8.0,2025-08-13 23:21:27,pagada
5845,394,2,para_llevar,,2025-05-16 12:29:25,pagada
5846,154,2,para_llevar,,2026-01-29 18:02:10,pagada
5847,1345,3,en_mesa,11.0,2026-03-26 12:25:11,cortesia
5848,436,4,para_llevar,,2025-04-06 07:17:05,pagada
5849,309,4,para_llevar,,2025-12-17 00:29:34,pagada
5850,906,4,para_llevar,,2025-05-06 10:50:43,cortesia
5851,1237,5,para_llevar,,2025-11-11 15:09:31,anulada
5852,505,1,domicilio,,2025-06-13 09:00:19,pagada
5853,864,4,domicilio,,2025-07-28 01:05:45,pagada
5854,893,2,domicilio,,2025-10-18 06:47:24,cortesia
5855,211,5,para_llevar,,2026-02-25 15:43:34,pagada
5856,393,1,para_llevar,,2025-10-29 05:56:47,anulada
5857,1325,3,domicilio,,2026-02-20 11:10:33,pagada
5858,1456,4,en_mesa,1.0,2025-12-09 13:40:42,pagada
5859,1344,1,para_llevar,,2025-09-18 01:25:41,cortesia
5860,1369,5,en_mesa,13.0,2025-10-03 01:07:20,pagada
5861,573,4,en_mesa,12.0,2025-06-03 22:32:59,pagada
5862,564,4,para_llevar,,2025-11-04 04:14:01,cortesia
5863,642,3,domicilio,,2026-03-09 15:50:39,anulada
5864,1360,2,en_mesa,5.0,2025-08-23 13:46:06,cortesia
5865,703,5,para_llevar,,2025-07-05 07:45:44,pagada
5866,562,3,domicilio,,2025-10-01 13:19:19,pagada
5867,191,2,para_llevar,,2026-03-10 02:03:43,pagada
5868,1131,4,para_llevar,,2025-04-02 07:42:12,pagada
5869,321,2,para_llevar,,2025-05-04 15:43:12,cortesia
5870,1439,2,en_mesa,12.0,2025-11-04 01:18:10,pagada
5871,598,2,para_llevar,,2025-06-07 23:39:20,pagada
5872,377,1,en_mesa,3.0,2025-12-08 09:58:24,cortesia
5873,545,2,en_mesa,10.0,2025-04-29 18:47:13,pagada
5874,398,5,para_llevar,,2025-11-07 05:20:52,pagada
5875,675,3,para_llevar,,2025-11-23 01:26:17,anulada
5876,1112,4,para_llevar,,2025-10-09 14:47:07,anulada
5877,1218,4,para_llevar,,2025-04-18 11:47:20,pagada
5878,1074,1,en_mesa,14.0,2026-03-18 01:53:36,anulada
5879,523,1,para_llevar,,2025-06-09 04:38:25,pagada
5880,446,4,para_llevar,,2026-01-15 17:53:55,pagada
5881,1061,2,para_llevar,,2025-05-28 02:53:13,anulada
5882,1329,1,para_llevar,,2025-12-21 21:51:41,pagada
5883,1040,5,domicilio,,2025-08-14 12:02:13,cortesia
5884,1301,5,para_llevar,,2025-08-16 15:37:31,pagada
5885,1445,5,para_llevar,,2025-11-19 14:49:55,anulada
5886,1216,4,para_llevar,,2025-08-09 20:14:52,pagada
5887,636,3,para_llevar,,2025-12-03 18:01:16,pagada
5888,853,2,para_llevar,,2025-11-07 05:10:53,anulada
5889,703,5,domicilio,,2025-05-26 07:19:58,pagada
5890,716,2,domicilio,,2025-11-23 13:00:24,pagada
5891,1047,1,en_mesa,7.0,2025-06-14 12:14:27,pagada
5892,428,2,en_mesa,4.0,2025-05-20 21:06:57,pagada
5893,1409,3,para_llevar,,2025-08-22 23:51:58,cortesia
5894,1280,3,domicilio,,2025-10-23 13:49:48,pagada
5895,1259,4,en_mesa,11.0,2025-06-06 09:54:14,pagada
5896,30,2,para_llevar,,2025-06-07 21:47:15,pagada
5897,379,1,domicilio,,2025-12-03 13:19:52,pagada
5898,1082,4,para_llevar,,2026-01-13 05:39:36,pagada
5899,56,2,domicilio,,2025-04-17 02:01:42,cortesia
5900,554,1,en_mesa,12.0,2025-10-23 23:04:44,anulada
5901,145,5,para_llevar,,2026-01-07 05:35:43,pagada
5902,1396,4,en_mesa,6.0,2025-09-25 05:10:54,pagada
5903,627,4,en_mesa,6.0,2025-10-22 03:46:51,pagada
5904,285,3,en_mesa,8.0,2025-04-13 11:06:29,anulada
5905,1500,5,para_llevar,,2026-01-19 09:35:53,anulada
5906,703,3,en_mesa,6.0,2025-07-20 01:45:10,cortesia
5907,999,5,domicilio,,2025-10-02 03:28:23,pagada
5908,1,1,para_llevar,,2025-06-11 22:08:27,pagada
5909,1095,4,domicilio,,2025-10-08 18:49:47,anulada
5910,1024,4,domicilio,,2025-12-10 22:58:10,pagada
5911,177,3,domicilio,,2025-04-30 10:23:02,anulada
5912,1336,2,para_llevar,,2025-06-20 19:08:20,anulada
5913,1474,3,domicilio,,2026-02-25 06:52:53,anulada
5914,1485,5,domicilio,,2025-11-29 05:40:08,pagada
5915,1109,1,domicilio,,2025-09-07 16:26:17,pagada
5916,682,3,en_mesa,3.0,2025-11-04 16:41:39,pagada
5917,758,1,en_mesa,13.0,2025-08-25 08:16:25,pagada
5918,595,5,para_llevar,,2025-08-17 21:50:29,pagada
5919,1376,2,en_mesa,5.0,2025-06-06 12:13:55,cortesia
5920,1413,4,para_llevar,,2025-10-13 04:10:01,cortesia
5921,127,4,para_llevar,,2025-09-17 12:31:20,anulada
5922,61,2,en_mesa,14.0,2025-04-08 20:53:18,anulada
5923,104,5,para_llevar,,2025-12-28 15:12:06,pagada
5924,741,2,domicilio,,2025-04-12 19:21:14,pagada
5925,1087,5,en_mesa,10.0,2025-08-16 20:21:59,cortesia
5926,1119,2,en_mesa,8.0,2025-10-26 01:58:51,cortesia
5927,803,5,para_llevar,,2025-12-17 02:10:12,anulada
5928,561,4,domicilio,,2026-02-05 00:18:14,pagada
5929,1358,5,domicilio,,2025-07-26 15:54:14,pagada
5930,290,2,domicilio,,2026-02-25 11:41:15,pagada
5931,541,5,domicilio,,2026-01-03 17:21:59,anulada
5932,7,2,en_mesa,10.0,2025-10-12 20:55:01,pagada
5933,1321,2,para_llevar,,2025-10-24 08:30:15,pagada
5934,249,2,para_llevar,,2026-01-30 01:38:28,cortesia
5935,637,2,en_mesa,2.0,2025-10-24 08:10:20,pagada
5936,168,4,para_llevar,,2025-12-10 10:47:27,anulada
5937,1441,3,para_llevar,,2026-01-30 00:37:07,cortesia
5938,1169,1,en_mesa,15.0,2025-12-29 10:51:51,pagada
5939,244,1,domicilio,,2025-05-21 08:31:01,pagada
5940,1224,1,para_llevar,,2025-07-21 18:07:34,pagada
5941,211,1,para_llevar,,2026-02-12 15:02:22,pagada
5942,429,1,para_llevar,,2025-07-19 06:54:13,pagada
5943,835,4,domicilio,,2025-11-03 11:58:51,anulada
5944,1077,2,domicilio,,2025-10-31 00:06:12,pagada
5945,906,5,domicilio,,2025-11-17 07:12:57,pagada
5946,407,4,en_mesa,5.0,2025-06-01 08:45:52,pagada
5947,913,4,en_mesa,12.0,2025-06-25 03:04:09,cortesia
5948,531,2,domicilio,,2026-01-28 10:34:54,pagada
5949,979,1,en_mesa,10.0,2025-10-01 09:24:13,pagada
5950,743,1,para_llevar,,2026-01-01 22:19:41,pagada
5951,440,4,domicilio,,2025-10-12 12:22:52,pagada
5952,846,2,para_llevar,,2025-05-23 01:35:19,anulada
5953,601,1,domicilio,,2025-09-10 13:23:18,pagada
5954,40,2,domicilio,,2025-09-25 02:52:55,anulada
5955,1246,3,domicilio,,2026-02-03 01:47:08,cortesia
5956,500,2,en_mesa,6.0,2025-09-11 19:34:22,cortesia
5957,467,2,para_llevar,,2026-01-17 19:44:50,pagada
5958,1100,3,para_llevar,,2025-04-30 22:24:51,pagada
5959,996,2,domicilio,,2025-11-21 18:53:04,anulada
5960,25,5,en_mesa,2.0,2026-03-02 12:20:08,pagada
5961,1072,3,en_mesa,10.0,2026-03-11 11:24:22,cortesia
5962,1105,2,para_llevar,,2025-10-12 16:03:24,pagada
5963,988,2,para_llevar,,2025-07-20 16:01:22,cortesia
5964,146,4,domicilio,,2026-01-05 18:31:26,pagada
5965,1239,1,para_llevar,,2025-06-25 19:38:21,pagada
5966,847,4,para_llevar,,2025-03-31 15:45:49,anulada
5967,748,1,domicilio,,2025-07-28 20:56:53,cortesia
5968,128,5,para_llevar,,2025-08-29 12:01:10,cortesia
5969,294,5,domicilio,,2025-04-15 21:19:54,pagada
5970,1059,4,para_llevar,,2025-06-02 10:12:23,anulada
5971,1298,4,en_mesa,9.0,2025-11-03 10:48:48,pagada
5972,795,3,para_llevar,,2025-12-21 23:35:08,cortesia
5973,892,3,en_mesa,12.0,2025-04-08 14:44:03,cortesia
5974,1338,5,para_llevar,,2025-06-26 03:47:15,anulada
5975,1281,3,domicilio,,2025-06-28 16:00:32,pagada
5976,368,1,en_mesa,9.0,2025-09-26 18:27:40,pagada
5977,884,5,para_llevar,,2026-01-07 05:59:47,pagada
5978,1031,3,para_llevar,,2026-03-26 19:11:40,anulada
5979,654,5,para_llevar,,2026-01-03 03:49:54,cortesia
5980,263,3,en_mesa,3.0,2025-05-11 20:05:49,anulada
5981,1393,2,para_llevar,,2025-10-12 19:42:39,pagada
5982,571,5,para_llevar,,2025-05-06 00:29:32,pagada
5983,1032,3,en_mesa,5.0,2025-06-03 03:11:21,cortesia
5984,211,4,domicilio,,2025-09-01 08:07:31,pagada
5985,906,4,en_mesa,15.0,2025-09-07 19:06:54,pagada
5986,424,1,para_llevar,,2026-03-04 19:12:17,anulada
5987,423,1,en_mesa,12.0,2026-03-20 11:02:11,pagada
5988,1107,5,para_llevar,,2026-01-31 00:08:12,pagada
5989,1462,1,en_mesa,15.0,2025-11-02 19:28:27,anulada
5990,109,2,en_mesa,7.0,2025-05-10 06:32:07,cortesia
5991,1485,3,domicilio,,2025-09-12 16:53:43,pagada
5992,209,5,para_llevar,,2025-05-23 19:24:32,anulada
5993,251,5,en_mesa,6.0,2025-10-02 17:39:13,pagada
5994,1288,3,domicilio,,2025-04-16 19:35:16,anulada
5995,960,3,para_llevar,,2025-06-07 09:33:49,pagada
5996,559,2,domicilio,,2025-06-23 16:45:11,pagada
5997,1248,1,domicilio,,2026-02-01 10:12:18,cortesia
5998,806,5,para_llevar,,2026-02-07 02:21:45,pagada
5999,712,2,domicilio,,2025-12-07 09:26:29,anulada
6000,758,3,para_llevar,,2025-08-19 03:28:03,pagada
6001,810,4,en_mesa,7.0,2025-06-04 19:23:18,pagada
6002,560,4,domicilio,,2025-12-21 08:08:21,pagada
6003,49,3,domicilio,,2026-01-19 23:33:43,anulada
6004,786,4,domicilio,,2025-12-24 11:53:18,cortesia
6005,960,4,en_mesa,7.0,2026-02-18 15:28:37,pagada
6006,1323,2,domicilio,,2026-02-14 22:04:33,pagada
6007,842,4,en_mesa,9.0,2025-04-25 03:47:03,pagada
6008,890,4,domicilio,,2025-08-06 17:42:16,pagada
6009,317,3,domicilio,,2025-08-10 01:49:20,cortesia
6010,280,3,para_llevar,,2025-07-02 12:11:15,pagada
6011,89,5,en_mesa,7.0,2025-04-23 12:45:51,cortesia
6012,423,2,para_llevar,,2025-07-19 05:48:37,pagada
6013,11,5,domicilio,,2025-12-05 01:07:14,pagada
6014,717,1,para_llevar,,2025-07-29 22:03:05,pagada
6015,1152,2,en_mesa,12.0,2026-02-08 22:39:30,cortesia
6016,1491,2,en_mesa,14.0,2026-03-04 06:56:10,pagada
6017,806,3,en_mesa,5.0,2025-08-16 02:50:23,pagada
6018,1472,1,en_mesa,12.0,2025-06-07 07:58:51,cortesia
6019,1111,4,para_llevar,,2025-11-30 16:40:21,anulada
6020,80,1,domicilio,,2025-07-06 22:10:09,pagada
6021,912,4,domicilio,,2025-06-14 19:41:05,cortesia
6022,81,3,en_mesa,4.0,2025-11-18 03:38:27,pagada
6023,1083,2,en_mesa,3.0,2025-04-25 23:06:18,pagada
6024,281,5,para_llevar,,2025-09-29 01:35:58,cortesia
6025,406,4,en_mesa,9.0,2026-03-23 00:55:28,cortesia
6026,1411,5,domicilio,,2025-05-26 19:53:41,anulada
6027,102,1,para_llevar,,2025-07-25 07:23:13,pagada
6028,1081,5,en_mesa,3.0,2025-08-19 10:18:18,pagada
6029,644,4,para_llevar,,2025-12-27 01:15:15,pagada
6030,418,1,domicilio,,2026-02-25 07:39:36,pagada
6031,89,5,para_llevar,,2025-07-22 03:58:52,anulada
6032,1317,1,para_llevar,,2025-08-30 20:21:17,pagada
6033,821,2,para_llevar,,2025-07-05 07:33:24,cortesia
6034,519,1,para_llevar,,2026-03-27 11:39:53,pagada
6035,1468,2,domicilio,,2025-10-07 12:59:33,pagada
6036,430,3,domicilio,,2025-09-11 04:59:04,anulada
6037,337,1,en_mesa,1.0,2025-12-25 20:01:51,pagada
6038,1027,4,en_mesa,11.0,2025-07-26 01:45:13,cortesia
6039,1129,3,domicilio,,2026-03-09 07:46:25,pagada
6040,289,3,en_mesa,15.0,2025-12-10 20:42:08,pagada
6041,1178,3,en_mesa,7.0,2025-08-24 22:34:11,pagada
6042,554,3,en_mesa,1.0,2026-01-14 18:41:11,anulada
6043,1143,1,para_llevar,,2025-12-15 03:51:14,anulada
6044,185,1,para_llevar,,2025-04-18 17:33:56,pagada
6045,410,4,domicilio,,2026-03-15 09:02:48,pagada
6046,145,2,en_mesa,7.0,2025-08-30 09:36:06,pagada
6047,1484,1,domicilio,,2025-11-23 06:00:53,pagada
6048,1241,2,en_mesa,4.0,2025-05-02 06:16:07,pagada
6049,1371,1,para_llevar,,2026-01-02 19:29:02,pagada
6050,672,2,en_mesa,1.0,2025-12-05 13:16:49,cortesia
6051,1135,2,domicilio,,2026-01-02 23:46:50,pagada
6052,890,3,en_mesa,10.0,2025-05-26 20:09:47,cortesia
6053,658,1,para_llevar,,2026-01-25 16:51:52,pagada
6054,1076,2,para_llevar,,2025-04-12 07:27:31,pagada
6055,45,1,para_llevar,,2025-07-24 22:10:54,pagada
6056,29,3,en_mesa,14.0,2025-12-16 22:15:57,pagada
6057,502,4,en_mesa,6.0,2025-10-07 16:21:10,anulada
6058,435,3,para_llevar,,2025-06-16 15:01:36,cortesia
6059,725,5,domicilio,,2025-06-05 13:17:38,anulada
6060,702,3,en_mesa,1.0,2026-03-11 06:32:35,pagada
6061,1168,5,para_llevar,,2026-01-12 14:55:59,pagada
6062,223,5,domicilio,,2025-12-30 19:04:19,cortesia
6063,502,3,para_llevar,,2025-11-29 16:46:43,pagada
6064,508,2,domicilio,,2025-04-29 19:11:50,pagada
6065,962,5,domicilio,,2025-06-02 00:56:38,cortesia
6066,847,1,para_llevar,,2025-08-23 15:36:46,pagada
6067,1087,3,para_llevar,,2026-03-26 16:53:02,cortesia
6068,1360,5,para_llevar,,2026-03-04 05:25:00,cortesia
6069,43,5,domicilio,,2025-05-13 17:06:38,cortesia
6070,1396,3,para_llevar,,2025-12-25 15:53:51,anulada
6071,1107,2,en_mesa,14.0,2025-12-22 01:10:12,cortesia
6072,501,4,domicilio,,2025-08-11 13:38:10,pagada
6073,1353,2,domicilio,,2026-03-12 22:39:03,anulada
6074,1374,4,domicilio,,2025-07-01 10:26:08,pagada
6075,961,2,en_mesa,1.0,2025-06-06 04:31:42,pagada
6076,117,3,en_mesa,10.0,2025-05-14 01:27:55,pagada
6077,189,2,en_mesa,4.0,2026-03-02 09:25:43,anulada
6078,962,5,domicilio,,2025-06-12 05:27:06,pagada
6079,811,1,en_mesa,1.0,2025-11-15 17:03:04,cortesia
6080,2,1,en_mesa,4.0,2025-10-26 02:05:52,pagada
6081,1390,1,domicilio,,2025-11-01 22:18:37,cortesia
6082,245,4,en_mesa,12.0,2025-08-14 06:34:59,pagada
6083,1345,2,domicilio,,2025-11-18 15:14:59,cortesia
6084,921,4,en_mesa,4.0,2025-09-24 22:23:40,anulada
6085,38,5,para_llevar,,2025-06-05 12:36:18,anulada
6086,536,2,para_llevar,,2025-05-19 16:08:05,pagada
6087,1052,2,en_mesa,2.0,2026-03-09 19:48:06,anulada
6088,417,2,para_llevar,,2025-08-23 13:17:25,anulada
6089,1409,5,para_llevar,,2025-05-08 15:03:52,cortesia
6090,146,2,en_mesa,14.0,2026-03-14 02:52:03,pagada
6091,13,1,domicilio,,2025-05-13 17:00:35,cortesia
6092,863,4,para_llevar,,2025-08-06 12:35:17,pagada
6093,1209,4,en_mesa,9.0,2026-03-11 19:07:04,pagada
6094,1471,3,domicilio,,2025-11-11 00:16:35,pagada
6095,503,5,para_llevar,,2025-11-13 21:13:29,pagada
6096,620,5,para_llevar,,2025-11-29 09:28:16,pagada
6097,1417,2,en_mesa,5.0,2025-09-08 08:59:08,pagada
6098,163,4,domicilio,,2025-11-16 14:03:19,cortesia
6099,790,5,domicilio,,2025-07-18 20:54:25,pagada
6100,850,2,en_mesa,13.0,2025-09-30 01:50:43,anulada
6101,161,5,para_llevar,,2025-10-09 06:29:24,pagada
6102,52,1,en_mesa,15.0,2025-06-05 13:30:30,cortesia
6103,775,4,en_mesa,15.0,2026-02-01 14:31:53,pagada
6104,747,1,para_llevar,,2026-03-18 19:58:04,cortesia
6105,55,3,en_mesa,4.0,2026-02-27 07:33:53,pagada
6106,1046,2,domicilio,,2025-12-07 22:10:30,cortesia
6107,567,2,para_llevar,,2025-07-05 06:27:53,pagada
6108,593,5,para_llevar,,2025-05-22 06:28:30,pagada
6109,1198,2,para_llevar,,2025-06-05 09:13:29,cortesia
6110,33,3,para_llevar,,2025-05-09 16:07:46,cortesia
6111,709,3,para_llevar,,2026-01-13 19:39:54,pagada
6112,345,4,en_mesa,5.0,2025-10-24 11:24:42,pagada
6113,722,5,en_mesa,13.0,2025-08-22 05:47:37,pagada
6114,756,3,domicilio,,2026-02-14 17:49:15,pagada
6115,804,2,en_mesa,6.0,2026-02-08 10:03:20,pagada
6116,1455,3,en_mesa,4.0,2025-04-29 05:40:52,anulada
6117,1199,2,para_llevar,,2025-12-16 02:10:07,anulada
6118,745,4,domicilio,,2025-10-15 09:11:25,anulada
6119,449,1,en_mesa,13.0,2025-08-11 11:53:34,anulada
6120,74,5,para_llevar,,2026-03-09 21:55:54,pagada
6121,1283,4,domicilio,,2025-11-23 17:04:28,pagada
6122,1311,4,domicilio,,2025-11-17 08:29:45,pagada
6123,811,2,domicilio,,2025-05-09 18:53:19,pagada
6124,623,4,domicilio,,2025-11-27 09:02:08,pagada
6125,1384,3,domicilio,,2025-10-22 16:45:37,pagada
6126,1050,3,en_mesa,3.0,2025-11-21 16:49:04,pagada
6127,12,5,en_mesa,5.0,2026-03-23 23:15:38,pagada
6128,299,1,para_llevar,,2025-06-16 01:59:57,pagada
6129,797,5,domicilio,,2025-06-29 23:11:38,pagada
6130,49,4,para_llevar,,2025-06-29 09:11:14,cortesia
6131,734,4,domicilio,,2025-04-18 22:55:24,pagada
6132,913,3,domicilio,,2026-03-26 03:10:59,cortesia
6133,691,1,en_mesa,9.0,2025-11-24 13:36:47,cortesia
6134,566,5,para_llevar,,2025-09-09 20:30:49,pagada
6135,339,3,domicilio,,2025-12-29 16:23:18,pagada
6136,1265,3,para_llevar,,2025-07-21 07:59:06,cortesia
6137,515,5,domicilio,,2026-01-30 09:18:13,anulada
6138,1480,1,domicilio,,2025-07-07 01:23:08,pagada
6139,313,2,en_mesa,4.0,2025-09-11 18:54:51,pagada
6140,922,5,en_mesa,12.0,2025-08-19 02:06:06,cortesia
6141,203,3,domicilio,,2025-05-12 16:40:02,pagada
6142,501,4,para_llevar,,2025-06-15 08:54:06,pagada
6143,544,5,en_mesa,4.0,2025-10-14 18:32:08,pagada
6144,1126,4,domicilio,,2026-03-25 12:14:37,cortesia
6145,176,5,en_mesa,10.0,2026-03-27 06:18:42,pagada
6146,195,1,para_llevar,,2026-03-20 21:15:51,pagada
6147,1141,4,para_llevar,,2026-03-19 10:36:03,pagada
6148,443,1,domicilio,,2025-11-22 08:51:35,anulada
6149,1003,1,domicilio,,2026-02-05 15:23:29,anulada
6150,514,3,en_mesa,3.0,2025-10-21 00:00:29,pagada
6151,43,1,para_llevar,,2025-08-21 18:20:49,pagada
6152,1340,4,para_llevar,,2025-08-16 22:28:59,cortesia
6153,577,3,domicilio,,2025-07-10 06:19:54,pagada
6154,1301,1,para_llevar,,2026-03-02 06:11:56,anulada
6155,1216,3,para_llevar,,2025-09-29 15:29:18,pagada
6156,339,5,para_llevar,,2025-12-14 05:56:17,cortesia
6157,777,1,domicilio,,2026-03-28 17:34:23,cortesia
6158,564,2,para_llevar,,2025-12-18 04:53:53,anulada
6159,1092,2,en_mesa,8.0,2025-12-22 23:55:21,pagada
6160,983,1,en_mesa,1.0,2026-01-15 05:17:37,anulada
6161,1269,3,domicilio,,2026-02-09 17:30:16,pagada
6162,400,3,domicilio,,2025-08-25 16:19:38,pagada
6163,1075,5,para_llevar,,2025-05-13 02:13:27,pagada
6164,175,2,en_mesa,15.0,2025-07-21 09:35:27,pagada
6165,750,1,domicilio,,2025-10-29 05:18:25,anulada
6166,905,5,en_mesa,13.0,2025-05-28 22:08:11,pagada
6167,775,3,domicilio,,2025-06-15 06:48:30,cortesia
6168,201,3,en_mesa,7.0,2025-10-31 13:15:31,cortesia
6169,1206,5,domicilio,,2025-09-08 03:32:50,anulada
6170,1217,1,en_mesa,9.0,2025-05-06 17:35:31,cortesia
6171,315,2,domicilio,,2025-06-20 05:09:25,anulada
6172,1372,3,domicilio,,2026-02-03 07:05:44,pagada
6173,809,5,en_mesa,5.0,2025-08-01 14:05:58,pagada
6174,452,1,para_llevar,,2025-09-06 06:29:29,pagada
6175,1168,3,para_llevar,,2025-10-06 22:17:50,pagada
6176,1086,1,para_llevar,,2025-12-25 13:21:32,pagada
6177,833,1,domicilio,,2025-11-12 17:20:37,pagada
6178,530,2,domicilio,,2025-08-05 19:23:22,anulada
6179,171,5,domicilio,,2025-08-30 20:44:14,pagada
6180,426,3,para_llevar,,2025-07-29 17:15:16,cortesia
6181,1362,5,en_mesa,14.0,2025-09-05 20:59:39,pagada
6182,502,5,para_llevar,,2025-07-16 19:08:16,pagada
6183,1236,5,en_mesa,8.0,2026-03-21 13:42:17,pagada
6184,713,1,domicilio,,2025-07-02 21:44:53,cortesia
6185,1496,3,domicilio,,2025-04-17 10:00:07,pagada
6186,819,3,domicilio,,2025-07-08 10:16:35,cortesia
6187,813,1,para_llevar,,2026-03-15 14:02:52,pagada
6188,782,5,domicilio,,2025-06-29 22:17:39,pagada
6189,1179,3,para_llevar,,2025-10-20 03:15:32,pagada
6190,969,4,en_mesa,1.0,2025-08-30 05:04:54,pagada
6191,412,5,domicilio,,2025-05-04 00:49:43,pagada
6192,424,4,en_mesa,14.0,2025-06-25 03:45:36,pagada
6193,667,1,domicilio,,2025-08-30 13:36:50,pagada
6194,1287,5,para_llevar,,2025-04-21 02:55:53,pagada
6195,933,3,para_llevar,,2025-09-12 03:45:26,pagada
6196,622,4,para_llevar,,2025-07-08 07:55:06,pagada
6197,233,3,para_llevar,,2025-05-03 16:57:48,pagada
6198,406,3,para_llevar,,2026-02-01 17:19:15,anulada
6199,481,4,para_llevar,,2025-06-27 07:15:30,pagada
6200,1381,5,en_mesa,15.0,2025-07-17 22:21:40,cortesia
6201,773,2,domicilio,,2025-04-20 06:43:47,cortesia
6202,912,4,domicilio,,2025-09-17 05:45:47,pagada
6203,235,3,domicilio,,2025-12-14 00:14:04,anulada
6204,144,1,domicilio,,2025-07-27 10:28:56,pagada
6205,918,5,para_llevar,,2025-07-28 04:38:23,anulada
6206,463,5,para_llevar,,2025-11-18 03:00:17,pagada
6207,591,2,domicilio,,2025-10-10 06:48:05,pagada
6208,157,4,para_llevar,,2025-05-31 17:27:02,cortesia
6209,1381,2,domicilio,,2026-03-05 04:45:55,pagada
6210,1145,5,para_llevar,,2025-09-25 16:41:24,pagada
6211,231,4,domicilio,,2025-05-08 16:29:19,pagada
6212,1321,4,domicilio,,2025-05-26 02:34:13,pagada
6213,180,2,domicilio,,2025-11-24 16:40:46,cortesia
6214,906,5,en_mesa,5.0,2025-12-14 12:34:32,pagada
6215,354,2,para_llevar,,2025-11-12 10:20:20,pagada
6216,1353,1,en_mesa,10.0,2025-05-06 02:47:27,cortesia
6217,1347,4,en_mesa,5.0,2025-09-28 18:46:10,pagada
6218,1214,5,en_mesa,13.0,2025-06-24 10:01:03,anulada
6219,84,4,domicilio,,2025-11-02 10:42:42,pagada
6220,106,5,para_llevar,,2025-05-21 11:13:57,cortesia
6221,1376,5,en_mesa,9.0,2026-03-01 21:13:07,pagada
6222,157,4,para_llevar,,2025-11-22 03:03:54,cortesia
6223,773,5,para_llevar,,2026-02-22 03:51:27,pagada
6224,935,5,en_mesa,11.0,2025-10-01 20:55:24,pagada
6225,381,5,en_mesa,3.0,2026-02-21 20:53:10,pagada
6226,7,2,domicilio,,2025-05-19 06:08:59,anulada
6227,684,2,para_llevar,,2025-10-07 12:54:41,anulada
6228,1315,5,para_llevar,,2025-09-17 11:38:26,cortesia
6229,538,3,en_mesa,1.0,2025-12-10 15:38:30,pagada
6230,931,3,domicilio,,2026-03-06 09:40:53,cortesia
6231,622,1,para_llevar,,2025-08-26 01:40:07,cortesia
6232,1306,4,en_mesa,13.0,2025-07-21 00:34:32,pagada
6233,1472,4,domicilio,,2025-04-21 13:08:14,pagada
6234,113,4,en_mesa,11.0,2025-07-28 08:33:22,pagada
6235,1028,3,para_llevar,,2026-03-11 21:55:27,pagada
6236,1027,2,para_llevar,,2026-03-22 13:24:38,pagada
6237,632,1,para_llevar,,2025-11-24 00:09:36,anulada
6238,202,5,para_llevar,,2026-01-20 05:38:10,pagada
6239,678,2,para_llevar,,2025-08-28 16:50:51,pagada
6240,116,5,domicilio,,2025-07-06 05:36:35,anulada
6241,1223,3,domicilio,,2026-03-30 02:48:49,pagada
6242,918,4,para_llevar,,2026-01-26 08:52:56,anulada
6243,454,2,para_llevar,,2025-04-18 18:35:43,cortesia
6244,622,5,domicilio,,2025-11-02 09:22:10,pagada
6245,963,4,para_llevar,,2026-03-02 00:54:58,pagada
6246,172,3,en_mesa,8.0,2025-08-10 14:46:04,cortesia
6247,716,1,en_mesa,15.0,2025-12-29 14:15:21,cortesia
6248,1300,4,en_mesa,11.0,2026-03-14 15:58:03,anulada
6249,1412,3,domicilio,,2026-03-03 09:57:36,pagada
6250,314,4,para_llevar,,2026-03-02 19:35:14,pagada
6251,1247,1,en_mesa,14.0,2025-07-27 11:21:24,anulada
6252,1090,4,en_mesa,4.0,2025-05-31 15:47:01,pagada
6253,1236,3,domicilio,,2026-02-22 14:26:27,cortesia
6254,1351,3,en_mesa,5.0,2025-05-12 20:05:10,cortesia
6255,1113,3,domicilio,,2025-08-06 21:29:47,pagada
6256,532,3,para_llevar,,2025-11-26 22:34:00,pagada
6257,553,3,en_mesa,3.0,2026-02-05 05:22:02,pagada
6258,1004,5,en_mesa,8.0,2025-11-10 09:55:48,pagada
6259,195,2,para_llevar,,2025-04-25 09:39:57,cortesia
6260,1492,3,en_mesa,10.0,2025-12-12 05:08:06,pagada
6261,995,5,domicilio,,2025-08-21 23:01:58,pagada
6262,1052,2,en_mesa,11.0,2025-08-22 17:23:20,pagada
6263,1473,1,en_mesa,6.0,2025-06-24 20:03:41,pagada
6264,440,5,domicilio,,2025-04-08 02:48:47,pagada
6265,834,5,en_mesa,8.0,2026-01-12 00:07:24,pagada
6266,28,3,en_mesa,3.0,2025-09-24 09:07:02,pagada
6267,1345,1,domicilio,,2025-07-24 18:43:17,pagada
6268,465,2,para_llevar,,2026-03-14 23:13:23,cortesia
6269,1140,5,en_mesa,9.0,2025-06-01 22:20:32,cortesia
6270,696,5,en_mesa,5.0,2025-12-03 14:04:53,pagada
6271,293,4,domicilio,,2025-04-08 01:22:04,cortesia
6272,1058,3,en_mesa,8.0,2025-12-23 03:30:36,pagada
6273,548,2,para_llevar,,2025-08-02 10:47:09,pagada
6274,966,5,en_mesa,7.0,2026-03-02 02:38:18,pagada
6275,832,1,en_mesa,15.0,2025-06-09 08:36:44,anulada
6276,64,1,para_llevar,,2025-10-22 07:52:37,pagada
6277,1101,2,en_mesa,14.0,2025-11-28 01:10:32,pagada
6278,400,5,domicilio,,2025-06-01 15:47:01,pagada
6279,485,3,en_mesa,12.0,2025-05-29 10:02:37,pagada
6280,7,4,domicilio,,2025-11-25 19:06:21,pagada
6281,167,1,domicilio,,2025-10-06 20:20:51,pagada
6282,437,3,para_llevar,,2025-04-15 21:07:57,pagada
6283,1201,1,en_mesa,2.0,2025-06-01 23:59:30,pagada
6284,926,1,domicilio,,2026-03-14 13:21:05,pagada
6285,160,4,en_mesa,2.0,2026-02-06 01:20:12,pagada
6286,33,4,en_mesa,9.0,2025-08-14 06:29:58,pagada
6287,624,5,para_llevar,,2025-08-14 01:06:44,anulada
6288,1049,5,para_llevar,,2026-01-25 20:00:43,pagada
6289,861,1,en_mesa,3.0,2025-12-13 08:23:17,pagada
6290,13,4,para_llevar,,2026-03-28 20:47:40,pagada
6291,1039,1,en_mesa,14.0,2025-07-05 13:28:14,pagada
6292,1131,1,para_llevar,,2026-03-09 03:22:44,cortesia
6293,300,3,en_mesa,7.0,2026-02-25 12:26:10,pagada
6294,1254,4,para_llevar,,2025-12-22 20:44:21,pagada
6295,893,3,para_llevar,,2025-10-05 16:21:14,pagada
6296,1160,1,domicilio,,2025-06-22 08:49:07,pagada
6297,949,1,domicilio,,2025-10-21 02:06:12,pagada
6298,439,3,domicilio,,2025-08-16 17:25:39,pagada
6299,528,4,en_mesa,9.0,2025-04-08 13:48:26,anulada
6300,749,4,en_mesa,15.0,2025-05-16 19:15:08,pagada
6301,1134,4,en_mesa,4.0,2026-02-10 10:45:31,pagada
6302,471,4,domicilio,,2025-08-24 01:40:05,pagada
6303,658,1,en_mesa,15.0,2025-07-11 16:40:54,pagada
6304,776,5,en_mesa,15.0,2025-05-01 11:00:32,cortesia
6305,767,2,en_mesa,4.0,2026-01-15 02:21:35,cortesia
6306,1168,3,domicilio,,2025-07-03 06:28:45,pagada
6307,853,4,en_mesa,11.0,2025-05-17 04:12:10,pagada
6308,206,3,en_mesa,7.0,2025-05-28 16:45:53,anulada
6309,974,1,para_llevar,,2026-03-21 15:26:08,anulada
6310,1467,4,en_mesa,4.0,2025-04-01 10:52:07,pagada
6311,653,2,para_llevar,,2026-02-16 21:59:53,anulada
6312,615,5,en_mesa,11.0,2025-10-16 18:05:07,cortesia
6313,183,1,domicilio,,2025-12-12 01:06:58,pagada
6314,1224,1,en_mesa,13.0,2025-06-01 05:09:32,pagada
6315,1072,5,para_llevar,,2025-09-12 15:39:22,pagada
6316,403,5,en_mesa,8.0,2025-10-26 09:53:15,anulada
6317,275,1,en_mesa,12.0,2025-06-13 04:42:10,pagada
6318,1030,2,en_mesa,4.0,2025-06-05 08:56:39,cortesia
6319,1392,3,para_llevar,,2026-01-01 16:49:37,cortesia
6320,323,3,para_llevar,,2025-12-08 01:24:59,cortesia
6321,1374,1,en_mesa,4.0,2026-03-24 01:09:51,pagada
6322,1391,5,domicilio,,2025-11-05 19:23:52,pagada
6323,1211,3,en_mesa,6.0,2025-07-11 00:54:43,pagada
6324,470,5,en_mesa,2.0,2026-01-20 09:05:50,pagada
6325,775,3,para_llevar,,2025-10-09 16:24:21,anulada
6326,525,4,para_llevar,,2026-03-20 22:54:03,pagada
6327,667,4,domicilio,,2025-07-19 19:29:44,pagada
6328,528,3,domicilio,,2025-06-28 22:12:41,pagada
6329,1245,3,domicilio,,2025-08-26 14:06:36,anulada
6330,1403,1,domicilio,,2025-06-12 15:03:46,pagada
6331,1073,4,para_llevar,,2025-05-14 19:28:19,anulada
6332,1124,2,domicilio,,2025-05-14 20:46:42,anulada
6333,268,5,para_llevar,,2025-11-02 16:51:27,pagada
6334,272,3,domicilio,,2025-12-22 03:44:25,pagada
6335,544,1,domicilio,,2026-03-25 15:23:28,cortesia
6336,735,1,domicilio,,2025-08-15 21:09:10,cortesia
6337,305,4,domicilio,,2025-12-12 10:17:59,pagada
6338,419,1,domicilio,,2025-08-12 22:11:38,pagada
6339,901,5,para_llevar,,2025-07-11 05:48:00,pagada
6340,1038,3,en_mesa,9.0,2025-12-20 21:14:27,anulada
6341,1133,4,domicilio,,2025-09-20 07:18:01,anulada
6342,656,4,domicilio,,2025-08-30 04:11:21,anulada
6343,565,5,para_llevar,,2025-10-01 14:00:33,pagada
6344,1388,1,para_llevar,,2026-01-01 20:33:56,pagada
6345,648,1,para_llevar,,2025-10-01 21:54:25,cortesia
6346,612,4,para_llevar,,2026-02-23 06:20:36,pagada
6347,983,1,para_llevar,,2025-05-21 22:41:35,pagada
6348,1199,4,en_mesa,6.0,2025-09-15 07:38:59,pagada
6349,443,4,para_llevar,,2025-08-12 22:19:36,pagada
6350,1112,2,en_mesa,12.0,2025-05-11 06:22:34,pagada
6351,85,4,en_mesa,12.0,2025-05-03 07:41:52,pagada
6352,913,1,domicilio,,2026-01-29 06:02:54,pagada
6353,765,2,domicilio,,2025-09-24 01:35:27,anulada
6354,1033,3,domicilio,,2025-12-06 04:55:43,pagada
6355,1058,3,domicilio,,2025-04-22 03:55:06,cortesia
6356,1212,4,para_llevar,,2025-05-18 12:43:45,cortesia
6357,263,1,en_mesa,6.0,2026-02-08 18:46:25,pagada
6358,1129,4,para_llevar,,2025-06-03 17:14:47,anulada
6359,176,3,para_llevar,,2025-07-09 17:05:02,pagada
6360,1060,5,domicilio,,2025-05-22 08:18:37,pagada
6361,443,3,para_llevar,,2025-04-12 10:24:48,pagada
6362,1427,5,para_llevar,,2025-07-20 16:44:43,anulada
6363,377,5,para_llevar,,2025-09-01 11:19:01,pagada
6364,922,3,en_mesa,7.0,2025-09-24 19:29:22,anulada
6365,1050,2,para_llevar,,2025-05-16 10:15:59,pagada
6366,239,3,domicilio,,2025-05-10 13:43:15,pagada
6367,1082,1,domicilio,,2026-03-11 03:16:26,pagada
6368,75,1,domicilio,,2025-06-21 04:26:10,anulada
6369,1323,4,en_mesa,7.0,2025-06-26 04:51:28,anulada
6370,627,1,en_mesa,13.0,2025-08-13 20:47:04,anulada
6371,104,3,domicilio,,2025-12-28 19:53:34,pagada
6372,1015,1,en_mesa,3.0,2026-01-24 18:23:03,anulada
6373,467,2,domicilio,,2025-09-08 19:40:37,pagada
6374,886,5,para_llevar,,2025-12-13 04:47:46,pagada
6375,644,3,en_mesa,7.0,2025-07-30 00:44:58,anulada
6376,104,3,en_mesa,3.0,2026-02-26 20:23:54,cortesia
6377,5,3,en_mesa,7.0,2025-11-23 15:49:40,pagada
6378,891,2,en_mesa,10.0,2025-11-27 13:36:30,anulada
6379,510,5,domicilio,,2025-12-27 17:19:12,pagada
6380,1256,3,domicilio,,2026-02-18 10:32:00,cortesia
6381,73,5,en_mesa,1.0,2025-11-15 08:57:28,anulada
6382,1293,5,en_mesa,15.0,2025-05-20 01:40:06,pagada
6383,54,2,en_mesa,5.0,2025-10-05 15:38:32,pagada
6384,888,2,para_llevar,,2025-08-09 00:12:50,pagada
6385,374,3,en_mesa,15.0,2025-08-21 22:37:36,anulada
6386,1179,4,domicilio,,2025-09-23 23:13:28,pagada
6387,308,5,para_llevar,,2025-09-24 10:11:36,pagada
6388,228,4,en_mesa,2.0,2026-02-02 18:29:16,pagada
6389,1292,4,domicilio,,2025-04-21 14:13:01,pagada
6390,319,2,en_mesa,3.0,2025-09-15 01:05:06,cortesia
6391,65,2,en_mesa,14.0,2026-01-16 00:19:07,pagada
6392,1148,2,domicilio,,2025-12-09 21:50:33,pagada
6393,1455,2,para_llevar,,2025-07-15 14:52:47,anulada
6394,650,1,en_mesa,5.0,2025-10-06 05:35:22,pagada
6395,1221,5,para_llevar,,2025-04-14 21:46:43,pagada
6396,792,4,en_mesa,2.0,2026-01-24 20:01:10,cortesia
6397,1299,1,domicilio,,2025-07-17 03:27:33,pagada
6398,1286,1,domicilio,,2025-12-29 06:17:25,pagada
6399,1304,3,para_llevar,,2025-08-01 16:22:09,pagada
6400,1214,4,para_llevar,,2025-07-01 18:58:04,pagada
6401,1173,2,domicilio,,2026-01-15 15:14:58,anulada
6402,10,1,para_llevar,,2025-06-25 19:34:16,anulada
6403,945,2,para_llevar,,2026-02-25 03:20:11,cortesia
6404,1286,1,domicilio,,2026-03-13 20:47:30,pagada
6405,1323,1,domicilio,,2025-05-22 14:01:06,anulada
6406,69,5,en_mesa,4.0,2025-08-30 13:11:08,anulada
6407,688,2,en_mesa,11.0,2025-08-19 07:51:59,pagada
6408,1473,3,domicilio,,2025-12-06 23:34:18,cortesia
6409,232,2,en_mesa,4.0,2025-04-14 01:27:51,pagada
6410,450,1,en_mesa,10.0,2025-06-08 19:04:07,anulada
6411,639,5,para_llevar,,2025-05-15 08:32:33,pagada
6412,1118,2,en_mesa,11.0,2025-04-06 21:07:21,cortesia
6413,1495,4,domicilio,,2025-06-18 01:47:49,pagada
6414,656,2,para_llevar,,2026-02-24 07:11:26,pagada
6415,339,4,en_mesa,11.0,2025-09-18 12:40:21,pagada
6416,6,4,para_llevar,,2025-06-12 10:12:23,anulada
6417,511,2,domicilio,,2025-11-16 00:47:21,anulada
6418,795,1,para_llevar,,2025-09-19 00:37:27,pagada
6419,624,1,para_llevar,,2025-11-21 10:53:12,pagada
6420,1300,3,en_mesa,6.0,2026-03-28 14:18:12,pagada
6421,85,1,en_mesa,14.0,2025-04-03 23:04:28,pagada
6422,402,2,en_mesa,8.0,2025-09-09 23:38:44,pagada
6423,487,1,domicilio,,2025-06-16 04:43:25,pagada
6424,56,4,para_llevar,,2025-04-29 18:35:29,cortesia
6425,458,4,en_mesa,12.0,2025-04-12 04:11:54,anulada
6426,1042,1,en_mesa,6.0,2025-09-13 09:15:32,pagada
6427,689,1,en_mesa,2.0,2025-05-05 05:08:40,pagada
6428,1062,5,para_llevar,,2025-11-12 21:40:40,pagada
6429,60,5,para_llevar,,2026-02-01 09:09:25,pagada
6430,810,5,domicilio,,2025-05-08 22:05:14,pagada
6431,513,1,en_mesa,1.0,2025-04-05 20:59:56,pagada
6432,1386,1,en_mesa,2.0,2025-11-05 05:34:26,pagada
6433,1071,2,en_mesa,12.0,2025-07-17 17:28:17,anulada
6434,1006,3,domicilio,,2025-07-14 05:24:26,pagada
6435,563,1,domicilio,,2025-05-20 06:40:23,pagada
6436,687,4,domicilio,,2025-09-23 10:18:17,pagada
6437,434,1,para_llevar,,2025-07-02 22:10:03,pagada
6438,1350,3,para_llevar,,2025-10-19 00:44:40,anulada
6439,1337,5,en_mesa,1.0,2025-05-27 12:23:22,pagada
6440,457,2,en_mesa,13.0,2025-11-21 12:00:44,pagada
6441,1363,2,en_mesa,6.0,2025-10-27 18:46:07,pagada
6442,410,4,para_llevar,,2025-09-13 00:11:17,pagada
6443,1434,4,para_llevar,,2026-02-04 06:01:24,anulada
6444,745,1,domicilio,,2026-03-13 22:40:03,cortesia
6445,1166,3,para_llevar,,2025-04-24 10:22:05,anulada
6446,1331,5,en_mesa,7.0,2025-10-08 06:55:40,anulada
6447,1482,5,domicilio,,2025-05-07 12:26:07,pagada
6448,239,4,en_mesa,6.0,2025-08-28 05:33:46,anulada
6449,1012,4,en_mesa,9.0,2025-06-05 16:15:21,anulada
6450,404,3,en_mesa,10.0,2025-06-21 14:48:46,pagada
6451,587,1,domicilio,,2025-06-29 04:34:31,cortesia
6452,1113,2,domicilio,,2025-07-27 02:48:48,anulada
6453,1027,3,para_llevar,,2025-11-04 13:55:06,pagada
6454,999,1,en_mesa,11.0,2025-04-20 18:16:49,pagada
6455,37,3,en_mesa,15.0,2025-05-20 16:10:24,pagada
6456,560,1,para_llevar,,2025-04-28 12:56:11,anulada
6457,668,5,en_mesa,15.0,2025-06-25 09:59:06,cortesia
6458,1253,1,en_mesa,11.0,2026-01-13 10:01:01,anulada
6459,510,2,para_llevar,,2026-03-19 05:34:36,pagada
6460,84,1,para_llevar,,2025-05-27 21:11:52,pagada
6461,220,1,para_llevar,,2025-08-28 04:47:36,anulada
6462,1402,4,para_llevar,,2025-09-26 14:58:50,anulada
6463,1278,5,para_llevar,,2025-12-08 03:36:54,pagada
6464,423,4,para_llevar,,2026-01-06 06:04:30,cortesia
6465,1147,3,para_llevar,,2026-01-21 12:41:03,pagada
6466,1127,3,en_mesa,4.0,2025-08-15 22:39:19,pagada
6467,650,5,domicilio,,2026-02-22 08:08:08,pagada
6468,572,2,en_mesa,13.0,2025-12-15 18:40:04,pagada
6469,148,5,para_llevar,,2025-09-06 03:28:12,pagada
6470,1419,4,en_mesa,12.0,2025-04-10 10:30:30,anulada
6471,1337,5,para_llevar,,2025-05-25 07:02:13,pagada
6472,570,5,domicilio,,2025-11-19 13:42:07,anulada
6473,134,1,en_mesa,14.0,2025-11-29 20:01:53,cortesia
6474,6,3,para_llevar,,2025-09-11 00:55:53,pagada
6475,1318,3,domicilio,,2025-10-19 17:26:04,pagada
6476,977,5,para_llevar,,2026-03-08 02:01:50,pagada
6477,299,1,para_llevar,,2026-02-15 07:06:59,pagada
6478,1174,1,en_mesa,8.0,2025-04-01 14:05:19,pagada
6479,681,5,para_llevar,,2025-12-06 07:01:38,pagada
6480,1186,1,en_mesa,7.0,2025-10-28 21:37:15,pagada
6481,1414,4,para_llevar,,2025-09-23 20:25:14,cortesia
6482,545,1,domicilio,,2025-06-07 13:03:40,pagada
6483,1117,3,para_llevar,,2025-05-20 13:34:18,anulada
6484,1490,5,para_llevar,,2025-05-14 10:44:17,pagada
6485,817,5,domicilio,,2026-03-13 07:00:18,pagada
6486,1188,5,para_llevar,,2025-12-08 21:28:03,pagada
6487,85,4,domicilio,,2026-03-04 16:00:04,pagada
6488,609,1,en_mesa,5.0,2025-10-25 18:51:51,pagada
6489,851,5,domicilio,,2026-01-10 18:18:56,anulada
6490,692,5,para_llevar,,2025-04-14 10:27:37,pagada
6491,5,1,para_llevar,,2025-06-01 03:05:11,pagada
6492,804,3,domicilio,,2026-02-21 18:41:50,pagada
6493,824,5,en_mesa,10.0,2025-08-15 16:37:29,pagada
6494,1429,1,en_mesa,4.0,2025-11-25 13:38:59,pagada
6495,643,1,para_llevar,,2026-03-18 16:20:42,pagada
6496,1277,3,para_llevar,,2025-05-15 03:52:47,pagada
6497,584,1,domicilio,,2025-11-04 22:43:18,pagada
6498,571,1,en_mesa,2.0,2025-04-18 17:38:05,anulada
6499,1237,1,en_mesa,12.0,2025-05-18 06:48:33,pagada
6500,683,2,para_llevar,,2026-02-01 14:49:45,pagada
6501,277,4,para_llevar,,2025-11-22 07:06:46,anulada
6502,725,2,domicilio,,2026-03-20 15:57:50,pagada
6503,854,5,en_mesa,13.0,2025-08-12 12:52:58,pagada
6504,362,4,en_mesa,1.0,2025-04-05 23:11:35,pagada
6505,1208,3,en_mesa,6.0,2025-11-26 18:29:05,pagada
6506,1037,2,domicilio,,2025-04-27 17:51:52,pagada
6507,686,3,para_llevar,,2025-12-04 03:54:24,pagada
6508,161,3,para_llevar,,2025-09-03 20:35:46,cortesia
6509,12,3,en_mesa,15.0,2025-04-12 05:10:09,pagada
6510,415,3,domicilio,,2025-08-02 08:37:26,cortesia
6511,1454,3,en_mesa,13.0,2026-01-15 00:55:23,pagada
6512,101,4,para_llevar,,2025-04-15 18:02:37,anulada
6513,1405,4,en_mesa,1.0,2025-04-20 13:40:30,pagada
6514,549,4,para_llevar,,2025-06-12 06:19:48,pagada
6515,1328,1,domicilio,,2025-04-15 17:00:17,pagada
6516,991,5,domicilio,,2025-08-26 15:56:00,pagada
6517,113,5,para_llevar,,2026-02-20 09:46:23,pagada
6518,1346,5,para_llevar,,2025-04-14 10:33:56,pagada
6519,100,1,para_llevar,,2025-09-30 04:32:17,cortesia
6520,1214,3,para_llevar,,2025-04-13 00:05:46,pagada
6521,1446,3,para_llevar,,2026-01-27 20:34:32,pagada
6522,110,1,para_llevar,,2025-03-30 17:53:57,cortesia
6523,1476,4,en_mesa,2.0,2025-08-04 06:38:33,pagada
6524,605,2,domicilio,,2025-08-12 16:00:47,pagada
6525,694,3,en_mesa,6.0,2026-02-13 14:03:15,pagada
6526,298,4,en_mesa,11.0,2025-10-06 14:35:18,pagada
6527,992,4,en_mesa,15.0,2025-09-10 07:58:48,pagada
6528,1024,5,para_llevar,,2025-08-26 19:56:42,pagada
6529,473,2,en_mesa,6.0,2025-08-07 00:13:06,cortesia
6530,994,1,para_llevar,,2026-01-09 08:45:48,cortesia
6531,1078,5,para_llevar,,2026-02-28 21:49:11,pagada
6532,288,5,domicilio,,2025-12-27 00:44:38,cortesia
6533,797,3,en_mesa,9.0,2026-03-10 06:47:27,pagada
6534,491,5,para_llevar,,2025-07-16 11:41:15,anulada
6535,54,1,para_llevar,,2025-09-12 17:19:46,pagada
6536,1010,1,domicilio,,2025-05-18 13:21:47,pagada
6537,293,3,domicilio,,2025-09-18 09:51:26,anulada
6538,1282,5,domicilio,,2025-08-12 21:27:36,pagada
6539,785,2,en_mesa,4.0,2025-06-13 04:28:47,pagada
6540,49,5,para_llevar,,2025-04-06 21:18:43,cortesia
6541,136,1,para_llevar,,2025-06-05 22:29:58,cortesia
6542,521,5,domicilio,,2026-01-02 23:22:00,pagada
6543,1008,5,domicilio,,2025-10-09 22:58:38,pagada
6544,858,2,en_mesa,8.0,2026-01-17 19:44:39,pagada
6545,714,1,en_mesa,1.0,2025-11-25 12:51:16,pagada
6546,870,2,para_llevar,,2025-11-10 23:18:15,pagada
6547,1077,5,en_mesa,6.0,2025-08-23 20:32:02,cortesia
6548,801,2,domicilio,,2025-05-08 06:22:06,pagada
6549,383,1,en_mesa,14.0,2025-09-08 15:58:33,pagada
6550,858,1,en_mesa,4.0,2025-07-17 08:48:30,pagada
6551,1370,1,en_mesa,13.0,2025-06-25 19:15:56,pagada
6552,803,5,para_llevar,,2026-03-01 12:46:40,pagada
6553,336,1,para_llevar,,2025-07-13 13:19:03,pagada
6554,337,2,domicilio,,2025-07-09 08:14:49,pagada
6555,847,4,domicilio,,2025-07-08 14:32:11,pagada
6556,1280,2,para_llevar,,2025-04-14 22:52:03,cortesia
6557,1325,1,domicilio,,2025-06-05 06:32:01,cortesia
6558,603,2,para_llevar,,2025-12-20 15:40:38,pagada
6559,658,4,domicilio,,2025-06-21 03:50:04,pagada
6560,284,5,domicilio,,2025-05-17 21:55:04,pagada
6561,614,5,para_llevar,,2025-07-28 16:15:12,cortesia
6562,524,3,en_mesa,11.0,2025-10-24 01:13:08,pagada
6563,1457,2,para_llevar,,2026-02-10 14:14:07,pagada
6564,4,4,domicilio,,2025-05-17 14:08:43,pagada
6565,309,5,en_mesa,4.0,2026-02-17 14:24:54,pagada
6566,105,5,domicilio,,2025-06-23 05:20:22,cortesia
6567,544,4,domicilio,,2025-08-03 05:51:54,pagada
6568,444,2,para_llevar,,2025-08-23 07:16:54,cortesia
6569,508,5,domicilio,,2026-03-24 01:21:27,pagada
6570,479,3,en_mesa,11.0,2025-10-06 11:49:10,pagada
6571,1284,1,en_mesa,4.0,2025-07-02 23:47:11,pagada
6572,1006,2,para_llevar,,2025-10-05 19:15:45,pagada
6573,1363,4,en_mesa,11.0,2025-08-24 00:51:20,anulada
6574,846,5,para_llevar,,2025-12-20 18:09:25,pagada
6575,1390,5,en_mesa,11.0,2025-12-17 14:03:33,pagada
6576,710,2,domicilio,,2026-03-26 18:36:59,pagada
6577,1445,4,para_llevar,,2025-08-26 21:10:06,pagada
6578,784,4,en_mesa,7.0,2025-09-23 07:27:58,pagada
6579,1468,5,domicilio,,2025-04-09 23:01:59,cortesia
6580,786,3,en_mesa,7.0,2025-04-12 01:54:27,pagada
6581,460,5,domicilio,,2025-04-10 14:02:50,pagada
6582,703,2,en_mesa,8.0,2025-07-11 21:17:54,anulada
6583,443,3,domicilio,,2025-07-16 10:57:51,pagada
6584,410,4,en_mesa,13.0,2025-12-01 00:26:13,pagada
6585,652,4,para_llevar,,2025-04-12 11:12:32,cortesia
6586,632,1,domicilio,,2025-11-06 15:48:38,cortesia
6587,55,4,domicilio,,2026-03-13 05:25:43,anulada
6588,60,5,en_mesa,3.0,2025-09-09 17:11:47,pagada
6589,1049,4,domicilio,,2025-11-12 11:42:02,pagada
6590,173,3,en_mesa,13.0,2026-02-07 13:42:31,pagada
6591,663,1,para_llevar,,2025-06-10 07:51:05,pagada
6592,386,2,domicilio,,2025-04-17 02:15:38,cortesia
6593,347,5,domicilio,,2025-07-05 13:52:52,pagada
6594,242,5,en_mesa,6.0,2025-07-04 16:11:35,pagada
6595,38,4,para_llevar,,2025-05-02 08:03:05,pagada
6596,118,4,en_mesa,15.0,2025-09-13 18:53:36,cortesia
6597,1400,5,para_llevar,,2026-02-20 03:25:26,pagada
6598,49,1,en_mesa,3.0,2025-05-11 12:49:57,pagada
6599,1480,4,para_llevar,,2026-01-22 06:42:06,pagada
6600,1311,1,domicilio,,2025-06-17 12:46:52,pagada
6601,679,4,para_llevar,,2025-09-04 12:10:32,cortesia
6602,240,4,en_mesa,4.0,2025-07-31 16:39:29,pagada
6603,9,4,domicilio,,2025-05-16 09:03:40,pagada
6604,1032,4,para_llevar,,2025-08-14 04:28:07,pagada
6605,689,1,en_mesa,1.0,2025-10-24 06:34:13,pagada
6606,310,3,para_llevar,,2025-06-02 05:11:32,pagada
6607,45,1,domicilio,,2025-04-05 15:53:27,pagada
6608,1372,4,domicilio,,2025-07-04 16:08:03,pagada
6609,794,5,en_mesa,15.0,2025-09-29 12:24:38,pagada
6610,669,5,domicilio,,2026-01-23 01:28:43,pagada
6611,1175,1,domicilio,,2026-02-22 20:38:21,pagada
6612,895,3,domicilio,,2025-05-24 18:51:33,pagada
6613,931,3,en_mesa,5.0,2025-06-26 01:57:10,pagada
6614,847,4,domicilio,,2025-10-18 15:25:23,pagada
6615,481,1,para_llevar,,2025-06-29 14:15:06,pagada
6616,1082,2,para_llevar,,2025-08-21 02:04:10,pagada
6617,31,3,domicilio,,2025-08-23 08:23:05,pagada
6618,1224,3,para_llevar,,2026-01-07 12:18:32,anulada
6619,1334,4,domicilio,,2025-08-01 06:44:55,anulada
6620,988,1,en_mesa,15.0,2025-10-22 05:14:20,pagada
6621,205,5,en_mesa,13.0,2026-02-18 09:54:31,pagada
6622,966,3,en_mesa,3.0,2025-10-06 06:45:48,cortesia
6623,1282,2,en_mesa,6.0,2025-08-20 15:37:33,pagada
6624,882,1,en_mesa,3.0,2025-12-16 12:17:14,anulada
6625,202,1,domicilio,,2025-04-20 18:16:25,pagada
6626,406,2,para_llevar,,2025-09-09 07:27:17,pagada
6627,1198,2,en_mesa,2.0,2026-01-24 16:24:52,pagada
6628,198,2,para_llevar,,2025-10-14 08:42:58,pagada
6629,1233,1,para_llevar,,2025-09-25 12:31:22,pagada
6630,455,5,en_mesa,2.0,2025-07-15 11:39:28,pagada
6631,313,2,para_llevar,,2025-06-23 07:39:35,anulada
6632,559,1,para_llevar,,2025-07-05 17:26:31,anulada
6633,1155,2,para_llevar,,2026-02-07 17:58:06,cortesia
6634,485,4,domicilio,,2026-03-02 14:05:19,anulada
6635,519,5,en_mesa,11.0,2026-01-14 00:05:09,pagada
6636,787,1,para_llevar,,2025-07-22 04:04:02,cortesia
6637,1036,2,domicilio,,2026-03-22 00:33:38,pagada
6638,1175,3,en_mesa,6.0,2025-09-16 01:24:15,pagada
6639,143,5,en_mesa,8.0,2025-08-08 12:31:33,cortesia
6640,1190,1,para_llevar,,2025-04-21 22:55:50,pagada
6641,699,3,para_llevar,,2026-01-25 17:31:18,cortesia
6642,770,2,domicilio,,2025-04-11 05:45:35,pagada
6643,1300,2,en_mesa,15.0,2025-08-24 13:51:10,anulada
6644,429,2,domicilio,,2025-11-26 13:32:56,pagada
6645,750,5,domicilio,,2025-12-14 12:28:26,pagada
6646,1336,3,domicilio,,2026-03-25 03:29:37,pagada
6647,867,1,en_mesa,1.0,2026-03-10 12:25:34,cortesia
6648,1400,5,en_mesa,14.0,2026-01-26 22:53:26,pagada
6649,507,3,domicilio,,2025-09-27 22:55:19,pagada
6650,323,2,para_llevar,,2025-05-08 00:15:44,pagada
6651,785,3,para_llevar,,2025-08-14 03:31:54,pagada
6652,218,1,en_mesa,13.0,2025-07-21 06:12:11,anulada
6653,699,2,domicilio,,2025-10-25 15:08:20,pagada
6654,603,1,para_llevar,,2025-12-21 14:39:18,anulada
6655,1017,4,domicilio,,2025-07-11 10:03:03,pagada
6656,729,4,para_llevar,,2026-03-23 21:53:40,anulada
6657,329,3,en_mesa,4.0,2025-10-01 02:55:49,pagada
6658,1193,5,en_mesa,9.0,2025-05-07 21:21:49,pagada
6659,658,2,domicilio,,2026-01-09 22:02:45,anulada
6660,12,5,domicilio,,2025-04-10 14:25:40,pagada
6661,919,2,domicilio,,2026-03-08 10:11:03,pagada
6662,1104,5,para_llevar,,2025-12-01 18:33:53,pagada
6663,1361,5,en_mesa,10.0,2025-09-02 12:21:31,pagada
6664,487,4,para_llevar,,2026-02-18 14:29:21,pagada
6665,204,2,en_mesa,12.0,2025-08-06 02:59:46,pagada
6666,1187,5,en_mesa,7.0,2025-11-29 09:59:27,pagada
6667,820,3,en_mesa,3.0,2025-11-29 18:05:28,pagada
6668,976,4,en_mesa,1.0,2025-06-21 08:30:01,anulada
6669,545,5,para_llevar,,2025-10-09 16:24:49,pagada
6670,978,3,para_llevar,,2025-07-04 09:54:36,pagada
6671,1464,5,en_mesa,15.0,2025-06-15 06:58:50,pagada
6672,610,5,en_mesa,9.0,2025-06-04 06:29:09,pagada
6673,127,3,para_llevar,,2026-01-05 12:33:30,cortesia
6674,1398,2,para_llevar,,2025-06-12 04:13:17,cortesia
6675,737,3,en_mesa,7.0,2025-11-03 09:06:45,pagada
6676,1274,2,para_llevar,,2026-03-23 03:42:32,pagada
6677,242,3,domicilio,,2025-04-20 23:14:27,pagada
6678,1103,4,para_llevar,,2026-02-04 06:26:03,anulada
6679,830,4,para_llevar,,2026-01-08 14:37:37,cortesia
6680,385,4,para_llevar,,2026-02-26 04:42:43,pagada
6681,846,5,domicilio,,2025-05-25 08:53:21,anulada
6682,207,2,para_llevar,,2025-08-10 09:45:07,cortesia
6683,640,4,domicilio,,2025-03-31 01:47:49,pagada
6684,711,2,en_mesa,6.0,2025-10-06 06:04:30,pagada
6685,703,1,en_mesa,3.0,2025-12-29 22:04:07,anulada
6686,523,1,en_mesa,8.0,2025-07-25 14:24:33,pagada
6687,67,3,para_llevar,,2025-12-17 16:15:22,anulada
6688,1081,4,en_mesa,3.0,2025-11-29 16:58:47,cortesia
6689,898,3,para_llevar,,2025-08-02 03:18:10,pagada
6690,125,5,para_llevar,,2025-11-07 10:03:33,pagada
6691,1197,3,para_llevar,,2025-09-02 10:34:13,pagada
6692,671,4,en_mesa,3.0,2025-10-25 16:55:49,pagada
6693,1158,4,en_mesa,2.0,2025-08-14 02:08:49,cortesia
6694,14,5,en_mesa,4.0,2026-03-19 19:40:57,anulada
6695,2,2,domicilio,,2026-03-23 19:03:51,pagada
6696,998,5,domicilio,,2025-08-16 22:02:33,pagada
6697,1209,5,en_mesa,4.0,2025-11-26 09:11:54,pagada
6698,162,3,para_llevar,,2025-06-22 09:26:49,pagada
6699,1283,4,en_mesa,12.0,2026-01-09 20:27:23,pagada
6700,94,3,en_mesa,5.0,2026-01-03 04:26:11,cortesia
6701,1332,4,en_mesa,10.0,2025-07-08 10:53:49,cortesia
6702,272,3,domicilio,,2025-08-17 11:01:58,pagada
6703,243,2,domicilio,,2025-11-12 23:46:04,anulada
6704,901,1,para_llevar,,2025-05-08 01:31:56,cortesia
6705,236,1,para_llevar,,2025-12-15 03:28:44,anulada
6706,141,4,domicilio,,2026-01-29 22:02:12,cortesia
6707,1063,3,para_llevar,,2025-11-19 22:14:33,anulada
6708,512,4,en_mesa,8.0,2026-01-05 23:16:27,pagada
6709,144,5,en_mesa,7.0,2026-01-08 05:38:25,cortesia
6710,1252,3,domicilio,,2026-03-23 14:16:32,pagada
6711,142,1,para_llevar,,2026-02-11 05:31:53,pagada
6712,247,2,en_mesa,8.0,2025-11-05 20:50:34,anulada
6713,756,3,en_mesa,3.0,2025-08-17 15:37:44,pagada
6714,815,5,para_llevar,,2025-08-26 07:19:44,pagada
6715,926,4,domicilio,,2025-07-11 14:34:44,pagada
6716,608,1,en_mesa,10.0,2025-07-29 06:32:08,pagada
6717,980,1,para_llevar,,2026-01-11 16:17:05,anulada
6718,513,3,domicilio,,2025-08-01 15:49:13,cortesia
6719,523,5,domicilio,,2025-12-17 04:31:19,pagada
6720,1086,2,en_mesa,3.0,2025-11-18 18:47:27,pagada
6721,401,4,en_mesa,5.0,2025-11-09 19:57:59,pagada
6722,835,3,para_llevar,,2025-12-31 20:28:41,pagada
6723,432,1,domicilio,,2025-07-05 03:36:52,anulada
6724,537,2,para_llevar,,2025-07-28 11:54:59,pagada
6725,121,2,para_llevar,,2025-05-18 16:04:16,cortesia
6726,155,3,para_llevar,,2025-04-24 19:52:53,pagada
6727,84,5,para_llevar,,2025-10-31 05:51:59,cortesia
6728,47,4,domicilio,,2025-07-29 08:07:53,cortesia
6729,535,2,domicilio,,2025-08-31 00:52:13,anulada
6730,1450,1,para_llevar,,2025-10-25 14:04:26,pagada
6731,1218,1,domicilio,,2025-06-28 12:20:11,pagada
6732,1184,2,domicilio,,2026-03-25 05:43:21,pagada
6733,133,1,en_mesa,1.0,2025-06-11 10:33:56,anulada
6734,649,1,domicilio,,2026-03-22 21:43:14,pagada
6735,443,1,en_mesa,2.0,2025-05-18 12:33:02,pagada
6736,791,3,para_llevar,,2026-01-01 04:04:22,pagada
6737,89,5,en_mesa,8.0,2026-02-07 13:27:44,pagada
6738,513,1,en_mesa,7.0,2025-09-18 05:11:44,pagada
6739,726,3,en_mesa,1.0,2025-11-19 12:00:05,pagada
6740,956,3,domicilio,,2025-05-15 03:22:15,pagada
6741,1439,1,domicilio,,2025-08-07 00:57:19,cortesia
6742,1135,4,en_mesa,7.0,2025-10-11 07:21:41,pagada
6743,712,1,en_mesa,7.0,2026-01-31 04:00:43,cortesia
6744,1045,2,en_mesa,14.0,2025-10-09 16:25:00,pagada
6745,284,2,en_mesa,1.0,2025-12-04 19:52:20,anulada
6746,375,2,domicilio,,2025-11-14 20:12:51,anulada
6747,1424,5,para_llevar,,2025-06-28 23:43:46,anulada
6748,39,3,domicilio,,2025-04-04 09:52:23,pagada
6749,1073,4,domicilio,,2026-02-08 19:58:11,pagada
6750,706,4,en_mesa,3.0,2025-04-30 05:20:37,pagada
6751,599,5,para_llevar,,2025-12-20 21:16:04,anulada
6752,320,1,domicilio,,2026-01-31 07:14:00,pagada
6753,1248,2,domicilio,,2025-09-12 18:55:30,cortesia
6754,435,5,en_mesa,7.0,2025-04-14 06:15:00,anulada
6755,708,4,en_mesa,7.0,2025-09-28 00:42:08,pagada
6756,1321,5,para_llevar,,2025-07-13 01:19:41,pagada
6757,902,4,domicilio,,2025-07-02 18:11:55,cortesia
6758,203,4,domicilio,,2026-03-24 23:35:36,cortesia
6759,770,1,domicilio,,2026-02-26 16:49:21,pagada
6760,969,2,para_llevar,,2026-02-16 08:56:52,cortesia
6761,581,2,domicilio,,2025-12-15 03:15:24,anulada
6762,761,4,en_mesa,12.0,2025-11-08 18:24:59,pagada
6763,1055,5,en_mesa,13.0,2026-01-09 22:37:52,pagada
6764,447,1,para_llevar,,2025-11-29 21:11:41,pagada
6765,1069,5,en_mesa,8.0,2026-02-23 18:08:04,cortesia
6766,850,1,en_mesa,13.0,2025-09-10 04:25:49,pagada
6767,482,1,domicilio,,2025-09-16 11:41:14,anulada
6768,270,1,en_mesa,11.0,2025-12-19 08:48:37,pagada
6769,1317,3,en_mesa,2.0,2026-02-23 11:31:24,pagada
6770,136,5,en_mesa,2.0,2025-05-02 18:49:39,pagada
6771,101,1,en_mesa,7.0,2025-03-31 08:01:05,cortesia
6772,595,3,domicilio,,2025-06-06 14:23:48,pagada
6773,600,1,en_mesa,13.0,2025-06-25 19:30:49,cortesia
6774,513,2,domicilio,,2025-09-28 17:41:03,pagada
6775,96,2,domicilio,,2025-05-19 18:02:49,anulada
6776,454,4,para_llevar,,2026-02-15 19:38:57,pagada
6777,1157,3,en_mesa,11.0,2025-07-24 17:04:10,pagada
6778,1454,5,domicilio,,2026-02-06 00:59:07,pagada
6779,445,3,para_llevar,,2025-07-02 11:01:29,pagada
6780,876,1,en_mesa,14.0,2026-02-11 13:20:09,anulada
6781,1489,5,domicilio,,2025-10-07 16:29:07,pagada
6782,242,4,en_mesa,5.0,2025-12-01 07:40:13,cortesia
6783,131,4,para_llevar,,2026-02-23 05:15:00,pagada
6784,1201,4,en_mesa,1.0,2025-04-04 23:11:20,pagada
6785,427,4,domicilio,,2025-08-17 12:16:30,pagada
6786,640,3,en_mesa,4.0,2026-02-02 14:01:16,anulada
6787,781,4,domicilio,,2026-03-11 01:57:28,pagada
6788,1074,3,para_llevar,,2025-04-25 21:17:42,anulada
6789,1310,3,en_mesa,2.0,2026-01-20 18:06:08,pagada
6790,818,3,para_llevar,,2025-04-16 09:11:12,pagada
6791,1169,3,domicilio,,2026-01-08 00:33:46,pagada
6792,350,1,domicilio,,2025-12-15 14:05:27,anulada
6793,1316,1,para_llevar,,2026-01-05 16:50:43,anulada
6794,1146,4,en_mesa,6.0,2026-02-11 10:23:40,pagada
6795,1487,2,en_mesa,4.0,2025-05-13 09:33:17,pagada
6796,682,3,domicilio,,2025-06-08 12:14:08,cortesia
6797,882,5,en_mesa,14.0,2025-05-12 16:13:11,pagada
6798,1180,1,domicilio,,2025-12-21 15:20:39,anulada
6799,591,2,en_mesa,10.0,2025-05-31 16:48:48,cortesia
6800,10,4,domicilio,,2025-09-09 18:21:42,cortesia
6801,1192,5,domicilio,,2025-05-28 20:07:17,pagada
6802,215,5,en_mesa,6.0,2025-07-03 20:21:56,anulada
6803,532,2,en_mesa,12.0,2025-12-19 06:18:41,cortesia
6804,1045,2,domicilio,,2025-05-18 23:24:38,pagada
6805,48,1,para_llevar,,2025-12-15 01:12:35,anulada
6806,653,5,en_mesa,13.0,2026-02-22 10:57:05,pagada
6807,1142,1,en_mesa,8.0,2026-01-02 10:19:56,cortesia
6808,1131,5,para_llevar,,2025-10-25 21:40:37,pagada
6809,747,5,domicilio,,2026-01-06 06:40:30,pagada
6810,706,4,domicilio,,2025-08-31 20:54:34,pagada
6811,1298,2,domicilio,,2025-10-27 11:21:30,cortesia
6812,969,1,para_llevar,,2026-01-17 20:13:23,pagada
6813,876,1,para_llevar,,2025-07-15 07:25:57,pagada
6814,442,4,domicilio,,2025-11-25 11:30:41,anulada
6815,366,1,domicilio,,2025-05-12 11:36:52,pagada
6816,586,2,en_mesa,7.0,2026-01-07 19:56:15,pagada
6817,488,3,para_llevar,,2025-06-28 17:07:20,anulada
6818,463,4,para_llevar,,2025-06-09 23:23:31,pagada
6819,1240,5,en_mesa,2.0,2025-06-05 10:57:43,pagada
6820,376,4,para_llevar,,2025-10-20 14:26:43,cortesia
6821,42,2,en_mesa,8.0,2026-01-23 13:43:20,pagada
6822,1296,3,en_mesa,7.0,2026-02-02 22:00:32,pagada
6823,1114,5,para_llevar,,2025-08-16 07:18:13,anulada
6824,1202,2,domicilio,,2026-03-17 04:40:19,anulada
6825,1072,5,domicilio,,2026-03-28 21:44:18,cortesia
6826,1016,4,para_llevar,,2025-09-27 02:07:19,cortesia
6827,52,4,en_mesa,1.0,2025-07-22 13:24:46,cortesia
6828,147,2,en_mesa,9.0,2026-03-07 18:27:47,pagada
6829,447,1,para_llevar,,2025-06-04 22:15:09,cortesia
6830,816,2,para_llevar,,2025-06-06 05:53:11,pagada
6831,1304,2,domicilio,,2025-10-21 23:19:26,pagada
6832,568,4,domicilio,,2025-10-11 22:45:46,pagada
6833,42,3,para_llevar,,2026-01-11 07:20:49,pagada
6834,305,1,domicilio,,2025-08-12 21:59:06,anulada
6835,1247,4,para_llevar,,2025-04-29 09:28:48,pagada
6836,875,3,para_llevar,,2025-07-26 15:31:02,cortesia
6837,45,3,para_llevar,,2025-04-06 03:50:25,pagada
6838,669,3,en_mesa,7.0,2026-01-23 10:40:43,pagada
6839,211,1,para_llevar,,2025-11-16 22:29:27,cortesia
6840,1479,5,para_llevar,,2025-04-22 08:07:06,pagada
6841,981,5,en_mesa,3.0,2026-01-18 12:11:07,pagada
6842,58,3,domicilio,,2025-08-26 15:57:38,pagada
6843,867,4,para_llevar,,2025-07-03 08:37:44,cortesia
6844,1119,4,en_mesa,7.0,2026-01-11 14:57:20,pagada
6845,80,5,domicilio,,2025-06-19 21:43:39,anulada
6846,1109,2,para_llevar,,2025-10-16 00:15:08,cortesia
6847,1171,5,en_mesa,6.0,2025-07-14 20:42:02,pagada
6848,587,4,en_mesa,9.0,2025-10-07 16:23:14,anulada
6849,1381,5,en_mesa,9.0,2025-10-07 03:53:10,anulada
6850,616,5,domicilio,,2025-04-15 23:03:06,pagada
6851,1443,3,para_llevar,,2026-03-10 20:00:27,pagada
6852,1326,5,en_mesa,4.0,2025-10-13 23:17:11,cortesia
6853,791,5,en_mesa,15.0,2025-10-21 14:50:22,pagada
6854,120,3,en_mesa,1.0,2025-07-03 23:51:18,anulada
6855,352,3,en_mesa,8.0,2025-05-09 11:33:12,pagada
6856,743,1,para_llevar,,2025-11-21 11:50:27,pagada
6857,742,3,en_mesa,5.0,2025-05-09 08:18:57,anulada
6858,39,3,para_llevar,,2026-01-27 01:09:20,pagada
6859,1275,5,para_llevar,,2025-10-10 14:52:55,cortesia
6860,285,4,para_llevar,,2026-02-14 20:03:36,anulada
6861,259,1,para_llevar,,2025-07-04 01:42:02,pagada
6862,448,3,domicilio,,2025-09-21 02:02:24,pagada
6863,411,2,para_llevar,,2025-04-09 14:38:36,cortesia
6864,391,2,en_mesa,1.0,2025-12-23 03:28:47,pagada
6865,613,1,domicilio,,2025-08-28 12:48:41,pagada
6866,1199,2,en_mesa,1.0,2025-12-01 18:21:59,pagada
6867,1016,1,domicilio,,2025-11-19 17:03:42,pagada
6868,462,4,para_llevar,,2025-11-07 23:05:56,pagada
6869,383,3,domicilio,,2025-09-16 07:47:59,pagada
6870,576,5,domicilio,,2025-12-26 19:37:31,anulada
6871,180,5,para_llevar,,2025-11-20 07:41:58,anulada
6872,286,1,para_llevar,,2025-09-29 20:39:42,pagada
6873,1311,4,en_mesa,3.0,2026-01-05 10:02:47,pagada
6874,786,2,en_mesa,11.0,2025-04-15 15:58:00,pagada
6875,494,4,domicilio,,2025-09-23 06:40:12,cortesia
6876,1233,2,en_mesa,1.0,2025-05-09 15:53:34,pagada
6877,728,3,para_llevar,,2025-05-27 18:41:43,cortesia
6878,856,3,para_llevar,,2025-05-05 17:02:50,pagada
6879,533,1,para_llevar,,2025-09-27 00:42:03,cortesia
6880,1217,3,en_mesa,2.0,2025-10-13 18:26:54,pagada
6881,139,1,domicilio,,2025-04-26 11:19:53,cortesia
6882,842,4,en_mesa,15.0,2025-08-03 05:30:28,pagada
6883,1403,2,en_mesa,3.0,2025-06-28 03:20:10,cortesia
6884,691,5,domicilio,,2026-01-07 07:29:30,anulada
6885,587,2,en_mesa,8.0,2025-12-12 02:07:03,pagada
6886,96,4,para_llevar,,2025-11-08 04:48:20,pagada
6887,724,2,en_mesa,15.0,2026-02-10 12:52:41,cortesia
6888,256,2,en_mesa,4.0,2025-04-22 22:53:56,pagada
6889,1096,3,en_mesa,7.0,2026-02-13 14:21:39,pagada
6890,593,5,para_llevar,,2025-05-05 22:33:33,pagada
6891,853,5,domicilio,,2025-06-02 23:33:58,pagada
6892,881,5,domicilio,,2026-01-08 06:01:09,cortesia
6893,70,4,en_mesa,2.0,2026-03-18 09:02:26,anulada
6894,457,1,en_mesa,9.0,2025-07-31 21:22:08,anulada
6895,636,4,domicilio,,2025-10-20 15:29:11,anulada
6896,562,3,para_llevar,,2025-05-23 13:33:01,anulada
6897,366,2,para_llevar,,2025-05-05 04:31:36,pagada
6898,710,5,en_mesa,12.0,2025-10-05 16:09:24,cortesia
6899,193,4,para_llevar,,2026-03-12 08:54:13,anulada
6900,1106,1,en_mesa,13.0,2026-02-28 02:52:40,cortesia
6901,1381,5,en_mesa,3.0,2025-05-06 17:16:38,anulada
6902,1403,5,para_llevar,,2025-04-23 09:42:13,pagada
6903,645,1,para_llevar,,2025-10-10 05:07:02,anulada
6904,412,2,en_mesa,4.0,2026-03-09 00:53:46,anulada
6905,768,1,domicilio,,2025-12-13 00:26:05,anulada
6906,597,5,en_mesa,5.0,2026-01-09 16:09:43,pagada
6907,161,3,para_llevar,,2026-01-05 08:13:11,cortesia
6908,681,4,domicilio,,2025-07-27 05:20:48,pagada
6909,1203,5,para_llevar,,2025-06-04 18:08:12,pagada
6910,241,1,en_mesa,7.0,2025-11-07 13:58:15,cortesia
6911,1189,3,domicilio,,2025-04-15 13:30:41,pagada
6912,527,1,para_llevar,,2026-01-18 12:30:06,pagada
6913,984,4,para_llevar,,2026-01-21 19:08:19,pagada
6914,1477,3,domicilio,,2025-11-14 16:49:09,pagada
6915,136,2,para_llevar,,2026-01-13 15:16:03,pagada
6916,209,2,domicilio,,2025-07-29 01:39:24,anulada
6917,396,5,domicilio,,2025-07-26 20:23:30,pagada
6918,132,1,para_llevar,,2025-10-19 08:28:17,cortesia
6919,820,1,en_mesa,13.0,2025-04-13 20:16:00,anulada
6920,515,3,domicilio,,2025-08-06 17:55:29,pagada
6921,369,4,domicilio,,2025-08-02 03:57:33,pagada
6922,184,2,domicilio,,2025-08-31 13:52:42,cortesia
6923,888,3,en_mesa,6.0,2025-09-03 11:29:14,pagada
6924,1491,5,en_mesa,6.0,2025-08-28 01:04:07,pagada
6925,615,2,para_llevar,,2025-07-12 05:27:01,cortesia
6926,159,3,en_mesa,9.0,2025-10-13 20:30:13,pagada
6927,1437,3,domicilio,,2025-08-25 00:14:11,cortesia
6928,1168,1,para_llevar,,2025-10-02 03:48:42,pagada
6929,571,4,domicilio,,2026-03-06 14:39:33,pagada
6930,1283,1,en_mesa,1.0,2025-05-23 05:07:59,pagada
6931,1367,3,domicilio,,2025-12-17 22:10:56,pagada
6932,648,2,en_mesa,7.0,2026-01-09 07:55:02,pagada
6933,915,5,domicilio,,2025-12-08 10:36:20,cortesia
6934,974,4,en_mesa,12.0,2025-05-02 00:46:56,pagada
6935,681,3,para_llevar,,2025-11-06 18:38:36,anulada
6936,1305,4,en_mesa,7.0,2026-03-10 06:11:23,pagada
6937,1043,2,en_mesa,8.0,2025-09-23 08:54:15,cortesia
6938,1047,2,para_llevar,,2025-11-11 03:49:30,cortesia
6939,1018,5,domicilio,,2025-08-30 03:36:21,cortesia
6940,357,2,en_mesa,5.0,2025-06-15 23:59:51,pagada
6941,1412,1,en_mesa,3.0,2025-04-03 23:10:56,pagada
6942,1112,2,para_llevar,,2025-11-04 20:11:24,pagada
6943,808,1,domicilio,,2025-05-12 01:17:10,pagada
6944,1035,1,para_llevar,,2025-09-01 13:51:07,cortesia
6945,865,2,en_mesa,9.0,2025-10-04 05:13:34,anulada
6946,1152,1,domicilio,,2025-10-25 13:27:10,cortesia
6947,1478,5,domicilio,,2025-07-22 04:38:39,anulada
6948,1307,5,domicilio,,2025-12-03 08:23:12,pagada
6949,104,2,para_llevar,,2025-12-10 14:37:47,pagada
6950,150,3,en_mesa,11.0,2025-08-26 18:43:36,pagada
6951,137,5,en_mesa,4.0,2026-02-01 04:52:46,pagada
6952,852,4,en_mesa,9.0,2025-12-16 03:43:34,pagada
6953,490,2,domicilio,,2025-11-22 02:04:20,pagada
6954,1208,5,para_llevar,,2025-07-22 12:40:30,pagada
6955,222,3,en_mesa,2.0,2025-06-01 10:41:36,pagada
6956,1494,3,en_mesa,11.0,2025-07-02 17:57:13,pagada
6957,1411,3,domicilio,,2025-09-23 09:28:46,anulada
6958,324,2,domicilio,,2025-07-26 15:21:17,pagada
6959,64,4,en_mesa,11.0,2025-11-23 08:12:52,pagada
6960,638,5,en_mesa,6.0,2025-04-21 18:41:26,anulada
6961,643,2,para_llevar,,2025-08-31 00:54:11,cortesia
6962,1070,1,en_mesa,11.0,2025-08-26 08:25:58,pagada
6963,389,5,en_mesa,9.0,2026-03-28 04:46:56,pagada
6964,1163,3,en_mesa,12.0,2025-06-13 21:46:15,pagada
6965,661,4,para_llevar,,2025-04-26 17:53:26,anulada
6966,326,4,para_llevar,,2025-10-19 00:24:57,anulada
6967,20,2,en_mesa,6.0,2026-02-07 21:35:41,anulada
6968,570,3,en_mesa,15.0,2025-06-08 15:31:27,anulada
6969,1222,1,para_llevar,,2025-08-31 18:19:36,pagada
6970,14,2,domicilio,,2025-04-18 22:10:06,cortesia
6971,307,4,para_llevar,,2025-05-31 05:46:55,cortesia
6972,589,4,domicilio,,2025-11-27 05:56:43,pagada
6973,437,2,para_llevar,,2025-05-20 03:55:41,pagada
6974,1375,3,domicilio,,2025-04-11 08:08:19,pagada
6975,502,2,en_mesa,8.0,2025-05-07 17:12:19,pagada
6976,60,1,domicilio,,2025-12-13 21:41:33,pagada
6977,1079,2,en_mesa,6.0,2026-02-06 22:00:50,pagada
6978,225,4,para_llevar,,2026-03-18 14:29:08,pagada
6979,66,4,para_llevar,,2025-04-30 19:47:07,pagada
6980,1073,5,domicilio,,2025-12-20 23:34:16,pagada
6981,984,4,domicilio,,2025-08-26 00:48:21,pagada
6982,228,4,domicilio,,2025-12-27 22:36:10,cortesia
6983,690,1,para_llevar,,2025-07-19 03:17:29,pagada
6984,1112,3,para_llevar,,2026-02-19 16:58:57,pagada
6985,280,1,para_llevar,,2025-09-09 10:12:53,pagada
6986,1146,5,en_mesa,6.0,2026-02-07 09:00:15,pagada
6987,539,4,domicilio,,2026-02-15 06:32:52,pagada
6988,757,1,para_llevar,,2025-08-12 05:12:07,cortesia
6989,1121,4,para_llevar,,2025-11-09 15:50:30,cortesia
6990,765,1,en_mesa,4.0,2025-06-30 02:10:10,pagada
6991,1040,2,en_mesa,5.0,2025-10-13 22:35:31,pagada
6992,549,1,para_llevar,,2025-04-19 19:04:43,cortesia
6993,1219,5,domicilio,,2026-01-20 03:29:46,anulada
6994,309,2,en_mesa,3.0,2025-08-14 13:10:31,pagada
6995,516,3,en_mesa,2.0,2026-02-03 13:11:02,cortesia
6996,467,2,domicilio,,2025-07-25 17:59:03,anulada
6997,1050,1,en_mesa,8.0,2026-03-05 06:44:43,pagada
6998,1203,1,para_llevar,,2026-01-03 04:13:05,pagada
6999,5,3,para_llevar,,2025-06-27 02:07:31,anulada
7000,654,1,para_llevar,,2025-08-05 17:47:54,cortesia
7001,538,4,en_mesa,14.0,2026-02-07 17:33:50,cortesia
7002,433,2,en_mesa,1.0,2025-10-30 23:07:01,pagada
7003,1062,2,en_mesa,5.0,2025-10-28 13:37:23,pagada
7004,627,4,domicilio,,2025-08-05 21:10:02,pagada
7005,384,4,domicilio,,2026-03-03 14:16:08,anulada
7006,1201,5,para_llevar,,2025-11-29 02:06:42,pagada
7007,705,2,domicilio,,2025-10-25 17:39:16,pagada
7008,1411,3,para_llevar,,2025-11-27 02:30:08,cortesia
7009,912,1,en_mesa,1.0,2026-01-22 10:46:01,cortesia
7010,29,3,en_mesa,4.0,2025-12-22 22:48:49,pagada
7011,1401,4,en_mesa,7.0,2025-09-20 17:55:25,pagada
7012,1000,4,domicilio,,2025-09-11 08:25:57,pagada
7013,125,4,en_mesa,14.0,2025-06-04 19:24:56,pagada
7014,1152,5,para_llevar,,2025-04-22 03:22:23,pagada
7015,157,4,domicilio,,2026-02-16 01:45:44,anulada
7016,1121,4,para_llevar,,2025-08-15 17:41:25,anulada
7017,854,5,para_llevar,,2025-12-09 12:29:27,cortesia
7018,613,5,en_mesa,3.0,2025-05-06 08:25:10,pagada
7019,937,1,en_mesa,4.0,2026-01-04 17:30:29,pagada
7020,290,5,en_mesa,15.0,2025-08-22 21:30:53,pagada
7021,702,1,domicilio,,2025-07-10 10:13:51,pagada
7022,1193,5,en_mesa,3.0,2026-02-24 14:32:36,cortesia
7023,834,4,en_mesa,15.0,2025-09-18 21:20:53,cortesia
7024,1302,4,en_mesa,5.0,2026-02-03 11:08:13,pagada
7025,440,5,para_llevar,,2025-11-23 00:11:10,cortesia
7026,1369,1,para_llevar,,2025-05-11 01:06:59,pagada
7027,1163,2,para_llevar,,2025-10-15 21:56:38,pagada
7028,58,2,en_mesa,1.0,2025-04-25 17:51:31,anulada
7029,173,4,para_llevar,,2025-09-07 11:06:20,cortesia
7030,492,5,para_llevar,,2026-02-23 00:56:49,pagada
7031,50,2,domicilio,,2025-06-11 04:08:56,pagada
7032,252,2,en_mesa,7.0,2026-02-17 10:20:43,anulada
7033,1121,2,domicilio,,2026-03-03 11:36:30,pagada
7034,226,2,para_llevar,,2025-08-26 08:00:32,cortesia
7035,951,5,para_llevar,,2025-11-07 00:49:23,cortesia
7036,518,2,domicilio,,2025-09-05 03:57:14,pagada
7037,103,5,para_llevar,,2025-06-18 06:18:11,pagada
7038,132,1,domicilio,,2025-05-01 02:00:51,cortesia
7039,290,5,domicilio,,2025-04-24 21:18:00,pagada
7040,315,4,en_mesa,1.0,2025-12-22 17:56:42,pagada
7041,546,1,domicilio,,2025-06-18 09:53:27,pagada
7042,415,5,para_llevar,,2025-06-25 12:59:10,pagada
7043,1005,3,para_llevar,,2025-05-05 08:32:43,pagada
7044,552,3,en_mesa,15.0,2025-11-17 19:33:18,pagada
7045,148,3,en_mesa,8.0,2025-04-22 10:42:46,pagada
7046,846,4,domicilio,,2025-11-28 01:26:04,pagada
7047,1278,5,para_llevar,,2026-02-05 18:04:32,anulada
7048,107,2,en_mesa,13.0,2025-06-11 18:32:08,cortesia
7049,1253,5,en_mesa,7.0,2026-01-25 01:35:53,cortesia
7050,1263,4,para_llevar,,2025-05-04 05:14:45,pagada
7051,1186,3,en_mesa,15.0,2025-06-22 19:12:17,pagada
7052,1433,3,domicilio,,2025-10-17 01:07:37,pagada
7053,1490,1,domicilio,,2025-07-06 16:17:53,pagada
7054,3,1,para_llevar,,2026-02-12 18:05:26,pagada
7055,1382,3,en_mesa,1.0,2026-01-01 02:19:30,anulada
7056,171,1,domicilio,,2025-11-20 20:56:01,pagada
7057,1424,1,en_mesa,14.0,2026-03-01 14:15:54,pagada
7058,562,1,para_llevar,,2026-01-16 01:53:23,anulada
7059,1428,4,domicilio,,2026-01-18 03:54:43,pagada
7060,96,1,para_llevar,,2025-09-09 19:45:02,pagada
7061,1299,1,en_mesa,8.0,2025-06-10 06:32:05,anulada
7062,957,2,domicilio,,2025-09-10 01:22:46,anulada
7063,647,4,para_llevar,,2025-06-20 13:39:01,cortesia
7064,1289,3,en_mesa,7.0,2025-12-04 20:02:38,pagada
7065,1500,2,en_mesa,7.0,2025-12-15 05:11:12,cortesia
7066,623,1,domicilio,,2025-06-29 03:10:50,pagada
7067,1470,5,domicilio,,2025-06-19 11:28:00,pagada
7068,1265,5,en_mesa,15.0,2025-09-04 14:47:12,pagada
7069,1295,3,en_mesa,10.0,2026-02-17 01:03:08,cortesia
7070,762,4,para_llevar,,2025-04-29 12:24:57,pagada
7071,778,2,para_llevar,,2026-01-12 10:41:12,anulada
7072,44,3,domicilio,,2025-11-12 02:03:18,anulada
7073,164,1,domicilio,,2026-01-28 11:48:52,anulada
7074,1148,2,para_llevar,,2025-03-30 17:40:18,pagada
7075,1484,5,domicilio,,2025-05-06 22:16:35,anulada
7076,304,4,en_mesa,7.0,2025-09-07 03:33:18,pagada
7077,780,1,en_mesa,12.0,2026-03-25 12:20:26,anulada
7078,926,2,en_mesa,2.0,2025-07-01 18:24:01,pagada
7079,267,3,para_llevar,,2025-10-14 05:18:40,pagada
7080,1211,5,en_mesa,5.0,2025-05-22 23:47:34,anulada
7081,544,3,para_llevar,,2025-09-07 17:54:42,pagada
7082,746,2,para_llevar,,2026-02-04 12:03:56,anulada
7083,272,1,para_llevar,,2025-12-15 11:49:22,pagada
7084,941,4,domicilio,,2026-01-05 01:38:07,pagada
7085,553,4,para_llevar,,2025-05-01 04:29:03,anulada
7086,907,2,para_llevar,,2025-04-12 23:00:53,pagada
7087,266,1,para_llevar,,2026-03-16 08:19:43,anulada
7088,1108,4,para_llevar,,2025-05-22 12:36:50,pagada
7089,1101,3,domicilio,,2025-09-17 21:22:49,cortesia
7090,1205,5,para_llevar,,2025-06-28 11:58:50,pagada
7091,1311,4,para_llevar,,2026-03-19 00:20:56,pagada
7092,455,5,en_mesa,13.0,2026-01-20 21:48:20,pagada
7093,381,4,para_llevar,,2025-07-05 09:39:53,pagada
7094,669,2,domicilio,,2025-04-01 14:14:44,pagada
7095,517,5,domicilio,,2026-03-12 12:35:54,pagada
7096,620,3,en_mesa,13.0,2025-08-15 05:59:43,anulada
7097,187,3,para_llevar,,2025-11-28 10:54:10,pagada
7098,752,2,en_mesa,15.0,2025-08-03 17:48:19,cortesia
7099,651,3,para_llevar,,2025-11-06 04:40:46,cortesia
7100,1302,2,en_mesa,3.0,2025-06-28 04:00:09,pagada
7101,1431,5,en_mesa,4.0,2025-04-08 11:25:07,anulada
7102,1052,3,domicilio,,2025-04-01 10:37:05,anulada
7103,148,4,en_mesa,7.0,2026-03-14 18:36:01,pagada
7104,616,3,domicilio,,2025-10-11 18:57:39,pagada
7105,130,5,para_llevar,,2025-10-14 17:22:32,pagada
7106,210,5,para_llevar,,2025-09-26 14:25:52,pagada
7107,445,3,para_llevar,,2025-09-26 09:32:27,pagada
7108,1300,5,en_mesa,14.0,2026-01-04 20:22:04,cortesia
7109,885,3,domicilio,,2025-10-04 07:31:26,pagada
7110,834,1,en_mesa,7.0,2026-01-31 19:21:45,anulada
7111,1316,4,domicilio,,2025-09-13 14:29:39,pagada
7112,214,1,para_llevar,,2025-10-22 09:26:25,pagada
7113,572,1,para_llevar,,2025-10-28 11:19:22,pagada
7114,242,2,para_llevar,,2025-04-05 19:01:40,cortesia
7115,1414,2,domicilio,,2025-08-26 20:00:46,pagada
7116,802,4,en_mesa,14.0,2026-03-04 22:03:53,pagada
7117,968,2,para_llevar,,2026-01-12 05:22:54,anulada
7118,593,3,para_llevar,,2025-09-20 00:46:40,pagada
7119,441,4,domicilio,,2026-02-05 12:34:51,pagada
7120,217,5,en_mesa,10.0,2025-04-17 01:19:23,cortesia
7121,1284,5,domicilio,,2025-07-03 11:16:43,pagada
7122,348,1,domicilio,,2026-02-28 21:25:03,pagada
7123,675,5,en_mesa,11.0,2026-02-14 07:52:34,anulada
7124,1056,5,domicilio,,2025-06-24 17:34:54,pagada
7125,724,2,en_mesa,13.0,2025-05-28 10:12:13,pagada
7126,759,1,para_llevar,,2025-10-01 22:31:37,pagada
7127,743,2,para_llevar,,2026-02-18 14:35:20,pagada
7128,139,2,para_llevar,,2026-02-08 07:49:10,pagada
7129,409,1,domicilio,,2025-12-30 19:15:53,pagada
7130,1184,5,en_mesa,2.0,2026-02-18 01:52:38,pagada
7131,1124,3,para_llevar,,2025-10-20 12:06:21,cortesia
7132,678,5,en_mesa,5.0,2025-09-22 07:44:07,pagada
7133,350,1,para_llevar,,2025-11-22 08:31:25,anulada
7134,995,2,en_mesa,5.0,2025-11-24 13:35:01,cortesia
7135,463,1,domicilio,,2025-10-27 01:57:28,cortesia
7136,1391,4,para_llevar,,2025-07-31 02:10:19,pagada
7137,774,4,en_mesa,3.0,2025-06-21 07:16:17,pagada
7138,885,1,para_llevar,,2025-05-09 11:27:55,pagada
7139,1168,5,para_llevar,,2025-08-14 02:26:57,pagada
7140,405,2,para_llevar,,2026-02-03 21:18:25,pagada
7141,734,3,en_mesa,9.0,2026-02-14 19:10:32,pagada
7142,289,3,para_llevar,,2025-04-24 01:07:25,pagada
7143,407,3,para_llevar,,2025-11-18 07:41:06,anulada
7144,837,5,domicilio,,2025-09-29 18:32:25,pagada
7145,709,1,domicilio,,2025-04-25 07:20:54,anulada
7146,200,4,en_mesa,1.0,2025-04-26 09:55:36,pagada
7147,233,4,para_llevar,,2026-02-05 22:24:37,anulada
7148,285,3,domicilio,,2026-02-09 15:29:58,cortesia
7149,751,1,para_llevar,,2025-05-21 13:02:26,pagada
7150,1366,1,para_llevar,,2025-04-15 07:48:23,pagada
7151,124,3,domicilio,,2025-04-26 01:05:15,pagada
7152,437,5,para_llevar,,2025-12-06 23:10:12,pagada
7153,1308,1,para_llevar,,2025-05-22 11:22:53,pagada
7154,170,1,en_mesa,10.0,2025-10-02 01:06:07,pagada
7155,1267,1,domicilio,,2025-08-13 14:30:25,pagada
7156,567,1,en_mesa,13.0,2025-05-31 10:01:07,pagada
7157,744,4,en_mesa,14.0,2025-12-05 03:41:33,pagada
7158,1068,5,para_llevar,,2025-11-26 12:30:17,pagada
7159,1298,4,domicilio,,2025-04-26 19:20:18,pagada
7160,1372,3,en_mesa,9.0,2025-10-14 09:10:41,pagada
7161,681,4,domicilio,,2025-07-20 06:56:36,cortesia
7162,962,3,domicilio,,2025-08-11 14:05:17,pagada
7163,1394,1,domicilio,,2025-09-04 06:17:20,pagada
7164,612,4,en_mesa,15.0,2026-01-02 04:07:20,pagada
7165,844,3,para_llevar,,2025-06-18 21:04:35,anulada
7166,621,5,domicilio,,2025-09-27 14:59:06,cortesia
7167,1272,2,domicilio,,2025-10-10 14:46:04,cortesia
7168,883,5,domicilio,,2025-10-31 22:02:07,pagada
7169,1175,3,domicilio,,2025-05-04 00:09:54,cortesia
7170,753,1,domicilio,,2025-07-05 19:51:58,pagada
7171,979,4,domicilio,,2025-06-29 21:40:43,pagada
7172,665,3,para_llevar,,2025-10-17 08:30:42,cortesia
7173,284,1,domicilio,,2025-10-24 04:04:56,cortesia
7174,621,3,para_llevar,,2025-11-18 05:00:58,pagada
7175,1181,2,domicilio,,2025-09-25 07:54:10,pagada
7176,259,4,para_llevar,,2025-12-23 13:59:04,pagada
7177,1,4,en_mesa,2.0,2025-04-12 07:14:44,cortesia
7178,504,3,para_llevar,,2025-12-17 23:31:26,pagada
7179,556,1,en_mesa,5.0,2026-03-16 17:01:06,pagada
7180,1323,5,para_llevar,,2025-11-07 07:14:05,pagada
7181,498,4,para_llevar,,2026-01-09 21:14:33,pagada
7182,769,5,en_mesa,7.0,2025-12-23 08:36:57,pagada
7183,1231,2,en_mesa,6.0,2025-04-07 09:29:12,pagada
7184,234,4,domicilio,,2025-08-09 16:23:26,pagada
7185,819,3,en_mesa,8.0,2026-01-19 10:04:39,pagada
7186,268,5,en_mesa,14.0,2026-01-03 13:16:57,pagada
7187,1029,1,en_mesa,15.0,2025-11-19 17:05:53,pagada
7188,409,5,para_llevar,,2025-07-27 05:01:07,pagada
7189,402,3,en_mesa,11.0,2026-03-09 01:40:57,pagada
7190,727,4,en_mesa,6.0,2025-10-15 14:30:28,anulada
7191,801,5,para_llevar,,2025-08-11 21:36:17,cortesia
7192,310,2,en_mesa,15.0,2025-12-19 07:05:53,anulada
7193,1276,5,para_llevar,,2025-04-21 01:42:22,pagada
7194,314,4,domicilio,,2025-10-14 12:55:56,pagada
7195,1031,1,para_llevar,,2025-07-30 05:43:17,pagada
7196,540,2,para_llevar,,2025-04-02 08:52:40,anulada
7197,1325,5,en_mesa,3.0,2025-08-28 06:45:43,pagada
7198,1142,2,en_mesa,10.0,2025-12-09 13:58:29,pagada
7199,624,4,domicilio,,2025-06-25 07:08:16,pagada
7200,192,4,en_mesa,11.0,2025-04-21 13:53:11,pagada
7201,1334,5,en_mesa,10.0,2025-12-16 22:46:40,anulada
7202,1121,3,en_mesa,11.0,2026-03-15 14:21:54,pagada
7203,1328,3,en_mesa,15.0,2026-02-16 04:39:21,pagada
7204,765,1,en_mesa,7.0,2025-11-30 08:54:42,pagada
7205,1367,4,en_mesa,4.0,2026-03-10 23:14:04,pagada
7206,889,2,para_llevar,,2026-01-27 14:23:13,cortesia
7207,876,2,en_mesa,3.0,2026-03-22 22:54:35,cortesia
7208,447,2,para_llevar,,2025-11-28 23:10:48,pagada
7209,1100,2,en_mesa,15.0,2026-01-17 04:45:22,pagada
7210,502,5,para_llevar,,2026-02-14 14:01:20,pagada
7211,694,3,en_mesa,7.0,2025-09-02 03:37:53,pagada
7212,151,1,en_mesa,14.0,2025-10-28 02:39:01,anulada
7213,1201,3,domicilio,,2025-11-26 16:29:43,cortesia
7214,439,5,domicilio,,2025-10-12 01:15:40,anulada
7215,679,3,en_mesa,8.0,2025-04-09 15:53:34,pagada
7216,1411,2,domicilio,,2026-03-20 07:28:43,anulada
7217,842,4,en_mesa,2.0,2025-05-15 08:21:24,cortesia
7218,1265,3,en_mesa,9.0,2025-08-08 17:25:38,anulada
7219,1461,5,domicilio,,2026-03-03 11:09:02,pagada
7220,527,5,en_mesa,1.0,2025-07-03 18:45:16,cortesia
7221,606,5,domicilio,,2025-12-02 09:32:22,anulada
7222,340,2,en_mesa,14.0,2026-03-11 13:26:55,pagada
7223,41,2,domicilio,,2025-05-14 22:48:03,pagada
7224,1261,1,domicilio,,2026-01-07 18:44:26,pagada
7225,1084,4,domicilio,,2025-04-21 23:45:36,pagada
7226,1169,2,domicilio,,2026-02-26 16:52:28,anulada
7227,535,3,para_llevar,,2026-02-19 02:03:58,cortesia
7228,585,1,en_mesa,14.0,2025-12-02 19:10:12,pagada
7229,1300,2,domicilio,,2026-02-05 05:32:11,pagada
7230,1389,5,para_llevar,,2025-10-05 16:56:10,pagada
7231,998,2,para_llevar,,2025-04-08 12:29:52,cortesia
7232,822,3,para_llevar,,2025-12-06 03:23:04,anulada
7233,1298,1,en_mesa,9.0,2025-10-10 22:27:58,pagada
7234,167,1,para_llevar,,2026-02-14 20:33:08,cortesia
7235,688,1,domicilio,,2026-03-05 03:30:15,cortesia
7236,1162,5,domicilio,,2026-03-24 09:56:23,cortesia
7237,32,1,domicilio,,2025-06-05 06:59:45,cortesia
7238,1017,5,domicilio,,2026-03-20 23:29:30,cortesia
7239,115,1,domicilio,,2025-06-26 23:51:29,pagada
7240,988,3,en_mesa,4.0,2025-03-30 18:07:33,pagada
7241,1312,3,domicilio,,2025-08-24 13:43:24,pagada
7242,444,5,domicilio,,2026-03-17 22:00:06,pagada
7243,490,1,domicilio,,2025-09-03 03:54:22,pagada
7244,433,3,para_llevar,,2026-02-13 11:45:29,pagada
7245,488,5,en_mesa,9.0,2025-06-27 11:46:48,pagada
7246,435,5,para_llevar,,2025-12-06 11:11:58,cortesia
7247,654,5,domicilio,,2025-11-04 06:46:22,pagada
7248,658,5,para_llevar,,2025-07-19 12:45:58,pagada
7249,696,1,en_mesa,14.0,2026-02-24 04:33:47,cortesia
7250,343,2,domicilio,,2025-10-21 14:46:53,anulada
7251,875,5,para_llevar,,2026-01-18 04:29:24,pagada
7252,963,4,domicilio,,2025-08-11 19:02:05,cortesia
7253,693,3,para_llevar,,2025-04-16 06:55:28,pagada
7254,109,3,en_mesa,10.0,2025-04-10 19:55:31,anulada
7255,398,5,domicilio,,2025-12-08 08:09:03,anulada
7256,1004,4,en_mesa,2.0,2025-11-03 01:55:10,pagada
7257,256,1,en_mesa,6.0,2025-09-07 09:28:36,pagada
7258,1403,5,domicilio,,2025-10-08 06:14:57,cortesia
7259,1020,4,domicilio,,2025-09-05 08:35:59,cortesia
7260,478,2,domicilio,,2026-03-20 11:31:54,pagada
7261,199,4,domicilio,,2025-10-19 03:28:34,anulada
7262,1073,3,en_mesa,8.0,2026-02-20 10:32:28,anulada
7263,60,4,domicilio,,2025-04-17 22:20:43,pagada
7264,700,4,para_llevar,,2025-12-23 16:08:08,anulada
7265,1413,5,en_mesa,4.0,2025-06-13 14:16:56,cortesia
7266,1178,4,domicilio,,2025-10-08 18:12:34,anulada
7267,1307,4,domicilio,,2025-06-20 03:46:06,cortesia
7268,709,2,para_llevar,,2025-04-15 01:14:25,anulada
7269,1108,5,para_llevar,,2025-11-30 13:04:58,pagada
7270,349,4,para_llevar,,2025-12-13 08:58:50,cortesia
7271,745,2,domicilio,,2026-03-09 09:15:03,pagada
7272,1354,1,domicilio,,2025-07-24 20:36:21,pagada
7273,669,4,para_llevar,,2026-02-27 10:58:29,pagada
7274,9,4,domicilio,,2025-09-29 09:51:19,anulada
7275,1114,1,en_mesa,10.0,2025-07-13 01:32:41,pagada
7276,474,3,para_llevar,,2026-03-13 09:53:35,pagada
7277,959,2,en_mesa,8.0,2025-04-30 11:22:46,anulada
7278,431,3,para_llevar,,2025-09-03 01:03:10,cortesia
7279,1015,1,en_mesa,3.0,2025-07-02 20:07:24,pagada
7280,29,4,para_llevar,,2025-05-27 23:34:59,pagada
7281,920,5,en_mesa,4.0,2026-01-06 13:36:00,pagada
7282,685,5,para_llevar,,2026-01-15 11:50:13,pagada
7283,1238,4,en_mesa,8.0,2025-05-30 01:58:15,pagada
7284,85,2,en_mesa,10.0,2025-12-31 00:56:31,pagada
7285,1485,1,en_mesa,15.0,2025-05-02 06:35:24,anulada
7286,490,4,domicilio,,2026-02-20 17:46:34,pagada
7287,526,4,en_mesa,9.0,2025-10-15 05:30:17,anulada
7288,1165,3,para_llevar,,2025-04-12 05:39:10,cortesia
7289,124,3,para_llevar,,2025-06-16 03:24:05,anulada
7290,1332,1,para_llevar,,2025-10-30 06:59:02,pagada
7291,1037,2,en_mesa,14.0,2025-09-12 10:16:56,pagada
7292,109,4,domicilio,,2025-04-28 14:17:50,pagada
7293,162,1,en_mesa,5.0,2026-02-26 19:51:07,anulada
7294,355,1,para_llevar,,2025-11-17 02:32:04,anulada
7295,827,3,para_llevar,,2025-10-03 18:34:30,anulada
7296,1413,4,para_llevar,,2026-02-04 15:26:39,cortesia
7297,864,4,para_llevar,,2025-08-28 08:13:44,pagada
7298,540,2,domicilio,,2025-11-24 16:57:18,pagada
7299,1478,5,domicilio,,2026-02-02 04:25:13,anulada
7300,987,5,para_llevar,,2025-10-14 18:48:37,pagada
7301,144,2,para_llevar,,2026-01-05 09:50:07,anulada
7302,581,5,para_llevar,,2025-11-02 20:24:40,pagada
7303,659,5,domicilio,,2026-03-02 00:49:11,anulada
7304,792,3,para_llevar,,2025-06-29 11:21:49,pagada
7305,35,5,domicilio,,2025-09-17 01:08:19,cortesia
7306,673,5,en_mesa,14.0,2026-03-17 05:08:47,cortesia
7307,474,5,domicilio,,2025-11-22 22:44:40,anulada
7308,1453,2,para_llevar,,2025-04-28 04:09:04,pagada
7309,392,5,para_llevar,,2025-09-29 19:49:37,pagada
7310,1127,5,para_llevar,,2026-02-07 02:49:19,pagada
7311,419,1,domicilio,,2026-02-13 23:26:17,pagada
7312,216,5,para_llevar,,2026-03-12 13:12:40,pagada
7313,1147,2,en_mesa,12.0,2025-06-20 20:37:23,cortesia
7314,155,2,para_llevar,,2025-05-08 14:11:00,pagada
7315,375,1,para_llevar,,2026-03-13 00:38:57,pagada
7316,1443,5,para_llevar,,2026-02-04 22:52:07,anulada
7317,481,3,domicilio,,2025-06-11 11:39:24,pagada
7318,1065,3,en_mesa,6.0,2026-02-07 07:58:51,cortesia
7319,1204,5,en_mesa,8.0,2025-09-07 10:30:57,anulada
7320,983,4,domicilio,,2025-04-30 08:27:39,pagada
7321,328,1,domicilio,,2025-05-07 10:12:07,anulada
7322,1141,4,para_llevar,,2026-01-07 13:47:23,anulada
7323,918,3,para_llevar,,2025-04-04 13:53:55,cortesia
7324,229,5,para_llevar,,2025-09-12 14:15:53,cortesia
7325,767,2,en_mesa,12.0,2025-08-28 04:48:37,anulada
7326,127,4,domicilio,,2025-06-02 07:55:02,pagada
7327,1004,3,para_llevar,,2026-02-18 09:45:14,pagada
7328,174,3,en_mesa,15.0,2025-04-21 15:26:59,cortesia
7329,1212,1,en_mesa,6.0,2026-01-22 19:32:43,pagada
7330,956,3,para_llevar,,2025-10-13 01:46:33,pagada
7331,1092,3,en_mesa,13.0,2025-08-26 22:48:38,pagada
7332,1310,2,en_mesa,1.0,2025-10-13 06:18:00,anulada
7333,1380,3,domicilio,,2026-01-11 03:25:24,cortesia
7334,285,4,para_llevar,,2025-12-27 00:07:09,pagada
7335,42,3,para_llevar,,2026-01-18 10:17:11,cortesia
7336,1374,1,domicilio,,2025-10-19 22:47:58,pagada
7337,1359,3,en_mesa,1.0,2025-08-04 19:19:16,pagada
7338,216,4,para_llevar,,2025-04-19 13:48:05,cortesia
7339,529,1,domicilio,,2026-02-02 03:14:48,pagada
7340,604,5,para_llevar,,2025-05-25 19:35:43,pagada
7341,338,4,en_mesa,13.0,2025-07-22 13:52:24,pagada
7342,1244,3,para_llevar,,2026-03-29 17:46:45,anulada
7343,832,5,domicilio,,2026-03-19 19:41:12,pagada
7344,689,4,para_llevar,,2025-05-09 14:17:24,anulada
7345,1038,4,para_llevar,,2025-10-12 03:31:31,cortesia
7346,1432,4,para_llevar,,2025-12-20 20:29:20,anulada
7347,139,2,domicilio,,2026-02-15 23:19:36,pagada
7348,85,3,para_llevar,,2025-11-26 19:10:09,pagada
7349,477,1,para_llevar,,2025-07-28 09:49:16,pagada
7350,1213,4,domicilio,,2025-11-15 02:55:09,pagada
7351,517,4,domicilio,,2025-08-20 09:44:08,pagada
7352,1436,4,en_mesa,12.0,2025-05-10 13:33:36,pagada
7353,888,1,para_llevar,,2026-02-27 13:22:18,pagada
7354,548,2,para_llevar,,2026-02-17 05:57:33,pagada
7355,334,5,en_mesa,2.0,2025-06-18 13:57:10,cortesia
7356,866,4,domicilio,,2025-04-30 09:38:32,pagada
7357,1234,5,en_mesa,5.0,2025-04-03 09:39:45,anulada
7358,795,1,en_mesa,11.0,2025-12-16 22:43:03,cortesia
7359,97,4,para_llevar,,2026-03-28 06:32:44,pagada
7360,485,1,domicilio,,2025-06-16 11:43:43,pagada
7361,1087,4,domicilio,,2025-09-09 13:58:59,anulada
7362,1225,3,para_llevar,,2025-07-16 12:58:34,anulada
7363,880,1,en_mesa,4.0,2025-10-12 12:13:45,cortesia
7364,698,4,en_mesa,11.0,2025-12-28 12:09:05,cortesia
7365,813,5,domicilio,,2025-05-25 21:46:32,pagada
7366,1100,3,para_llevar,,2025-11-23 15:27:47,pagada
7367,102,5,domicilio,,2025-05-06 05:32:19,pagada
7368,544,5,en_mesa,2.0,2025-05-07 20:08:18,anulada
7369,99,3,domicilio,,2025-12-19 20:21:49,pagada
7370,1078,2,domicilio,,2025-05-30 14:13:01,pagada
7371,1262,2,en_mesa,1.0,2025-08-11 00:40:41,pagada
7372,539,4,para_llevar,,2025-04-17 13:16:13,pagada
7373,201,1,para_llevar,,2025-04-11 06:17:43,pagada
7374,437,3,para_llevar,,2025-07-29 02:10:30,pagada
7375,441,3,domicilio,,2025-04-08 07:56:27,pagada
7376,471,1,para_llevar,,2025-07-02 06:53:57,anulada
7377,348,5,para_llevar,,2025-10-22 13:08:26,pagada
7378,922,3,domicilio,,2025-05-14 10:17:55,anulada
7379,1421,2,en_mesa,1.0,2025-07-18 21:26:19,anulada
7380,1391,4,domicilio,,2025-09-26 10:28:20,anulada
7381,770,1,para_llevar,,2025-12-27 04:37:34,pagada
7382,600,4,en_mesa,15.0,2025-04-04 11:54:31,pagada
7383,1211,5,para_llevar,,2026-01-12 05:57:56,pagada
7384,738,3,en_mesa,10.0,2025-12-23 13:16:44,cortesia
7385,1290,4,domicilio,,2025-07-27 17:29:58,pagada
7386,903,4,para_llevar,,2025-08-04 13:59:05,pagada
7387,337,3,para_llevar,,2026-01-17 10:50:55,pagada
7388,1259,2,en_mesa,13.0,2025-12-04 13:59:28,pagada
7389,1050,5,en_mesa,11.0,2026-02-10 23:11:30,pagada
7390,1196,4,en_mesa,10.0,2025-04-12 19:42:04,anulada
7391,38,5,domicilio,,2025-04-29 11:43:53,pagada
7392,382,2,para_llevar,,2026-03-23 07:18:13,pagada
7393,1243,3,domicilio,,2025-05-22 05:40:26,anulada
7394,1300,1,para_llevar,,2025-07-10 07:51:45,cortesia
7395,600,1,en_mesa,10.0,2025-06-05 00:50:57,pagada
7396,1479,2,domicilio,,2025-11-25 16:26:27,pagada
7397,426,5,en_mesa,3.0,2026-01-17 19:52:38,pagada
7398,86,5,en_mesa,6.0,2026-03-25 07:57:24,pagada
7399,238,2,domicilio,,2025-09-01 07:16:14,pagada
7400,311,5,en_mesa,2.0,2025-09-04 12:25:09,pagada
7401,1211,4,domicilio,,2025-09-26 09:10:50,pagada
7402,473,1,domicilio,,2025-10-11 19:18:14,pagada
7403,1162,5,domicilio,,2026-01-11 17:03:11,anulada
7404,532,1,domicilio,,2025-07-16 21:05:50,pagada
7405,1113,2,para_llevar,,2025-05-18 16:49:50,pagada
7406,848,4,en_mesa,15.0,2026-01-22 18:08:50,anulada
7407,643,1,domicilio,,2025-07-29 21:45:04,pagada
7408,1095,1,para_llevar,,2026-03-07 16:35:52,anulada
7409,329,4,para_llevar,,2025-07-29 20:58:13,pagada
7410,1221,4,para_llevar,,2026-01-03 06:23:01,cortesia
7411,1265,3,domicilio,,2026-02-08 20:30:25,cortesia
7412,233,1,para_llevar,,2026-02-26 15:45:04,pagada
7413,806,4,domicilio,,2025-04-19 11:16:05,pagada
7414,1249,3,domicilio,,2025-12-10 19:23:34,pagada
7415,781,3,domicilio,,2025-08-04 23:27:13,cortesia
7416,1419,2,para_llevar,,2025-05-19 04:46:19,pagada
7417,533,5,para_llevar,,2025-12-18 07:14:57,anulada
7418,1042,5,domicilio,,2025-07-12 10:08:20,pagada
7419,1330,2,para_llevar,,2025-08-07 20:22:44,pagada
7420,926,4,en_mesa,11.0,2025-05-04 07:35:44,cortesia
7421,1030,4,domicilio,,2025-10-25 07:46:03,anulada
7422,121,3,domicilio,,2025-09-03 16:43:06,cortesia
7423,75,4,domicilio,,2026-01-06 15:29:07,pagada
7424,364,1,para_llevar,,2025-04-07 04:02:30,pagada
7425,532,5,domicilio,,2026-01-13 08:06:19,pagada
7426,234,4,para_llevar,,2025-08-25 00:09:51,pagada
7427,580,5,para_llevar,,2025-05-11 12:17:42,anulada
7428,1444,5,domicilio,,2025-09-14 20:25:36,anulada
7429,996,5,para_llevar,,2025-08-31 10:49:55,cortesia
7430,1440,3,para_llevar,,2025-12-10 23:34:27,anulada
7431,1456,1,en_mesa,14.0,2026-02-13 13:25:47,pagada
7432,644,5,para_llevar,,2025-07-23 05:13:34,pagada
7433,447,3,en_mesa,11.0,2025-12-24 16:01:32,pagada
7434,1047,2,domicilio,,2025-12-07 12:57:15,pagada
7435,46,1,para_llevar,,2025-10-20 15:05:55,pagada
7436,421,5,domicilio,,2025-04-07 22:59:45,anulada
7437,545,1,para_llevar,,2025-05-20 22:00:47,anulada
7438,758,2,en_mesa,14.0,2025-05-29 17:23:31,anulada
7439,1206,3,en_mesa,3.0,2025-12-26 13:03:48,pagada
7440,99,1,para_llevar,,2025-10-07 17:49:17,anulada
7441,753,5,domicilio,,2025-10-05 10:20:30,pagada
7442,1306,5,en_mesa,7.0,2025-03-31 00:05:34,anulada
7443,1451,3,domicilio,,2026-03-01 10:32:16,anulada
7444,1201,2,para_llevar,,2026-01-22 19:09:54,cortesia
7445,1169,1,para_llevar,,2025-08-06 10:16:08,cortesia
7446,1438,3,para_llevar,,2025-10-14 16:56:38,anulada
7447,268,5,en_mesa,5.0,2025-04-28 19:23:28,anulada
7448,139,1,domicilio,,2025-08-07 17:58:20,pagada
7449,957,2,en_mesa,5.0,2026-03-18 06:21:44,cortesia
7450,393,4,para_llevar,,2025-08-22 16:24:51,pagada
7451,681,4,para_llevar,,2025-11-28 02:06:33,pagada
7452,1115,1,domicilio,,2025-10-06 12:08:50,cortesia
7453,563,5,para_llevar,,2025-11-22 19:02:37,pagada
7454,1006,2,domicilio,,2025-09-10 15:46:07,pagada
7455,881,5,en_mesa,9.0,2025-11-10 05:37:12,anulada
7456,124,1,domicilio,,2025-06-14 11:28:46,anulada
7457,116,3,en_mesa,4.0,2025-08-21 10:56:50,anulada
7458,184,4,para_llevar,,2025-12-13 07:18:21,pagada
7459,361,1,en_mesa,3.0,2025-06-29 16:16:57,pagada
7460,1020,5,domicilio,,2025-08-08 04:31:59,anulada
7461,428,3,domicilio,,2025-04-28 02:21:20,pagada
7462,621,5,para_llevar,,2025-11-10 00:35:48,pagada
7463,1395,3,domicilio,,2026-03-17 05:50:37,pagada
7464,1226,5,domicilio,,2025-05-15 17:07:02,pagada
7465,638,2,en_mesa,15.0,2025-12-26 21:50:22,pagada
7466,669,5,en_mesa,4.0,2026-03-22 21:38:45,cortesia
7467,379,2,en_mesa,4.0,2025-09-25 10:38:05,anulada
7468,434,1,domicilio,,2025-08-25 00:07:56,pagada
7469,615,2,para_llevar,,2026-03-23 21:24:59,pagada
7470,375,2,para_llevar,,2025-06-08 21:19:13,pagada
7471,1313,3,domicilio,,2025-05-12 16:13:24,pagada
7472,1376,3,en_mesa,8.0,2026-02-13 04:33:07,cortesia
7473,511,5,en_mesa,5.0,2025-09-21 20:46:29,cortesia
7474,459,1,en_mesa,15.0,2026-02-03 02:30:00,anulada
7475,51,2,para_llevar,,2026-02-09 04:57:27,pagada
7476,478,5,para_llevar,,2025-04-05 04:46:42,pagada
7477,419,5,para_llevar,,2026-02-11 15:42:12,anulada
7478,275,4,en_mesa,12.0,2025-11-06 17:36:38,anulada
7479,730,2,en_mesa,3.0,2025-10-06 05:51:56,pagada
7480,1457,2,en_mesa,12.0,2025-07-02 03:17:49,pagada
7481,303,2,domicilio,,2025-10-16 02:24:13,pagada
7482,230,5,domicilio,,2025-11-30 15:54:14,cortesia
7483,647,2,para_llevar,,2026-02-16 04:16:42,pagada
7484,214,3,en_mesa,7.0,2025-11-06 12:24:08,anulada
7485,1184,3,en_mesa,3.0,2026-01-01 23:55:32,pagada
7486,1263,5,domicilio,,2026-03-30 01:29:43,cortesia
7487,1075,3,para_llevar,,2025-06-11 09:11:47,pagada
7488,531,4,para_llevar,,2026-02-04 19:24:35,cortesia
7489,1464,5,domicilio,,2025-12-22 11:50:23,pagada
7490,231,3,domicilio,,2025-07-15 11:27:52,pagada
7491,1495,3,domicilio,,2025-10-07 08:46:43,pagada
7492,1066,2,domicilio,,2026-03-27 03:31:38,cortesia
7493,1452,3,para_llevar,,2025-07-21 17:10:02,pagada
7494,188,4,domicilio,,2025-07-22 08:29:59,pagada
7495,1274,3,en_mesa,12.0,2025-06-15 22:56:02,pagada
7496,1468,3,para_llevar,,2026-03-02 01:46:57,anulada
7497,334,5,en_mesa,4.0,2025-06-03 19:34:36,cortesia
7498,1196,4,domicilio,,2025-06-18 23:16:06,anulada
7499,133,5,para_llevar,,2025-10-26 20:38:48,pagada
7500,271,3,en_mesa,10.0,2025-04-18 08:56:52,anulada
7501,242,2,domicilio,,2026-03-11 10:02:21,pagada
7502,1474,4,para_llevar,,2026-02-16 13:35:37,anulada
7503,170,1,para_llevar,,2025-05-15 09:58:56,anulada
7504,258,1,para_llevar,,2026-02-04 03:32:12,anulada
7505,1303,2,domicilio,,2025-04-18 09:35:48,cortesia
7506,692,5,domicilio,,2025-09-15 17:47:24,cortesia
7507,1215,2,para_llevar,,2025-06-18 07:58:03,cortesia
7508,1097,1,para_llevar,,2025-05-21 21:17:33,pagada
7509,341,4,en_mesa,15.0,2025-10-10 11:45:38,pagada
7510,1267,1,en_mesa,15.0,2026-01-25 01:54:19,pagada
7511,698,3,en_mesa,6.0,2026-03-26 17:33:54,cortesia
7512,196,4,para_llevar,,2025-10-18 05:42:21,pagada
7513,606,5,domicilio,,2025-07-24 14:18:12,pagada
7514,167,4,para_llevar,,2025-10-28 13:52:05,cortesia
7515,596,3,para_llevar,,2025-08-29 15:22:06,pagada
7516,314,4,para_llevar,,2026-01-10 21:33:42,cortesia
7517,103,4,para_llevar,,2025-09-18 02:39:45,pagada
7518,276,4,domicilio,,2025-06-23 07:36:12,pagada
7519,153,5,domicilio,,2025-08-09 14:37:31,pagada
7520,755,4,en_mesa,7.0,2026-03-25 03:24:40,pagada
7521,280,4,en_mesa,13.0,2025-12-30 04:30:59,anulada
7522,435,1,para_llevar,,2026-02-25 15:00:30,pagada
7523,499,1,para_llevar,,2025-05-28 07:44:12,cortesia
7524,1242,1,para_llevar,,2025-04-19 15:21:44,cortesia
7525,331,2,en_mesa,8.0,2025-10-20 22:19:18,pagada
7526,48,2,en_mesa,2.0,2025-07-06 01:58:46,pagada
7527,926,4,para_llevar,,2025-12-20 03:31:01,cortesia
7528,1422,4,domicilio,,2025-11-18 04:12:15,pagada
7529,925,5,en_mesa,12.0,2025-11-30 20:02:43,cortesia
7530,534,5,para_llevar,,2026-02-01 00:46:38,pagada
7531,602,2,domicilio,,2025-11-21 19:40:28,anulada
7532,1466,5,en_mesa,1.0,2025-07-08 14:07:34,pagada
7533,674,1,domicilio,,2025-12-25 17:29:20,pagada
7534,702,5,domicilio,,2026-03-28 04:21:28,pagada
7535,700,2,domicilio,,2025-05-02 13:44:02,anulada
7536,541,1,domicilio,,2025-08-10 09:13:59,pagada
7537,561,5,domicilio,,2025-05-09 15:14:15,pagada
7538,1335,1,domicilio,,2026-01-12 00:01:29,cortesia
7539,1260,3,en_mesa,8.0,2025-10-02 10:29:23,pagada
7540,809,1,para_llevar,,2025-09-25 07:21:36,pagada
7541,253,1,en_mesa,14.0,2025-10-06 10:14:51,pagada
7542,1367,4,para_llevar,,2026-03-26 15:57:30,pagada
7543,852,2,en_mesa,10.0,2025-12-17 02:00:39,pagada
7544,832,4,para_llevar,,2025-08-22 13:07:04,pagada
7545,1034,4,en_mesa,6.0,2026-02-17 23:02:23,pagada
7546,31,2,para_llevar,,2026-02-27 00:31:03,pagada
7547,800,4,para_llevar,,2025-11-18 09:01:31,pagada
7548,1427,1,domicilio,,2026-03-02 17:52:09,pagada
7549,399,1,en_mesa,13.0,2025-08-31 20:55:13,pagada
7550,995,2,en_mesa,8.0,2025-12-08 21:44:55,pagada
7551,484,3,en_mesa,15.0,2025-10-26 18:16:17,pagada
7552,13,1,domicilio,,2026-02-14 06:05:06,pagada
7553,592,3,para_llevar,,2025-11-10 22:26:34,cortesia
7554,203,3,para_llevar,,2026-03-23 09:15:23,cortesia
7555,1045,1,domicilio,,2026-02-06 07:45:23,pagada
7556,993,2,domicilio,,2025-07-15 12:42:08,anulada
7557,1221,4,en_mesa,8.0,2025-04-19 18:23:55,pagada
7558,621,4,para_llevar,,2025-07-12 03:12:17,anulada
7559,1058,5,para_llevar,,2025-06-26 06:24:49,pagada
7560,789,2,en_mesa,15.0,2025-09-25 03:39:34,pagada
7561,910,2,domicilio,,2026-01-11 02:51:19,anulada
7562,442,5,en_mesa,4.0,2025-09-13 19:01:14,pagada
7563,331,2,en_mesa,8.0,2025-09-06 22:01:47,pagada
7564,545,4,para_llevar,,2025-08-30 08:44:17,anulada
7565,139,4,en_mesa,2.0,2025-11-03 03:10:34,pagada
7566,1467,4,en_mesa,8.0,2025-08-25 20:46:05,pagada
7567,1478,5,en_mesa,8.0,2025-05-13 12:06:22,pagada
7568,1205,4,para_llevar,,2025-07-14 22:50:41,pagada
7569,1275,2,domicilio,,2025-04-10 10:53:19,pagada
7570,1350,2,en_mesa,9.0,2025-09-26 12:36:22,anulada
7571,771,5,para_llevar,,2025-11-16 03:35:25,anulada
7572,516,1,en_mesa,4.0,2025-10-13 09:30:59,pagada
7573,793,1,para_llevar,,2025-08-09 20:37:48,pagada
7574,118,1,domicilio,,2025-08-28 03:17:23,anulada
7575,96,4,en_mesa,9.0,2025-05-28 15:44:22,cortesia
7576,1205,1,en_mesa,13.0,2025-07-08 21:04:12,pagada
7577,623,3,domicilio,,2026-01-19 14:17:17,cortesia
7578,1265,5,para_llevar,,2025-04-21 08:00:30,anulada
7579,1000,4,para_llevar,,2025-10-28 03:12:20,pagada
7580,36,5,en_mesa,2.0,2025-10-26 03:16:16,pagada
7581,1080,5,domicilio,,2026-02-12 02:26:05,pagada
7582,48,2,en_mesa,8.0,2025-11-24 04:11:56,pagada
7583,1390,3,domicilio,,2025-07-27 01:06:04,cortesia
7584,1191,5,en_mesa,1.0,2025-06-10 09:54:32,anulada
7585,815,2,domicilio,,2025-04-30 13:59:55,anulada
7586,936,5,para_llevar,,2025-12-17 20:15:14,anulada
7587,1235,4,en_mesa,5.0,2025-04-21 15:00:07,pagada
7588,905,2,domicilio,,2026-02-26 19:20:35,cortesia
7589,607,1,en_mesa,9.0,2025-06-04 09:49:42,pagada
7590,240,5,en_mesa,15.0,2025-09-01 10:32:29,pagada
7591,554,3,para_llevar,,2025-12-22 11:58:27,anulada
7592,999,5,en_mesa,4.0,2025-07-29 13:40:57,anulada
7593,1427,2,en_mesa,2.0,2026-03-02 05:24:59,pagada
7594,605,3,domicilio,,2025-08-02 13:15:14,anulada
7595,1367,1,domicilio,,2025-11-14 06:20:24,pagada
7596,593,2,en_mesa,10.0,2025-12-13 02:57:26,cortesia
7597,1183,3,para_llevar,,2025-09-29 23:00:08,pagada
7598,1325,1,en_mesa,3.0,2025-07-21 01:10:40,anulada
7599,629,1,para_llevar,,2025-10-16 16:39:47,pagada
7600,868,3,para_llevar,,2025-06-24 22:31:58,pagada
7601,593,5,para_llevar,,2025-05-28 18:41:09,pagada
7602,1122,1,domicilio,,2026-02-05 02:07:22,cortesia
7603,883,1,en_mesa,15.0,2025-04-02 20:46:56,cortesia
7604,1436,2,en_mesa,13.0,2026-01-25 12:49:05,cortesia
7605,1081,3,para_llevar,,2025-05-28 06:33:54,pagada
7606,1265,2,domicilio,,2025-09-17 13:47:02,pagada
7607,721,1,para_llevar,,2025-06-25 12:39:26,pagada
7608,1415,4,domicilio,,2025-08-09 14:22:05,cortesia
7609,105,5,domicilio,,2025-09-24 05:40:46,cortesia
7610,893,1,para_llevar,,2025-08-10 00:21:57,cortesia
7611,79,3,para_llevar,,2025-10-01 07:30:48,pagada
7612,1223,3,en_mesa,5.0,2025-09-11 16:22:56,pagada
7613,1389,1,domicilio,,2025-05-19 13:06:53,anulada
7614,81,1,para_llevar,,2026-03-19 09:48:15,pagada
7615,1254,4,en_mesa,10.0,2025-09-27 21:43:40,pagada
7616,58,2,en_mesa,5.0,2025-07-02 02:00:53,pagada
7617,318,2,domicilio,,2026-02-13 08:49:38,pagada
7618,640,3,domicilio,,2025-09-18 09:46:39,pagada
7619,850,4,domicilio,,2025-09-20 20:46:12,pagada
7620,559,2,domicilio,,2026-02-01 14:36:25,pagada
7621,687,5,para_llevar,,2025-06-13 04:16:48,pagada
7622,1212,3,domicilio,,2025-06-25 02:05:17,cortesia
7623,919,1,para_llevar,,2025-07-27 19:01:50,pagada
7624,541,1,en_mesa,2.0,2025-06-25 16:38:38,cortesia
7625,1401,1,domicilio,,2026-02-27 00:23:59,pagada
7626,1391,1,en_mesa,4.0,2025-11-18 20:42:43,anulada
7627,495,2,en_mesa,9.0,2025-04-17 14:06:35,pagada
7628,636,2,para_llevar,,2025-05-22 21:44:04,pagada
7629,860,1,domicilio,,2025-12-06 16:52:30,anulada
7630,329,3,domicilio,,2026-02-11 21:20:43,pagada
7631,272,2,domicilio,,2025-08-27 10:24:18,pagada
7632,1126,1,en_mesa,12.0,2025-09-11 16:02:57,cortesia
7633,540,2,en_mesa,15.0,2025-10-23 23:22:50,cortesia
7634,1447,4,para_llevar,,2025-11-01 17:46:53,pagada
7635,242,2,para_llevar,,2025-05-30 05:19:15,pagada
7636,1319,1,para_llevar,,2025-10-13 16:10:36,cortesia
7637,1245,2,para_llevar,,2026-03-27 09:43:49,cortesia
7638,1190,5,domicilio,,2026-01-21 21:51:09,pagada
7639,722,1,para_llevar,,2025-04-13 17:48:56,anulada
7640,239,4,domicilio,,2025-06-07 08:32:36,pagada
7641,478,1,en_mesa,6.0,2025-05-03 18:22:06,pagada
7642,304,5,para_llevar,,2025-08-03 16:28:24,pagada
7643,335,2,para_llevar,,2026-01-28 16:48:56,pagada
7644,1002,3,domicilio,,2025-10-31 06:56:22,cortesia
7645,606,3,para_llevar,,2026-03-01 10:15:47,pagada
7646,330,5,para_llevar,,2025-12-23 16:10:38,pagada
7647,212,4,en_mesa,8.0,2025-06-22 11:23:02,pagada
7648,856,3,en_mesa,9.0,2025-05-13 15:31:43,pagada
7649,743,2,domicilio,,2025-04-04 00:52:35,pagada
7650,63,5,domicilio,,2025-06-27 19:24:29,pagada
7651,303,5,en_mesa,6.0,2025-10-12 09:10:55,pagada
7652,812,4,para_llevar,,2026-01-11 21:34:58,anulada
7653,96,3,domicilio,,2025-09-05 19:50:03,anulada
7654,1471,5,para_llevar,,2025-04-24 23:30:06,pagada
7655,515,2,para_llevar,,2026-02-26 15:07:02,pagada
7656,882,1,para_llevar,,2025-05-19 04:19:07,anulada
7657,1078,4,en_mesa,5.0,2025-11-15 00:05:59,anulada
7658,635,4,en_mesa,2.0,2026-02-01 04:24:37,pagada
7659,1166,2,para_llevar,,2026-03-15 03:00:03,pagada
7660,698,5,para_llevar,,2025-07-30 04:43:32,anulada
7661,853,1,en_mesa,13.0,2026-03-14 00:55:30,cortesia
7662,537,1,domicilio,,2026-03-25 17:27:23,anulada
7663,419,3,en_mesa,14.0,2025-06-14 04:04:09,pagada
7664,696,2,para_llevar,,2025-09-01 20:41:36,pagada
7665,37,3,domicilio,,2025-09-19 02:57:56,pagada
7666,303,2,en_mesa,10.0,2025-04-25 06:56:57,pagada
7667,397,1,domicilio,,2025-09-14 02:40:54,cortesia
7668,1105,2,en_mesa,10.0,2025-11-03 11:51:54,anulada
7669,7,4,en_mesa,2.0,2025-05-26 07:42:46,pagada
7670,1281,5,en_mesa,8.0,2025-12-13 12:00:56,cortesia
7671,735,1,para_llevar,,2025-06-30 00:57:39,anulada
7672,112,5,para_llevar,,2025-08-11 14:18:58,pagada
7673,1372,3,en_mesa,15.0,2025-05-08 01:12:10,pagada
7674,492,3,en_mesa,5.0,2025-10-04 01:39:40,pagada
7675,1138,1,en_mesa,12.0,2026-03-28 22:48:33,pagada
7676,1380,1,domicilio,,2025-06-04 20:43:45,pagada
7677,162,4,domicilio,,2026-02-20 09:58:37,pagada
7678,730,3,para_llevar,,2025-11-24 01:50:44,pagada
7679,11,5,domicilio,,2025-09-12 15:59:04,pagada
7680,1381,5,para_llevar,,2025-04-15 03:31:54,pagada
7681,517,3,domicilio,,2026-01-26 04:27:49,pagada
7682,881,3,en_mesa,4.0,2025-11-30 22:42:58,pagada
7683,1084,2,en_mesa,8.0,2026-02-02 15:20:37,cortesia
7684,429,3,en_mesa,11.0,2025-11-23 11:59:32,pagada
7685,529,4,para_llevar,,2025-07-29 14:43:01,anulada
7686,888,1,en_mesa,15.0,2026-03-24 09:11:50,pagada
7687,852,3,en_mesa,9.0,2025-08-05 05:35:40,anulada
7688,724,4,en_mesa,13.0,2025-04-13 19:19:32,anulada
7689,903,2,domicilio,,2025-08-27 11:59:49,anulada
7690,955,5,para_llevar,,2026-03-24 13:34:12,pagada
7691,1495,5,para_llevar,,2025-12-23 20:57:12,pagada
7692,231,5,para_llevar,,2025-04-12 21:13:36,anulada
7693,1330,1,para_llevar,,2026-01-27 05:04:35,pagada
7694,1334,3,en_mesa,12.0,2025-12-06 14:03:05,pagada
7695,912,3,para_llevar,,2026-01-02 18:58:24,pagada
7696,80,1,en_mesa,2.0,2025-10-21 13:44:36,pagada
7697,667,3,en_mesa,7.0,2025-04-13 20:10:48,pagada
7698,631,2,domicilio,,2025-07-23 10:57:38,anulada
7699,753,4,domicilio,,2025-05-02 10:25:34,pagada
7700,926,5,domicilio,,2025-08-07 01:57:46,anulada
7701,357,3,para_llevar,,2025-08-02 16:09:49,pagada
7702,1156,3,domicilio,,2025-06-15 23:43:01,anulada
7703,427,1,domicilio,,2026-03-29 01:39:02,pagada
7704,682,2,en_mesa,10.0,2025-05-28 21:02:36,pagada
7705,237,2,domicilio,,2025-10-24 23:16:14,pagada
7706,959,5,en_mesa,15.0,2025-06-16 18:31:34,pagada
7707,631,2,domicilio,,2025-10-06 16:02:07,cortesia
7708,783,2,para_llevar,,2025-12-06 19:36:46,pagada
7709,984,3,domicilio,,2026-03-03 14:57:05,pagada
7710,128,3,para_llevar,,2026-03-01 12:07:20,pagada
7711,1379,1,para_llevar,,2025-11-17 02:26:44,pagada
7712,1343,1,domicilio,,2025-05-02 18:19:04,pagada
7713,1353,4,para_llevar,,2025-12-08 23:58:08,pagada
7714,451,4,domicilio,,2026-01-19 15:35:51,pagada
7715,137,2,en_mesa,6.0,2025-06-21 14:53:17,anulada
7716,375,3,domicilio,,2026-03-19 15:46:35,pagada
7717,742,2,domicilio,,2026-03-26 07:03:55,pagada
7718,1159,2,para_llevar,,2025-10-24 04:31:27,cortesia
7719,361,2,en_mesa,2.0,2025-07-27 18:06:51,pagada
7720,1219,5,para_llevar,,2025-11-07 11:46:15,pagada
7721,263,3,en_mesa,13.0,2026-01-04 11:07:53,pagada
7722,453,4,domicilio,,2025-10-07 20:33:36,pagada
7723,330,5,en_mesa,5.0,2025-07-11 15:31:32,anulada
7724,538,1,domicilio,,2025-05-17 04:42:45,pagada
7725,1397,4,en_mesa,8.0,2025-04-01 15:44:33,pagada
7726,1127,3,en_mesa,14.0,2026-02-18 01:08:02,cortesia
7727,85,2,para_llevar,,2026-03-21 01:22:25,pagada
7728,968,4,para_llevar,,2025-09-28 19:52:54,anulada
7729,70,2,en_mesa,3.0,2025-12-13 05:32:34,pagada
7730,539,3,en_mesa,11.0,2025-06-15 08:00:51,anulada
7731,155,4,domicilio,,2026-03-07 16:51:51,anulada
7732,26,4,domicilio,,2025-11-03 13:56:43,anulada
7733,863,4,domicilio,,2025-09-17 14:40:22,pagada
7734,1412,3,en_mesa,4.0,2025-07-26 02:45:07,pagada
7735,401,2,en_mesa,5.0,2025-07-31 14:13:07,pagada
7736,660,2,para_llevar,,2025-05-18 08:54:54,anulada
7737,1054,5,para_llevar,,2025-05-23 14:30:21,pagada
7738,874,4,para_llevar,,2025-07-23 12:06:22,pagada
7739,537,5,domicilio,,2025-04-11 19:27:23,pagada
7740,623,5,domicilio,,2026-01-17 02:17:31,pagada
7741,544,4,domicilio,,2025-07-14 01:50:12,anulada
7742,1252,4,en_mesa,8.0,2026-01-03 03:46:44,pagada
7743,151,2,domicilio,,2026-03-20 03:09:38,pagada
7744,318,1,para_llevar,,2026-01-29 08:00:50,pagada
7745,218,1,para_llevar,,2025-12-04 18:42:06,pagada
7746,303,5,para_llevar,,2025-10-23 16:08:25,pagada
7747,1406,1,para_llevar,,2025-06-11 14:01:13,pagada
7748,665,2,domicilio,,2025-10-18 11:10:15,anulada
7749,1123,2,para_llevar,,2025-10-13 01:14:49,pagada
7750,1248,1,para_llevar,,2025-10-26 05:51:19,pagada
7751,255,5,domicilio,,2025-11-06 21:32:20,cortesia
7752,479,1,en_mesa,13.0,2026-02-19 06:40:32,pagada
7753,749,3,para_llevar,,2025-12-31 15:01:10,pagada
7754,647,5,en_mesa,15.0,2025-07-04 19:31:04,pagada
7755,1080,2,en_mesa,7.0,2025-12-15 12:06:27,cortesia
7756,184,5,para_llevar,,2025-09-09 02:25:21,anulada
7757,622,1,para_llevar,,2026-03-12 00:46:35,pagada
7758,1357,1,para_llevar,,2025-12-25 06:26:37,pagada
7759,1277,3,en_mesa,2.0,2025-07-18 21:59:29,pagada
7760,1258,2,en_mesa,11.0,2025-07-27 14:19:46,anulada
7761,776,2,para_llevar,,2025-06-29 22:21:25,anulada
7762,583,1,para_llevar,,2026-01-27 07:04:11,cortesia
7763,836,2,domicilio,,2025-04-06 16:10:22,pagada
7764,286,5,para_llevar,,2025-12-01 20:49:57,cortesia
7765,913,3,en_mesa,11.0,2025-12-23 15:39:56,pagada
7766,1305,2,para_llevar,,2025-07-28 01:29:30,pagada
7767,1171,2,domicilio,,2025-12-24 20:48:39,cortesia
7768,28,2,para_llevar,,2025-04-17 10:29:24,pagada
7769,829,5,en_mesa,8.0,2026-03-15 01:07:46,pagada
7770,1236,5,para_llevar,,2025-05-30 19:01:36,pagada
7771,81,2,para_llevar,,2026-02-01 11:18:28,pagada
7772,764,4,domicilio,,2025-05-27 16:09:37,anulada
7773,519,3,para_llevar,,2025-06-30 00:57:38,pagada
7774,1099,4,para_llevar,,2025-11-26 03:49:21,cortesia
7775,1419,4,para_llevar,,2025-12-11 10:55:14,pagada
7776,397,3,para_llevar,,2025-11-01 09:52:06,pagada
7777,1487,1,en_mesa,6.0,2025-05-04 08:56:37,anulada
7778,673,5,para_llevar,,2026-03-23 05:48:42,pagada
7779,156,3,en_mesa,8.0,2025-12-20 16:30:04,pagada
7780,535,5,en_mesa,2.0,2025-12-01 08:28:43,pagada
7781,83,1,domicilio,,2025-04-04 19:12:09,pagada
7782,1378,3,para_llevar,,2025-06-30 11:38:14,pagada
7783,19,1,en_mesa,14.0,2025-08-26 22:24:18,pagada
7784,655,2,para_llevar,,2025-09-16 01:53:53,pagada
7785,881,2,para_llevar,,2025-06-30 23:39:09,pagada
7786,1035,3,en_mesa,8.0,2025-10-12 22:43:45,pagada
7787,151,1,en_mesa,14.0,2025-10-28 07:11:47,cortesia
7788,295,2,en_mesa,13.0,2025-07-07 14:17:54,cortesia
7789,908,3,en_mesa,13.0,2025-11-20 11:37:23,pagada
7790,1388,3,para_llevar,,2025-06-02 00:57:57,pagada
7791,144,4,en_mesa,2.0,2026-02-06 22:14:38,anulada
7792,1129,4,para_llevar,,2025-10-01 16:34:40,cortesia
7793,647,1,domicilio,,2025-11-03 19:52:44,cortesia
7794,1122,1,en_mesa,4.0,2026-03-05 05:00:39,pagada
7795,6,3,domicilio,,2026-03-28 07:41:59,pagada
7796,408,3,para_llevar,,2025-12-14 06:13:48,pagada
7797,283,2,para_llevar,,2026-03-14 09:47:06,pagada
7798,1483,4,en_mesa,13.0,2025-06-08 17:37:00,pagada
7799,1132,5,domicilio,,2025-07-16 19:23:10,pagada
7800,1307,5,para_llevar,,2026-03-21 01:48:08,pagada
7801,584,5,en_mesa,4.0,2025-09-18 22:56:40,anulada
7802,1315,2,domicilio,,2026-02-26 05:42:04,pagada
7803,1417,4,en_mesa,14.0,2025-08-25 05:32:04,pagada
7804,418,4,para_llevar,,2026-02-03 14:08:43,pagada
7805,843,3,en_mesa,6.0,2025-08-31 07:54:34,pagada
7806,122,2,en_mesa,13.0,2025-11-12 17:40:10,pagada
7807,1126,5,en_mesa,1.0,2026-03-07 19:09:15,pagada
7808,758,2,en_mesa,13.0,2025-07-25 15:58:06,cortesia
7809,486,2,para_llevar,,2025-06-06 03:01:01,cortesia
7810,87,2,en_mesa,9.0,2025-12-03 04:21:33,anulada
7811,756,1,para_llevar,,2025-12-27 13:46:38,cortesia
7812,225,3,en_mesa,14.0,2025-12-26 10:30:16,cortesia
7813,888,5,para_llevar,,2025-09-16 13:07:21,pagada
7814,1273,2,para_llevar,,2025-12-03 22:27:46,anulada
7815,371,2,en_mesa,5.0,2026-02-24 22:07:07,cortesia
7816,274,4,en_mesa,6.0,2025-06-24 19:28:56,cortesia
7817,36,3,en_mesa,4.0,2025-09-09 23:52:16,cortesia
7818,529,2,para_llevar,,2025-12-06 09:05:53,pagada
7819,118,4,domicilio,,2025-07-23 05:05:52,pagada
7820,399,3,para_llevar,,2025-12-17 17:22:22,cortesia
7821,804,1,en_mesa,8.0,2025-10-30 19:24:26,pagada
7822,334,3,domicilio,,2025-09-15 06:59:48,cortesia
7823,1324,2,para_llevar,,2026-03-23 11:23:50,pagada
7824,440,2,en_mesa,4.0,2025-09-20 22:31:52,pagada
7825,1155,2,domicilio,,2025-11-26 10:18:04,pagada
7826,980,4,en_mesa,14.0,2025-08-23 21:11:19,cortesia
7827,1407,2,para_llevar,,2025-12-07 18:50:12,pagada
7828,1061,4,para_llevar,,2025-06-26 16:19:16,pagada
7829,1418,3,en_mesa,13.0,2026-03-13 06:30:58,pagada
7830,1027,1,domicilio,,2025-12-22 04:31:25,pagada
7831,1275,4,para_llevar,,2025-06-13 17:28:11,pagada
7832,851,4,en_mesa,9.0,2025-04-02 23:34:56,pagada
7833,640,1,en_mesa,6.0,2025-10-07 01:10:26,pagada
7834,656,2,domicilio,,2025-12-27 20:50:40,anulada
7835,232,5,para_llevar,,2025-09-08 19:04:23,anulada
7836,175,5,en_mesa,14.0,2025-09-27 13:22:07,anulada
7837,1358,5,domicilio,,2026-03-29 10:00:13,pagada
7838,87,2,domicilio,,2025-12-07 15:02:29,cortesia
7839,971,1,para_llevar,,2025-07-17 17:45:29,cortesia
7840,284,3,para_llevar,,2026-02-16 01:41:59,pagada
7841,178,5,en_mesa,4.0,2025-10-14 18:15:22,anulada
7842,960,2,para_llevar,,2025-06-27 02:11:47,pagada
7843,527,1,en_mesa,1.0,2026-02-20 11:29:55,pagada
7844,845,3,en_mesa,13.0,2025-09-01 10:47:57,cortesia
7845,505,5,en_mesa,12.0,2025-05-11 01:57:14,pagada
7846,968,2,para_llevar,,2025-10-25 17:10:25,pagada
7847,471,4,en_mesa,3.0,2026-03-02 05:02:49,pagada
7848,181,1,domicilio,,2026-03-30 02:07:24,pagada
7849,9,5,en_mesa,14.0,2025-07-17 23:09:58,anulada
7850,310,3,en_mesa,9.0,2025-12-05 14:18:53,pagada
7851,488,3,en_mesa,8.0,2025-06-22 18:41:38,pagada
7852,134,5,domicilio,,2025-03-31 13:43:05,pagada
7853,793,4,para_llevar,,2026-03-01 20:05:51,pagada
7854,467,2,en_mesa,14.0,2026-02-24 21:21:08,cortesia
7855,1361,3,domicilio,,2025-04-21 12:21:16,pagada
7856,83,5,domicilio,,2025-08-07 13:02:28,pagada
7857,1177,3,en_mesa,7.0,2026-02-23 14:01:06,pagada
7858,1105,3,para_llevar,,2026-03-09 03:25:12,cortesia
7859,209,2,para_llevar,,2025-10-21 00:35:34,anulada
7860,444,5,para_llevar,,2025-05-01 09:49:05,anulada
7861,1449,3,para_llevar,,2025-05-27 23:23:56,anulada
7862,523,5,para_llevar,,2026-01-28 04:02:14,pagada
7863,743,4,en_mesa,12.0,2026-01-16 10:50:42,pagada
7864,11,1,en_mesa,5.0,2025-10-04 05:21:49,pagada
7865,372,2,en_mesa,14.0,2025-04-13 16:45:31,anulada
7866,618,5,para_llevar,,2025-07-02 12:14:00,pagada
7867,1375,4,domicilio,,2025-09-10 07:06:48,pagada
7868,496,4,domicilio,,2025-06-08 05:48:40,pagada
7869,747,3,en_mesa,2.0,2025-11-23 04:36:29,pagada
7870,473,3,domicilio,,2025-10-12 13:10:39,pagada
7871,975,2,domicilio,,2025-10-27 18:24:48,pagada
7872,17,4,en_mesa,13.0,2025-05-09 16:43:39,cortesia
7873,1373,2,domicilio,,2025-04-02 04:04:02,pagada
7874,1101,4,en_mesa,5.0,2026-03-20 13:04:41,pagada
7875,1304,2,para_llevar,,2025-03-31 10:27:47,anulada
7876,371,1,domicilio,,2025-11-18 18:43:35,pagada
7877,65,3,domicilio,,2025-06-12 20:03:06,anulada
7878,1403,4,para_llevar,,2025-09-26 04:56:01,anulada
7879,303,3,domicilio,,2025-11-18 08:04:40,pagada
7880,969,3,domicilio,,2025-10-21 00:47:33,pagada
7881,172,5,domicilio,,2025-04-20 19:37:49,pagada
7882,317,5,en_mesa,13.0,2025-07-19 16:49:01,pagada
7883,1444,1,en_mesa,6.0,2025-04-27 02:02:45,pagada
7884,1380,2,domicilio,,2025-12-18 14:18:45,pagada
7885,713,3,domicilio,,2025-07-31 02:06:33,cortesia
7886,847,4,en_mesa,4.0,2025-09-30 04:58:19,pagada
7887,371,5,en_mesa,10.0,2025-09-18 08:18:02,pagada
7888,1405,4,para_llevar,,2025-08-28 11:16:24,cortesia
7889,532,5,domicilio,,2026-02-10 20:15:09,anulada
7890,702,2,domicilio,,2025-12-06 16:49:12,pagada
7891,962,1,en_mesa,15.0,2025-08-19 05:25:44,pagada
7892,890,2,para_llevar,,2026-01-29 09:56:59,anulada
7893,1073,4,domicilio,,2025-10-30 15:34:27,pagada
7894,1015,2,en_mesa,11.0,2025-12-19 09:42:59,pagada
7895,191,5,domicilio,,2026-01-06 09:18:02,cortesia
7896,541,1,para_llevar,,2025-07-29 23:00:16,pagada
7897,514,2,para_llevar,,2025-11-29 06:42:59,pagada
7898,1262,2,domicilio,,2025-05-24 18:35:53,cortesia
7899,1168,2,para_llevar,,2025-07-01 13:10:10,anulada
7900,1093,3,en_mesa,5.0,2025-04-14 10:01:22,pagada
7901,225,3,para_llevar,,2025-07-28 14:13:42,anulada
7902,905,3,para_llevar,,2025-09-27 08:05:28,pagada
7903,110,1,para_llevar,,2025-07-21 10:28:57,anulada
7904,362,3,para_llevar,,2025-11-14 06:37:44,pagada
7905,581,1,para_llevar,,2025-12-09 00:35:17,pagada
7906,933,3,domicilio,,2025-08-19 02:43:47,pagada
7907,118,4,domicilio,,2025-10-30 01:18:24,pagada
7908,446,4,en_mesa,11.0,2025-08-12 20:14:30,pagada
7909,626,4,en_mesa,4.0,2026-03-12 03:15:10,pagada
7910,648,2,en_mesa,15.0,2025-05-08 11:09:10,pagada
7911,371,4,domicilio,,2026-02-09 12:45:14,pagada
7912,201,5,para_llevar,,2025-07-04 09:32:42,cortesia
7913,1132,5,domicilio,,2025-09-23 04:05:49,cortesia
7914,771,1,en_mesa,1.0,2026-01-23 23:24:34,cortesia
7915,254,2,domicilio,,2025-04-15 20:20:24,cortesia
7916,1209,1,en_mesa,12.0,2025-10-28 19:10:54,pagada
7917,1050,3,para_llevar,,2025-06-19 11:32:23,anulada
7918,1220,1,para_llevar,,2025-09-28 23:18:23,anulada
7919,1274,3,en_mesa,2.0,2025-05-02 20:15:21,pagada
7920,891,1,en_mesa,12.0,2026-01-14 15:49:56,pagada
7921,1082,5,en_mesa,7.0,2025-10-03 13:26:47,pagada
7922,635,4,domicilio,,2025-10-16 00:04:11,pagada
7923,841,3,en_mesa,11.0,2026-01-07 03:42:41,pagada
7924,283,3,para_llevar,,2025-12-14 23:26:14,pagada
7925,37,2,domicilio,,2025-05-08 20:09:10,pagada
7926,289,5,domicilio,,2026-03-09 16:17:03,anulada
7927,931,2,domicilio,,2025-12-03 23:55:24,pagada
7928,840,4,en_mesa,10.0,2025-04-25 22:27:17,pagada
7929,750,5,domicilio,,2025-09-17 17:10:57,cortesia
7930,1280,4,domicilio,,2025-05-12 11:07:42,pagada
7931,157,1,para_llevar,,2025-10-06 13:12:15,cortesia
7932,1467,3,en_mesa,7.0,2025-08-03 08:11:37,cortesia
7933,1260,3,domicilio,,2026-02-19 09:03:41,cortesia
7934,143,5,domicilio,,2025-04-08 14:16:04,pagada
7935,3,4,para_llevar,,2025-04-03 00:36:24,pagada
7936,1316,4,en_mesa,6.0,2025-05-08 02:51:28,pagada
7937,410,5,en_mesa,11.0,2025-12-07 18:44:04,pagada
7938,860,2,domicilio,,2025-12-28 10:02:59,pagada
7939,1197,4,para_llevar,,2025-07-07 15:53:19,pagada
7940,381,1,domicilio,,2026-03-24 13:51:20,pagada
7941,695,5,para_llevar,,2025-08-17 12:53:48,pagada
7942,717,4,para_llevar,,2025-04-19 04:20:06,pagada
7943,1335,5,para_llevar,,2025-07-22 16:24:41,pagada
7944,1097,4,domicilio,,2025-06-19 19:18:48,pagada
7945,634,2,en_mesa,12.0,2026-02-27 12:43:33,pagada
7946,534,4,en_mesa,12.0,2025-06-09 13:03:18,pagada
7947,1310,2,para_llevar,,2025-12-01 07:30:50,pagada
7948,555,5,domicilio,,2025-06-19 16:54:49,pagada
7949,1063,3,para_llevar,,2026-03-30 11:06:23,pagada
7950,809,3,para_llevar,,2025-10-05 01:25:22,cortesia
7951,1023,4,en_mesa,15.0,2025-06-19 00:35:36,anulada
7952,396,2,para_llevar,,2025-09-30 18:56:37,anulada
7953,931,1,para_llevar,,2025-12-15 01:21:20,pagada
7954,261,5,en_mesa,5.0,2026-01-15 02:54:53,cortesia
7955,907,4,en_mesa,6.0,2026-03-04 02:28:24,cortesia
7956,603,4,domicilio,,2026-02-16 04:36:15,pagada
7957,193,5,para_llevar,,2025-11-23 07:17:54,pagada
7958,838,1,domicilio,,2025-11-06 10:15:50,pagada
7959,781,1,en_mesa,2.0,2026-02-02 11:25:10,pagada
7960,544,3,para_llevar,,2026-01-12 18:40:53,anulada
7961,571,1,en_mesa,13.0,2025-04-06 23:53:15,cortesia
7962,299,5,en_mesa,4.0,2026-03-22 06:31:23,pagada
7963,379,4,domicilio,,2025-07-21 07:07:00,pagada
7964,1293,5,domicilio,,2025-05-04 04:19:03,anulada
7965,1166,1,domicilio,,2025-04-10 04:15:30,pagada
7966,1277,4,para_llevar,,2025-08-30 10:58:56,pagada
7967,1449,5,para_llevar,,2025-06-22 14:52:12,pagada
7968,1348,2,para_llevar,,2025-09-21 10:39:21,pagada
7969,678,1,domicilio,,2026-03-30 07:34:01,pagada
7970,278,2,en_mesa,5.0,2025-06-14 00:36:39,pagada
7971,915,3,para_llevar,,2025-09-23 19:40:16,anulada
7972,94,2,en_mesa,5.0,2025-07-14 07:41:13,pagada
7973,1276,4,domicilio,,2026-03-25 21:11:00,pagada
7974,936,1,domicilio,,2026-03-30 17:20:22,pagada
7975,274,1,en_mesa,2.0,2025-06-19 15:37:28,pagada
7976,541,1,para_llevar,,2025-05-01 09:56:12,cortesia
7977,697,2,domicilio,,2026-03-09 18:43:35,anulada
7978,1284,5,para_llevar,,2025-10-04 22:29:46,cortesia
7979,464,1,para_llevar,,2025-10-13 16:25:34,pagada
7980,1092,1,en_mesa,11.0,2025-08-14 04:15:21,anulada
7981,445,2,para_llevar,,2025-07-15 15:05:16,pagada
7982,24,4,para_llevar,,2026-02-02 11:26:40,pagada
7983,1137,4,en_mesa,1.0,2026-01-04 09:35:23,pagada
7984,1386,5,en_mesa,13.0,2025-07-28 07:45:45,pagada
7985,640,1,para_llevar,,2025-09-05 09:33:08,pagada
7986,801,1,domicilio,,2025-10-23 18:12:29,pagada
7987,53,1,para_llevar,,2025-07-11 11:41:59,pagada
7988,1129,5,domicilio,,2025-08-06 04:41:42,anulada
7989,225,2,para_llevar,,2025-10-23 12:37:29,pagada
7990,535,5,en_mesa,6.0,2026-01-01 17:55:40,cortesia
7991,508,3,para_llevar,,2025-04-06 08:58:56,pagada
7992,408,4,en_mesa,7.0,2025-10-10 05:04:01,pagada
7993,1096,2,domicilio,,2025-12-19 19:58:50,pagada
7994,349,3,en_mesa,2.0,2025-12-15 12:30:43,pagada
7995,428,5,en_mesa,2.0,2025-04-15 00:35:33,pagada
7996,357,5,para_llevar,,2025-11-19 12:57:53,pagada
7997,374,4,para_llevar,,2025-12-11 20:04:10,anulada
7998,1003,5,en_mesa,5.0,2025-11-05 08:42:12,pagada
7999,21,1,en_mesa,2.0,2025-04-05 21:29:33,cortesia
8000,70,4,en_mesa,8.0,2025-08-14 05:56:14,anulada
